country,area_name,aoi_category,longitude,latitude,year,biomass_mg_ha,s2_B1,s2_B2,s2_B3,s2_B4,s2_B5,s2_B6,s2_B7,s2_B8,s2_B8A,s2_B9,s2_B11,s2_B12,s2_AOT,s2_WVP,s2_SCL,s2_TCI_R,s2_TCI_G,s2_TCI_B,s2_NDVI,s2_EVI,s2_NDWI
Brazil,Amazonas,Stable_Forest,-63.14720764,-5.920930785,2019,86.36417389,249,271,467,273,776,2367,2943,2986,3291,3189,1520,618,186,3931,4,28,48,28,0.83246392,2.616200579,-0.729510546
Brazil,Amazonas,Stable_Forest,-58.9322225,-7.167343242,2019,245.000427,175.5,231,437.5,236.5,717,2297,2883.5,2849,3222,2978,1496.5,630.5,65.5,3788.5,4,25,45,24.5,0.846702337,2.574906367,-0.733759344
Brazil,Amazonas,Stable_Forest,-63.29776529,-7.403959487,2019,32.49225998,276,277.5,493,251,822.5,2501,3174,3382,3522,3253,1573,621,78,4036,4,26,50.5,29,0.861822188,2.787819428,-0.745548368
Brazil,Amazonas,Stable_Forest,-62.33692726,-6.709471941,2019,86.299294,217.5,180,354.5,146.5,704.5,2447.5,3014.5,2703,3334.5,3425.5,1517.5,584.5,114,3706.5,4,16,36,18.5,0.897174954,2.862180923,-0.768111229
Brazil,Amazonas,Stable_Forest,-59.59940126,-11.55399644,2019,210.376999,157,183.5,279,170.5,516,1725,2273,2120,2509,2734.5,1098,436,63,2341,4,18,29,19,0.851124227,2.75703578,-0.767403066
Brazil,Amazonas,Stable_Forest,-60.70343075,-11.70123031,2019,206.154358,193,196,376,193,629,2141,2746,2906,3067,3066,1350,559,69,2802,4,19,39,21,0.875443697,2.613680154,-0.770871401
Brazil,Amazonas,Stable_Forest,-56.90849783,-3.503384692,2019,28.48919868,281,260.5,506.5,246,802.5,2638.5,3416.5,3670,3701,3572.5,1719.5,713.5,72,3902,4,26,52,27.5,0.874361575,2.680654506,-0.757452428
Brazil,Amazonas,Stable_Forest,-57.51378267,-4.818428437,2019,219.726456,229.5,233.5,420,196.5,750.5,2397.5,2909,2727,3226,3184,1458.5,549.5,79.5,3876.5,4,22,43.5,26,0.865572095,2.934593529,-0.733079135
Brazil,Amazonas,Stable_Forest,-60.2924515,-4.229942094,2019,1.80598104,326,327.5,476,297,795,1948.5,2430.5,2636,2652,2112,1338.5,570,162,4079,4,30.5,48.5,33.5,0.797477007,2.979238314,-0.694087386
Brazil,Amazonas,Stable_Forest,-56.72640932,-9.980956543,2019,35.69413376,277,206,384,252,780,2223.5,2776.5,2736,3106.5,2984.5,1888.5,940.5,63,2751.5,4,26,39.5,21.5,0.831325293,2.296597633,-0.753846169
Brazil,Amazonas,Stable_Forest,-55.53596191,-10.46227387,2019,1.061925054,502,615,964,1250,1908,2532,2841,3042,3323,3343,3360,2021,75,2209,4,125,98,62,0.41752097,0.755416913,-0.518721938
Brazil,Amazonas,Stable_Forest,-57.74015812,-7.258881569,2019,442.131165,322,328,482,252,732,2032,2616,2286,2937,3071,1411,577,104,2938,4,27,48,34,0.801418424,3.797610157,-0.651734114
Brazil,Amazonas,Stable_Forest,-55.64519704,-7.478429825,2019,115.7521057,332,398,604,308,897,2818,3521,3668,3819,3518,1800,757,69,3277,4,33,62,41,0.845070422,3.317535545,-0.717228472
Brazil,Amazonas,Stable_Forest,-57.88308008,-4.358491011,2019,439.106537,261.5,220.5,353.5,195,704,2249.5,2982,2844.5,3226.5,3084,1371,513,77,3993,4,20.5,36.5,23,0.871689439,2.804594051,-0.778924346
Brazil,Amazonas,Stable_Forest,-57.64278074,-11.46901581,2019,0.870712996,408,614,923,1306,1743,2262,2596,2809,2951.5,2775,3761.5,2433,66,2566,5,133,94,63,0.365249097,0.621999669,-0.505359054
Brazil,Amazonas,Stable_Forest,-63.25805975,-8.530267191,2019,257.799011,245,254,380,209,666,2273,2960,3041,3308,3157,1467,567,71,3684,4,22,38,25,0.871384621,2.961104141,-0.77784276
Brazil,Amazonas,Stable_Forest,-63.26991751,-11.17526671,2019,129.901031,203,208,394,214,714,2363,3021,3317,3344,3246,1387,544,64,2915,4,22,40,23,0.878787875,2.550131492,-0.787658334
Brazil,Amazonas,Stable_Forest,-60.96178622,-7.807931871,2019,185.163971,251.5,215,339,207.5,633.5,2041.5,2628,2442.5,2958,3064.5,1513,633.5,62,3338.5,4,21,34,21.5,0.843396246,2.691473988,-0.756246626
Brazil,Amazonas,Stable_Forest,-56.69604626,-10.53692387,2019,31.55476761,218.5,225,399,221.5,753,2344,2860.5,2793,3140,3135,1126,423,66.5,2608.5,4,23,41,23,0.853043616,2.639601724,-0.75
Brazil,Amazonas,Stable_Forest,-62.28123171,-8.628003894,2019,251.140839,214,235,311,212,651,1918,2468,2277,2937,2952,1459,609,71,3180,4,22,33,24,0.829650462,2.888111888,-0.759659946
Brazil,Amazonas,Stable_Forest,-64.73821384,-3.827317184,2019,234.692688,325,311,500.5,298,815,2139.5,2605.5,2790,2906,3064,1597.5,697,129,3913.5,4,31,51,32,0.806994796,2.77320276,-0.695790887
Brazil,Amazonas,Stable_Forest,-62.46888977,-8.626207263,2019,189.976028,221,262,405,235,705,2184,2742,2777,3187,2968,1475,610,65,3481,4,24,42,25,0.843957484,2.858749438,-0.745443106
Brazil,Amazonas,Stable_Forest,-60.167945,-11.92724644,2019,43.500912,151,199,382,202,631,2030,2562,2640,2843,2821,1334,546,62,2411,4,21,39,21,0.857846558,2.582080068,-0.747187316
Brazil,Amazonas,Stable_Forest,-58.54406047,-6.588199378,2019,146.663132,188,228,401.5,225.5,690.5,2088.5,2668,2745,2959,2940.5,1436,569.5,61,3775.5,4,23.5,41.5,23.5,0.848173738,2.636563416,-0.744795799
Brazil,Amazonas,Stable_Forest,-56.35684241,-11.94548224,2019,131.279755,207,242,374,239,638,2045,2484,2486,2693,2849,1360,570,63,2058,4,25,38,24,0.824587166,2.667378917,-0.738461554
Brazil,Amazonas,Stable_Forest,-55.29260829,-4.900085296,2019,302.286346,232,272,402,254,608,2184,2755,3100,3109,3120,1496,651,76,3627,4,26,41,28,0.848539054,2.752417795,-0.770416915
Brazil,Amazonas,Stable_Forest,-58.08205691,-10.50179974,2019,0.013645,443,510,720.5,882.5,1281,1795,2134.5,2225,2541.5,2673.5,3333,1956.5,69,2530.5,4,91,74,52.5,0.432019293,0.908076299,-0.510779142
Brazil,Amazonas,Stable_Forest,-57.3779574,-8.090092701,2019,54.46100235,178,196,436,209,788,2556,3221,3222,3534,3511,1563,623,76,3062,4,22,44,22,0.878169656,2.50498836,-0.761618376
Brazil,Amazonas,Stable_Forest,-63.28608719,-6.164014901,2019,187.939072,251,295,476,273,758,2237,2821,2942,3137,3007,1443,571,204,4004,4,28,49,30,0.830171049,2.817183872,-0.721474528
Brazil,Amazonas,Stable_Forest,-56.34408633,-11.45509192,2019,197.978134,174.5,214.5,371.5,213,708.5,2497,3142,3003,3390.5,3199.5,1342,530.5,63,2311.5,4,22,38.5,22.5,0.86753732,2.609183578,-0.77981925
Brazil,Amazonas,Stable_Forest,-61.37555024,-11.40101334,2019,20.06334686,399.5,384.5,722,535.5,1465.5,2557,2920.5,2750,3343.5,3375,2443.5,1347.5,75,2709,4,55,75,38,0.674022198,1.797337878,-0.584101379
Brazil,Amazonas,Stable_Forest,-55.30455589,-9.244966831,2019,56.77298737,221,270,412,297,749,2062,2522,2293,2856,2881,1516,662,62,2431,4,31,42,26,0.770656347,2.432959532,-0.6953789
Brazil,Amazonas,Stable_Forest,-63.6986834,-7.910519476,2019,154.000397,259,248,416,234,719,2079,2654,2752,3026,3052,1439,570,78,3527,4,24,43,26,0.843268573,2.740531128,-0.73737371
Brazil,Amazonas,Stable_Forest,-64.2958834,-8.592969598,2019,110.756508,208,212,338.5,203,677.5,2001,2566.5,2543,2894.5,2822.5,1240,482.5,65,3487,4,20.5,36,21,0.852148592,2.693370166,-0.765052915
Brazil,Amazonas,Stable_Forest,-59.97444789,-5.330917306,2019,89.893097,277,249,359,199,616,2069,2793,2429,3015,3206,1330,496,72,4055,4,21,37,28,0.848554015,3.17392542,-0.742467701
Brazil,Amazonas,Stable_Forest,-55.9077746,-6.067266345,2019,264.244476,182,214,408,203,643,2112,2713,2876,3028,2795,1356,523,69,3281,4,21,42,22,0.868139029,2.68373494,-0.751522541
Brazil,Amazonas,Stable_Forest,-62.47787293,-10.54563753,2019,53.7436142,287,288.5,612,377,1113.5,2441,2944.5,3342,3330.5,3057.5,2225.5,1167,73,3183.5,4,38.5,62,29.5,0.797257304,2.154013803,-0.690440059
Brazil,Amazonas,Stable_Forest,-58.7843598,-7.076433735,2019,312.538269,166.5,221.5,348,217.5,569.5,1867.5,2322,2366,2687,2781,1263.5,498.5,65,3570.5,4,22.5,35.5,23.5,0.831623793,2.67126694,-0.74355197
Brazil,Amazonas,Stable_Forest,-56.07854434,-7.289693783,2019,269.784882,170,230.9166667,421.125,245.5,617.4166667,2010.4,2530,2777,2860,2841.5,1260,511.5,64,2887.25,4,25.5,43,24,0.837551713,2.51228105,-0.73664254
Brazil,Amazonas,Stable_Forest,-60.50894549,-9.354651127,2019,1.171597004,412,561.5,791,1000,1442,1951.5,2202.5,2373.5,2593.5,2635.5,3416.5,2274,75,2939,5,102,82,57.5,0.407143921,0.824776317,-0.500078976
Brazil,Amazonas,Stable_Forest,-60.55565788,-7.94779956,2019,293.648254,202,230.5,389.5,219,646.5,2052.5,2624,2552,2947.5,3002.5,1393.5,560,62,3345,4,22.5,40,24,0.841934323,2.727697884,-0.735169113
Brazil,Amazonas,Stable_Forest,-57.38559308,-8.498107504,2019,168.472473,170,168,313,149,595,2239,2966,2960,3231,3290,1449,577,64,2852,4,16,32,17,0.904149234,2.708092486,-0.808738172
Brazil,Amazonas,Stable_Forest,-58.30465944,-8.689628322,2019,280.678436,208.5,235.5,424,190.5,708,2722,3649,3522,3977.5,3953.5,1536.5,605.5,104,3172,4,20.5,44.5,25.5,0.897373736,2.872230365,-0.785098851
Brazil,Amazonas,Stable_Forest,-63.03464874,-4.867206957,2019,104.591759,255.5,274,462.5,237.5,792,2493,3223.5,3367.5,3593.5,3396,1600,608.5,150,3997,4,25,47.5,28.5,0.868238568,2.857403688,-0.758485615
Brazil,Amazonas,Stable_Forest,-64.2676763,-8.058382172,2019,68.040428,251,247.5,403.5,222.5,665.5,2173,2739,2905.5,3176,3015.5,1366.5,547,148,3433.5,4,23.5,41.5,25.5,0.857736588,2.812074206,-0.756119668
Brazil,Amazonas,Stable_Forest,-62.55908063,-10.43065317,2019,1.38052702,379,497,735.5,775,1525,2365,2740.5,2401.5,3121,2953,2930.5,1695,73,3072,4,78.5,75.5,52.5,0.512041569,1.222932331,-0.531080663
Brazil,Amazonas,Stable_Forest,-56.55959217,-11.15047321,2019,2.014405012,517,585,795.5,1181,1488.5,1929.5,2194,2259,2467.5,2409,3921,2791.5,63,2044,5,120.5,81.5,59,0.313372105,0.543511142,-0.479129165
Brazil,Amazonas,Stable_Forest,-57.97425908,-11.02345143,2019,60.37526321,300,327.5,573.5,451.5,1089.5,2043.5,2491,2717.5,2819,2831.5,2450.5,1416.5,69.5,2798,4,46,58.5,35,0.715052068,1.906604964,-0.651473701
Brazil,Amazonas,Stable_Forest,-55.19666822,-7.358953892,2019,5.735341072,238,306,660,398,1065,2755,3307,3477,3645,3466,2057,933,69,2933,4,41,70,30,0.794580638,2.155558667,-0.68092823
Brazil,Amazonas,Stable_Forest,-64.00950049,-4.687094742,2019,208.041565,243,255,394,247,613,1905,2364,2512,2720,2964,1382,551,168,3896,4,26,40,25,0.820949614,2.719087635,-0.728836894
Brazil,Amazonas,Stable_Forest,-57.9734506,-5.74782543,2019,86.986732,267.5,268.5,481.5,258.5,784.5,2298.5,2908.5,2919,3194,3494,1508,640,142,3523.5,4,26.5,49.5,27.5,0.837293446,2.706786041,-0.716806352
Brazil,Amazonas,Stable_Forest,-61.74215271,-11.46982429,2019,1.271942019,566,775.5,1162,1572,2076.5,2591,2912,3006,3371,3415,4224,2749,76,2868.5,5,160,118.5,79,0.31323722,0.541315919,-0.442418426
Brazil,Amazonas,Stable_Forest,-59.64323905,-8.131594868,2019,253.638321,220,259.5,415.5,266.5,643.5,1927.5,2462.5,2492,2753,2982.5,1314.5,545,62,3094,4,27,43,26,0.806779027,2.59291623,-0.714187443
Brazil,Amazonas,Stable_Forest,-61.43924079,-11.84118783,2019,7.637105942,462,342,607,521,1293,2372,2795,3018,3272,3177,3138,1745,69,2826,4,53,62,35,0.705566525,1.743715084,-0.665103436
Brazil,Amazonas,Stable_Forest,-62.5570145,-11.06522309,2019,87.042992,247.5,254,442.5,243.5,679.5,2151.5,2681.5,3079,3070.5,2669,1492.5,617,64,3090,4,25.5,45.5,26,0.853423655,2.689207132,-0.748686612
Brazil,Amazonas,Stable_Forest,-64.76947522,-9.266885724,2019,234.484131,213.5,235.5,405,234.5,606.5,1840,2360.5,2494,2712.5,2958,1205.5,470.5,153,3462.5,4,24.5,42,23.5,0.828110695,2.644855437,-0.720593333
Brazil,Amazonas,Stable_Forest,-64.38427762,-9.074646253,2019,173.921509,248,295,442,295,712,1760,2346,2136,2614,2842,1353,582,76,3534,4,31,45,31,0.757301509,2.716140454,-0.657098532
Brazil,Amazonas,Stable_Forest,-58.62697497,-6.823468151,2019,298.567474,135,181.5,306.5,151.5,565.5,1986.5,2616,2508,2915.5,3149,1198.5,474,61,3575.5,4,16,31.5,19,0.886068821,2.864349094,-0.782199323
Brazil,Amazonas,Stable_Forest,-61.36441113,-7.940882533,2019,219.169601,244.5,315.5,467,294.5,731,2069.5,2558,2871.5,2958,2833,1433.5,587,138.5,3284.5,4,30,48,31,0.81396085,2.834048169,-0.720233619
Brazil,Amazonas,Stable_Forest,-58.16613923,-7.410157863,2019,130.333771,326,300,472,274,815,2474,3212,2898,3598,3413,1601,644,94,3291,4,28,48,31,0.827238321,2.860880942,-0.719881296
Brazil,Amazonas,Stable_Forest,-57.68877448,-10.77443843,2019,0.375023991,341,371,631,550,1257,2249,2584,2662,2973,3089,2330,1221,64,2751,4,56,65,38,0.657534242,1.660116334,-0.616762817
Brazil,Amazonas,Stable_Forest,-56.85073616,-7.427944506,2019,215.618683,223,187,313,164,536,1689,2157,2143,2524,3128,1243,499,63,2660,4,18,33,20,0.857824028,2.867284845,-0.745114028
Brazil,Amazonas,Stable_Forest,-55.42079789,-5.778907139,2019,180.110291,213,247,479,206,790,2807,3601,3972,3977,4193,1693,690,68,3375,4,21,49,26,0.901388228,2.805005214,-0.784767449
Brazil,Amazonas,Stable_Forest,-63.94068953,-7.158988909,2019,188.543655,283,273.5,470.5,266.5,739.5,1968.5,2519,2413,2901.5,2873.5,1365.5,556.5,242.5,3838.5,4,26.5,47.5,29.5,0.801082313,2.735440296,-0.673660457
Brazil,Amazonas,Stable_Forest,-60.87357166,-8.14938151,2019,269.8944397,214,211,374,193,655,2145,2752,2788,3176,3185,1399,544,64,3099,4,20,38,23,0.87051326,2.743709029,-0.763440847
Brazil,Amazonas,Stable_Forest,-59.77421342,-10.46317219,2019,230.705811,224,230,414,197,727,2650,3389,3218,3673,3444,1434,600,75,2800,4,21,44,21,0.884626627,2.822309417,-0.77202642
Brazil,Amazonas,Stable_Forest,-55.87094367,-6.438001062,2019,289.801636,333,339,541.5,321,841,2441.5,3183.5,3152,3536.5,3728.5,1493.5,610.5,84.5,3063,4,33,55.5,35,0.815145433,2.790262172,-0.706782162
Brazil,Amazonas,Stable_Forest,-61.59572732,-8.194566769,2019,0.518945992,340,403,585,556,995,1648,1959,2149,2330,2333,2376,1470,112,2970,4,56,60,41,0.588909447,1.616602395,-0.572055578
Brazil,Amazonas,Stable_Forest,-64.80055692,-8.188368394,2019,217.841721,235,243.5,399.5,201.5,623.5,2034,2653.5,2785,3031,3066.5,1372,532,122.5,3823,4,21,41,25,0.865059435,2.978097983,-0.749097168
Brazil,Amazonas,Stable_Forest,-61.25589465,-8.360305939,2019,257.465149,203,238,376,213,628,1997,2598,2514,2912,3056,1336,545,65,3271,4,22,39,25,0.843784392,2.864790837,-0.739792407
Brazil,Amazonas,Stable_Forest,-64.42479164,-8.121354073,2019,61.59259415,247,278,420,246,723,2164,2773,2786,3111,2930,1433,572,147,3484,4,25,43,29,0.837730885,2.915518825,-0.737991273
Brazil,Amazonas,Stable_Forest,-62.11809765,-5.926051182,2019,153.078613,265,300.5,484,283.5,839,2373.5,3067,2862.5,3427,3137,1585.5,649,123,3859,4,29.5,50.5,30,0.819771111,2.790219626,-0.710742593
Brazil,Amazonas,Stable_Forest,-56.14394169,-7.867939332,2019,105.7299347,196,207,365,198,680,1951,2406,2566,2687,3049,1354,567,63,2982,4,21,38,22,0.856729388,2.687854711,-0.750938237
Brazil,Amazonas,Stable_Forest,-60.84823917,-8.203010933,2019,209.218704,208,256,439,230,789,2384,2894,2878,3208,3095,1312,514,65,3283,4,24,45,26,0.851994872,2.830269346,-0.735302985
Brazil,Amazonas,Stable_Forest,-57.82954049,-10.854119,2019,195.773544,168,204,385,187,645,2203,2902,3089,3140,3073,1248,484,64,2758,4,19,39,21,0.885836363,2.705070843,-0.778353512
Brazil,Amazonas,Stable_Forest,-58.62814278,-8.954541499,2019,92.528236,290.5,264,398.5,238.5,737,2275,3051,2768.5,3455.5,3593,1552.5,684.5,107,2968,4,25.5,41,27.5,0.841370165,2.848457555,-0.748342276
Brazil,Amazonas,Stable_Forest,-57.00237177,-7.590270077,2019,241.117111,217,181,332,182,598,2072,2612,2534,3015,2976,1320,523,74,2587,4,19,34,19,0.865979373,2.590879048,-0.768318236
Brazil,Amazonas,Stable_Forest,-59.06921558,-4.532135356,2019,332.643951,205,234,448,241,690,2121,2692,2797,2854,2965,1327,514,156,4033,4,25,47,26,0.841342986,2.567296103,-0.723882914
Brazil,Amazonas,Stable_Forest,-58.33511233,-5.77666135,2019,209.863998,167.5,231,416.5,229,660,1968,2513.5,2950,2739.5,2755.5,1390,565,67,3533.5,4,23.5,42.5,24,0.855929554,2.62391514,-0.752561986
Brazil,Amazonas,Stable_Forest,-64.4782414,-3.790935415,2019,106.322983,395.5,370.5,549,347,938,2598.5,3169,3097.5,3477,3463,1815,750.5,135,3982,4,36,56.5,38.5,0.798519373,2.86301655,-0.698889375
Brazil,Amazonas,Stable_Forest,-60.54739338,-5.989741736,2019,450.853882,244,240,393,233.5,725,2162.5,2808,2705,3142,3148,1594.5,669.5,71,4023.5,4,24,40,25,0.841075361,2.678261812,-0.746287942
Brazil,Amazonas,Stable_Forest,-56.4140651,-11.86912544,2019,0.005485,222,264,436,280,760,2132,2707,2701,2962,3169,1587,661,63,2064,4,28,44,27,0.812143564,2.519775187,-0.722027421
Brazil,Amazonas,Stable_Forest,-59.57649422,-6.911053891,2019,385.840271,211,234.5,469,230.5,783,2439.5,3066.5,3500.5,3389.5,2896,1521.5,630.5,65,3935,4,25,48,23.5,0.876440644,2.615372311,-0.76369822
Brazil,Amazonas,Stable_Forest,-57.05869614,-8.193848117,2019,0.589685023,188,192.5,307.5,184,579.5,2207.5,2947.5,2881.5,3212.5,3143,1510,620,68,2553.5,4,19.5,31.5,20.5,0.879954338,2.652148265,-0.807149589
Brazil,Amazonas,Stable_Forest,-58.31229512,-10.79303356,2019,15.13377857,191,213,404.5,231.5,756,2249,2766,2877,3057.5,3037.5,1572,669,70,2739.5,4,23.5,42.5,23,0.851053536,2.477523881,-0.753466427
Brazil,Amazonas,Stable_Forest,-59.36053923,-5.179191855,2019,211.506653,258.5,261.5,447,238,753,2177,2772,2831.5,3136,3106.5,1480.5,594.5,114,3933,4,25,45.5,27,0.84492588,2.819941285,-0.727314293
Brazil,Amazonas,Stable_Forest,-56.52644434,-10.92301978,2019,106.726379,254,238,458,243,848,2523,3260,3272,3611,3640,1506,630,68,2445,4,25,48,25,0.861735404,2.570434487,-0.754423618
Brazil,Amazonas,Stable_Forest,-60.72121739,-9.026586385,2019,198.385559,239,250,390,246,655,1990,2684,2943,3046,2939,1539,605,65,3164,4,25,39,26,0.845719635,2.649312377,-0.765976608
Brazil,Amazonas,Stable_Forest,-57.77294663,-5.559538546,2019,293.7364502,345,340,547,383,813,2578,3215,3417,3505,3393,1596,675,99,3489,4,39,56,34,0.798421025,2.39576753,-0.72401613
Brazil,Amazonas,Stable_Forest,-55.50865312,-6.858143121,2019,230.8128204,180,214,362,234,685,2174,2768,2680,3072,3126,1525,685,70,3069,4,24,37,22,0.839396,2.465725806,-0.761998713
Brazil,Amazonas,Stable_Forest,-57.57675457,-8.093236805,2019,130.021729,250,225,425,199,715,2376,3096,3519,3451,3449,1434,552,70,3153,4,21,44,24,0.892953217,2.742441764,-0.784482777
Brazil,Amazonas,Stable_Forest,-60.06939982,-9.08973795,2019,101.7443695,172,191,330,181,586,1955,2572,2577,2896,2726,1307,529,65,3167,4,19,34,20,0.868745446,2.684293076,-0.772961795
Brazil,Amazonas,Stable_Forest,-59.12958237,-6.903597874,2019,162.996033,252.5,263.5,439,277.5,765.5,2255,2845,2910.5,3195,2963.5,1445,576.5,65,3762.5,4,28.5,45,27,0.825909674,2.531487357,-0.737871349
Brazil,Amazonas,Stable_Forest,-55.79395805,-9.02335245,2019,36.29833984,182.5,194.5,400,208,698,2539,3267,3315,3542,3372,1388,543.5,57,2611,4,21,41,20.5,0.881918848,2.501408904,-0.784656823
Brazil,Amazonas,Stable_Forest,-55.47254085,-7.700134037,2019,0.374655008,624,579,865,942,1524,2215,2517,2541,2839,2845,3246,2172,69,2976,4,96,88,61,0.459086984,1.037907309,-0.492072821
Brazil,Amazonas,Stable_Forest,-56.80932382,-5.749352566,2019,371.398224,185,193,373,172,714,2674,3405,3330,3742,3226,1411,555,70,3176,4,19,37,19,0.901770413,2.707940319,-0.798541725
Brazil,Amazonas,Stable_Forest,-55.65462935,-8.852403052,2019,169.461441,179,212,411,199.5,756.5,2725.5,3482.5,3678,3868.5,3492.5,1772,749,57,2626.5,4,21,42,21.5,0.89709866,2.646454656,-0.798972845
Brazil,Amazonas,Stable_Forest,-57.26072725,-5.590440592,2019,54.32668304,215,183,289,188,601,2134,2581,1829,2871,3237,1302,515,99,3398,4,18,30,20,0.813584507,2.587511826,-0.727101028
Brazil,Amazonas,Stable_Forest,-64.58199682,-9.783057686,2019,1.022176981,441,575,869,988,1467,2196,2545,2602,2866,2827,3092,1847,111,3242,4,101,89,59,0.44958216,0.956501126,-0.499279737
Brazil,Amazonas,Stable_Forest,-64.80756378,-9.725296013,2019,73.592262,241,290,475,256,810,2767,3525,3442,3983,3670,1700,698,111,3528,4,26,49,30,0.861546755,2.840584879,-0.757467449
Brazil,Amazonas,Stable_Forest,-62.25113815,-9.54994487,2019,32.19169235,244,271,470,269,811,2314,2880,2856,3216,2928,1605,691,64,3192,4,28,48,28,0.827839971,2.652245233,-0.717378259
Brazil,Amazonas,Stable_Forest,-57.45467352,-8.273708346,2019,153.739487,225,222,465,210,691,2458,3139,3329,3397,3376,1364,538,70,3028,4,22,48,23,0.881322384,2.665811966,-0.754876137
Brazil,Amazonas,Stable_Forest,-59.43285361,-11.57510685,2019,170.705597,183.875,183.2142857,340.8888889,183.6666667,677.8,2261.166667,2962,2835,3285.5,2968.7,1478.666667,584,63,2664.5,4,18,35,19,0.878312707,2.585261437,-0.785326958
Brazil,Amazonas,Stable_Forest,-63.05863376,-4.097530421,2019,352.860626,257,309.5,465,269.5,697.5,2254,2905.5,3207,3359.5,3148.5,1403.5,535.5,132,3719.5,4,27.5,47.5,31,0.844959021,2.933100349,-0.746731997
Brazil,Amazonas,Stable_Forest,-64.54202179,-9.134204556,2019,0.970350027,294,342,607,480,1025,1919,2188,2300,2634,2616,1912,1068,114,3661,4,49,63,35,0.654676259,1.739296636,-0.582387328
Brazil,Amazonas,Stable_Forest,-60.87303267,-8.865069297,2019,162.750687,196,228,420,256,679,2273,2859,3260,3128,2890,1541,623,65,3225,4,26,43,24,0.854379952,2.432782637,-0.771739125
Brazil,Amazonas,Stable_Forest,-58.3732009,-10.65056076,2019,158.3894501,215,271.5,457.5,299,797,2130,2629,2973.5,2979,2954.5,1602,710.5,70,2728,4,30.5,47.5,27.5,0.817265093,2.447158935,-0.733313918
Brazil,Amazonas,Stable_Forest,-63.73165157,-5.235156897,2019,41.17841721,267,265,479,262,776,2167,2731,2688,3083,2948,1442,563,150,3796,4,28,49,27,0.822372854,2.667692984,-0.697505534
Brazil,Amazonas,Stable_Forest,-55.51449217,-7.894349801,2019,201.071014,220,265,440,275,616,2011,2528,2862,2891,3082,1433,632,69,3014,4,29,44,28,0.824673235,2.560879034,-0.733494878
Brazil,Amazonas,Stable_Forest,-60.00732623,-10.9501489,2019,112.133369,188,182,319,177,619,1987,2523,2404,2814,2897,1313,558,63,2719,4,18,33,18,0.862843871,2.648667935,-0.765699625
Brazil,Amazonas,Stable_Forest,-64.66616896,-4.228594621,2019,211.431732,469,426,542,326.5,820,2268,2841,2737,3155,3404.5,1612,653.5,147.5,3817.5,4,33.5,56,44,0.786845088,4.012150466,-0.669411421
Brazil,Amazonas,Stable_Forest,-60.82119988,-10.63448091,2019,136.604141,202,326,549,316,822,2195,2776,3187,3282,3015,1477,620,88,2946,4,33,57,33,0.819583237,2.71978022,-0.706102788
Brazil,Amazonas,Stable_Forest,-57.86179001,-6.945189872,2019,180.900497,310,300,414,239,787,2447,3091,2990,3457,3501,1459,575,111,3147,4,27,43,31,0.85196656,3.162068966,-0.756756783
Brazil,Amazonas,Stable_Forest,-64.62691258,-9.925620322,2019,4.242622852,399,453,687,656,1108.5,2043,2507.5,2584,2888,2812,2614.5,1396,195.5,3212.5,4,67.5,70.5,46.5,0.595061719,1.543140708,-0.579944968
Brazil,Amazonas,Stable_Forest,-61.00921727,-11.70877616,2019,19.75992393,240,217,365,212,710,2341,3054,2962,3369,3045,1504,595,70,3072,4,22,38,23,0.866414607,2.63662512,-0.780583084
Brazil,Amazonas,Stable_Forest,-59.01495734,-8.347909188,2019,24.27212715,100.5,165,329,149,524.5,2046.5,2734,3214,2983,2870.5,1252,477.5,58,3073.5,4,15.5,34,17,0.911388636,2.668465959,-0.814281702
Brazil,Amazonas,Stable_Forest,-58.20350914,-10.23059836,2019,0.393368989,345,562,837,993,1464.5,2330,2679.5,2888.5,3093.5,3001.5,2911,1702.5,69,2725,4,101,85,57.5,0.488342136,1.02293578,-0.550664365
Brazil,Amazonas,Stable_Forest,-57.63990613,-10.81854571,2019,94.03512573,485,598,842,1216,1527,1924,2187,2414,2603,2558,3677,2448,64,2641,5,125,87,60,0.33002755,0.573096058,-0.48280099
Brazil,Amazonas,Stable_Forest,-58.25857587,-8.210377118,2019,61.99009323,241,281,570,295,947,2528,3017,3148,3326,3341,1540,642,116,3178,4,30,58,30,0.828637838,2.53690201,-0.693383515
Brazil,Amazonas,Stable_Forest,-60.96421167,-6.484803289,2019,136.325607,269,302.5,474,280.5,700,2056,2590.5,2901,3027.5,2949,1404,553,177,3736,4,29,48.5,31,0.823668063,2.8283864,-0.719111085
Brazil,Amazonas,Stable_Forest,-58.63730559,-6.551727777,2019,19.43231201,153.5,202,342.5,175,588,1980.5,2609.5,2531,2932,3014.5,1329.5,518,62,3740.5,4,18.5,35.5,21.5,0.870657802,2.849540397,-0.76161474
Brazil,Amazonas,Stable_Forest,-57.72874951,-7.826796492,2019,238.462372,222,213,386.5,192,692.5,2321.5,3023.5,3420.5,3405,3241,1349,520.5,105,3201,4,20.5,40,22,0.893702447,2.712113575,-0.796952963
Brazil,Amazonas,Stable_Forest,-60.41138845,-9.74568777,2019,417.456879,208,197.5,335.5,198.5,615,2171.5,2917.5,2810,3250,3077,1524.5,640.5,70,2990,4,20.5,34.5,20,0.868040562,2.590002975,-0.786679387
Brazil,Amazonas,Stable_Forest,-64.3938896,-8.164293544,2019,50.29992294,200,227.5,372.5,219,672,2055.5,2602,2594.5,2958,2876.5,1263.5,474.5,127,3578.5,4,22.5,38,23.5,0.844322026,2.695449904,-0.748904645
Brazil,Amazonas,Stable_Forest,-57.30573285,-8.832011295,2019,101.259956,215,190,290,151,617,2387,3168,2609,3535,3772,1388,531,69,2560,4,16,29,20,0.8905797,2.93878527,-0.79993099
Brazil,Amazonas,Stable_Forest,-56.23646816,-8.801917733,2019,171.799118,175,216,394,192,680,2148,2848,2850,3160,3119,1443,567,63,2682,4,20,41,22,0.873767257,2.788501888,-0.757090032
Brazil,Amazonas,Stable_Forest,-57.40706281,-10.62307231,2019,71.988922,183,202,405,207,715,2613,3243,3488,3637,3099,1599,643,63,2711,4,22,41,22,0.887956679,2.550528607,-0.791934252
Brazil,Amazonas,Stable_Forest,-57.19029933,-6.754747032,2019,248.787628,251,200,337,211,626.5,1905.5,2478,2344,2801.5,2948,1337,532.5,119.5,3053.5,4,22,35,20.5,0.834833682,2.526054003,-0.748601258
Brazil,Amazonas,Stable_Forest,-63.64244886,-5.383917908,2019,249.101135,272,239,368,228,722,2026,2507,2170,2906,2932,1289,537,144,3681,4,24,38,25,0.809841514,2.779845405,-0.710007906
Brazil,Amazonas,Stable_Forest,-59.88668249,-9.975207325,2019,44.5819664,243,231,357,248,677,1918,2415,2402,2651,3139,1538,731,70,2688,4,27,37,26,0.81283021,2.494788047,-0.74121058
Brazil,Amazonas,Stable_Forest,-59.71645174,-10.77416894,2019,247.307999,205,216,378,200,689,2166,2886,3068,3323,3119,1478,629,69,2510,4,21,38,23,0.877600968,2.706681767,-0.780615211
Brazil,Amazonas,Stable_Forest,-55.282637,-7.819609969,2019,52.85164261,197,224,444,221,702,2246,2881,3129,3212,3074,1587,660,75,3082,4,23,46,22,0.868059695,2.618876081,-0.751469374
Brazil,Amazonas,Stable_Forest,-55.90768477,-3.130134692,2019,297.899261,231.5,262,523.5,187.5,729.5,2507,3201.5,3325,3513.5,3256,1471.5,582.5,65,3670.5,4,19.5,53.5,27.5,0.893238425,3.155168946,-0.727945924
Brazil,Amazonas,Stable_Forest,-63.52530855,-11.8393912,2019,144.119095,236.5,244.5,387,212,643,2049.5,2675,2704,2994,3040,1381.5,560,70,3115.5,4,22,39.5,25,0.854595363,2.90680042,-0.749595582
Brazil,Amazonas,Stable_Forest,-56.42116179,-10.86112586,2019,293.438354,227,250,434,224,731,2315,2836,2766,3206,3130,1479,607,63,2401,4,23,45,26,0.850167215,2.842128801,-0.72874999
Brazil,Amazonas,Stable_Forest,-55.0783601,-3.560158218,2019,284.5960999,198,275.5,412.5,238,611,1877,2364,2605,2679,2918,1226,514,64,3541.5,4,24.5,42.5,28.5,0.832571208,3.007241774,-0.726594865
Brazil,Amazonas,Stable_Forest,-62.70065512,-7.254659487,2019,109.3801804,222.5,258.5,443.5,230,699.5,2241.5,2849.5,2955.5,3208,3230,1405.5,536,133.5,3728.5,4,24,45.5,26.5,0.855595648,2.841726619,-0.739040911
Brazil,Amazonas,Stable_Forest,-64.77234982,-4.760307438,2019,196.715424,282,295,471,238,763,2381,3059,3278,3423,3109,1557,598,168,3984,4,25,49,30,0.864618897,3.046702746,-0.748732984
Brazil,Amazonas,Stable_Forest,-60.7887707,-9.349171404,2019,250.7325897,278.5,290,612,267.5,715,2117,2790.5,3567,2981.5,2941.5,1254.5,503,70.5,3077,4,27,62.5,30.5,0.860477269,2.751417612,-0.707106948
Brazil,Amazonas,Stable_Forest,-61.17810054,-12.00099812,2019,23.63405037,161,228,398,258,753,2096,2691,2846,2959,2920,1587,687,64,2934,4,26,42,23,0.833762884,2.409683426,-0.75462395
Brazil,Amazonas,Stable_Forest,-63.76345193,-8.743706902,2019,16.17441177,413.5,528,800,1075,1441.5,1872.5,2155,2281.5,2550,2579,3409,2158,72,3331.5,5,110,81.5,52.5,0.359451801,0.632006286,-0.480772346
Brazil,Amazonas,Stable_Forest,-60.21501673,-3.095280059,2019,1.463511944,578.5,426.5,694.5,437.5,1052.5,2781.5,3347.5,3274,3816.5,3468,2078.5,1019,339,3966.5,5.5,44.5,71,43,0.764246285,2.625173531,-0.649993718
Brazil,Amazonas,Stable_Forest,-55.78793934,-8.184864964,2019,205.2493896,159,263,490,273,742,2580,3250,3156,3571,3399,1706,708,63,3035,4,28,49,29,0.840769887,2.553587245,-0.731212258
Brazil,Amazonas,Stable_Forest,-59.11404151,-8.234362136,2019,152.355179,154.5,216.5,389.5,229.5,583.5,1977.5,2549.5,2868.5,2846.5,2736,1223,497.5,58,3097,4,23,39.5,22.5,0.8518399,2.515489467,-0.760896266
Brazil,Amazonas,Stable_Forest,-56.58663146,-7.872071582,2019,264.161224,185,186,351,200,636,2133,2896,2636,3297,3125,1331,546,63,2873,4,20,36,20,0.858956277,2.493857494,-0.764981568
Brazil,Amazonas,Stable_Forest,-55.43310481,-9.320874472,2019,155.122787,165,194,327,175,596,2013,2692,2520,2936,3075,1248,479,63,2509,4,19,34,21,0.870129883,2.770557656,-0.770284534
Brazil,Amazonas,Stable_Forest,-64.29462576,-11.03378206,2019,124.488029,262,281,454,248,743,2406,3073,3112,3435,3225,1578,629,111,3505,4,26,47,29,0.852380931,2.871465811,-0.745372951
Brazil,Amazonas,Stable_Forest,-56.71347358,-6.693032772,2019,148.776276,264,256.5,404,218.5,609.5,2207.5,2873.5,3067.5,3216.5,3129.5,1370.5,537.5,72.5,3088,4,23.5,42.5,25.5,0.867011547,2.900335946,-0.767247617
Brazil,Amazonas,Stable_Forest,-56.93841173,-8.227714603,2019,125.476913,168,196,397,189,697,2312,2922,3088,3161,3123,1349,521,74,2678,4,19,42,21,0.884650588,2.632582637,-0.772166431
Brazil,Amazonas,Stable_Forest,-57.74842262,-10.07545931,2020,87.809189,193.5,212,378,221.5,702.5,2003.5,2555.5,2384.5,2871.5,2886,1353.5,560,64,2811,4,22.5,38.5,22,0.830007672,2.545304778,-0.72633487
Brazil,Amazonas,Stable_Forest,-55.29709987,-4.560072961,2020,214.5056305,167.5,168,281,144.5,505.5,1841,2343.5,2364,2607.5,2856.5,1210.5,490.5,64,3227,4,15,29,18,0.884791732,2.813767748,-0.787523627
Brazil,Amazonas,Stable_Forest,-60.83099152,-6.197072903,2020,181.027802,234,232.5,413.5,224.5,719.5,2309,2978.5,3061,3294,3263,1510,591.5,69,3659.5,4,23.5,42.5,24.5,0.863338888,2.660632211,-0.761980116
Brazil,Amazonas,Stable_Forest,-62.56905193,-4.597173382,2020,81.678818,305,324,535,279,778,2452,3169,3550,3531,3599,1432,575,171,3347,4,30,55,32,0.854270041,2.925760286,-0.738066077
Brazil,Amazonas,Stable_Forest,-55.79458688,-4.145859784,2020,4.624499798,198,248,491,219,849,2765,3572,3644,3921,3448,1530,620,81,3898,4,23,49,26,0.886616647,2.762988061,-0.762515128
Brazil,Amazonas,Stable_Forest,-59.18411011,-8.088385902,2020,113.7447357,162.5,175.5,325,169.5,560.5,1766,2298.5,2419.5,2561.5,2818.5,1200,494.5,58,2977,4,18,34,19.5,0.86906141,2.651738362,-0.763162673
Brazil,Amazonas,Stable_Forest,-58.89359494,-7.457319415,2020,65.20122528,139,181,368.5,185.5,608,2087,2626.5,2766.5,2962,3028,1322.5,541.5,60,3389.5,4,19,38,19.5,0.874322474,2.557471264,-0.764912307
Brazil,Amazonas,Stable_Forest,-62.04901721,-5.170388365,2020,98.103477,261,276,432,251,712,2035,2528,2540,2824,3078,1378,559,324,3303,4,25,44,27,0.82013613,2.894537178,-0.70928669
Brazil,Amazonas,Stable_Forest,-58.47453086,-7.253851004,2020,134.082443,178.5,212.5,402.5,181,742,2413,3070,3188,3407.5,2965,1537.5,612,65,3388.5,4,19,41.5,22,0.892549694,2.803729604,-0.775797248
Brazil,Amazonas,Stable_Forest,-59.0749648,-4.559533972,2020,252.590607,216.5,256,425.5,246.5,657,1967.5,2426.5,2839.5,2802.5,2899.5,1286,524.5,90,3671.5,4,25,44.5,26,0.84024626,2.701604501,-0.739356816
Brazil,Amazonas,Stable_Forest,-58.8279281,-9.205979947,2020,217.8476105,169,221.5,442,214,726,2465.5,3154.5,3486,3479.5,3291,1628.5,665,78,2922.5,4,22,45.5,23,0.884324312,2.63043653,-0.774949074
Brazil,Amazonas,Stable_Forest,-58.23971125,-10.69700366,2020,169.010895,158.5,175.5,334,168,575,2299,2929,3356,3272.5,3178.5,1440,580,63,2717,4,17.5,34.5,18.5,0.904653788,2.614186142,-0.818970203
Brazil,Amazonas,Stable_Forest,-59.43788417,-8.362372064,2020,280.815308,149.5,156.5,309,165,533.5,1813,2441.5,2612.5,2726.5,2987.5,1215,486.5,58,3071.5,4,16.5,31.5,17,0.881188095,2.518263196,-0.788464844
Brazil,Amazonas,Stable_Forest,-63.94607943,-11.53926407,2020,111.9183197,290,339,444,224,682,2061,2553,2884,2847,2853,1335,568,99,2992,4,23,46,35,0.855855882,3.943077379,-0.733173072
Brazil,Amazonas,Stable_Forest,-55.04727839,-6.940608464,2020,0.212697998,410.5,685.5,1056,1131,1705,3132.5,3673,3910,4093,3572.5,2684.5,1549,60,2990,4,115.5,108,70,0.551279485,1.250506232,-0.574707985
Brazil,Amazonas,Stable_Forest,-56.86358206,-11.79726022,2020,135.272614,175,203,332,195.3333333,594,1961,2460,2510,2768,2962,1387,563,63,2368,4,20,34,21,0.85559386,2.678392347,-0.766361713
Brazil,Amazonas,Stable_Forest,-56.99554458,-11.41754235,2020,2.014405012,415.5,539.5,827,1239.5,1675.5,2075,2336.166667,2448,2727.5,2781.666667,3431,2052.5,63,2127,5,126.5,84.5,56,0.327728808,0.517359476,-0.494961828
Brazil,Amazonas,Stable_Forest,-59.03274398,-9.340098419,2020,49.88372803,312,349,596,516,1074,2340,2767,2486,3093,2974,2439,1320,87,2899,4,53,61,35,0.656229198,1.66076547,-0.613238156
Brazil,Amazonas,Stable_Forest,-56.3904394,-10.15927213,2020,1.022176981,1028.5,1356,1676,2194,2633,2792,3024.5,3163,3452,3273.5,5264.5,4238.5,66,2321.5,5,223,171,138,0.180884823,0.393390711,-0.307294905
Brazil,Amazonas,Stable_Forest,-61.6295938,-11.48931774,2020,26.993679,507,660,988,1210,1719,2292,2568,2730,2975,2913,3649,2267,81,2796,5,122,101,67,0.385786802,0.753818687,-0.46853146
Brazil,Amazonas,Stable_Forest,-64.21144176,-10.48185715,2020,39.99237442,282.5,323,467,393,839.5,2131.5,2423,2498,2812,2755.5,1931,997.5,90,2852.5,4,40,48,33.5,0.728121758,2.161634833,-0.684991539
Brazil,Amazonas,Stable_Forest,-63.02782154,-10.86112586,2020,152.245621,211,225,415.5,238.5,622,1989.5,2595.5,3032.5,2913.5,3069.5,1408.5,572,75,3196,4,24.5,43,23,0.854173064,2.515304285,-0.758990705
Brazil,Amazonas,Stable_Forest,-59.59517918,-8.015891859,2020,224.747375,218,207.5,372,192,609.5,2085.5,2592,2672,2898.5,3034.5,1323,549,58,2890,4,19.5,39,22,0.865921795,2.732782369,-0.755584776
Brazil,Amazonas,Stable_Forest,-58.30986967,-11.30246816,2020,156.864746,230,252,437,337,827,2161,2805,2571,3110,2851,1572,681,69,2741,4,35,45,26,0.76822561,2.06545858,-0.709441483
Brazil,Amazonas,Stable_Forest,-62.91157955,-9.661695291,2020,0.698346019,384,330.5,514,364,935.5,2197.5,2659,2363.5,2911,2145.5,1546.5,739,77,3761,4,37.5,52.5,34,0.733088911,2.415146757,-0.642745435
Brazil,Amazonas,Stable_Forest,-56.76126395,-10.12774126,2020,213.3060303,139,189,362,192,590.5,1969,2540.5,2790,2844.5,3047.5,1373,562,64,2850.5,4,20,37.5,20,0.871227384,2.571767967,-0.770304561
Brazil,Amazonas,Stable_Forest,-62.73173683,-5.770912132,2020,69.788109,266,292,485.5,245.5,836.5,2493.5,3096,3123,3492,3208.5,1525,570,384,3692,4,25,49.5,29.5,0.854237795,2.988678853,-0.730913103
Brazil,Amazonas,Stable_Forest,-56.17295727,-11.2105705,2020,23.23027229,222,258,503,289,865,2233,2681.5,2747,2952.5,2878,1625.5,723.5,62,2113,4,29.5,51,27,0.809617937,2.412642324,-0.690461516
Brazil,Amazonas,Stable_Forest,-60.167945,-11.92724644,2020,41.03631973,146,187,380,207,673,2063,2587,2712,2877,2878,1356,551,62,2184,4,21,39,19,0.858170629,2.453476983,-0.754204392
Brazil,Amazonas,Stable_Forest,-63.15915524,-12.01869493,2020,42.74636459,255,313,442,272,758,2153,2666,2640,3014,2886,1441,572,199,3289,4,27,45,32,0.813186824,3.074526097,-0.71317327
Brazil,Amazonas,Stable_Forest,-56.0171894,-10.78252327,2020,165.883316,216,223.5,385,230,782,2182,2878.5,2890,3158,3053,1425,589,66,2329,4,23.5,39.5,23,0.852564096,2.562867328,-0.764885485
Brazil,Amazonas,Stable_Forest,-63.23757816,-6.000970677,2020,196.435059,253.5,261.5,408,245.5,713.5,1949,2569,2464,2926.5,3043,1362.5,557.5,324,3846.5,4,25.5,42,27,0.818785727,2.805741748,-0.715877414
Brazil,Amazonas,Stable_Forest,-61.26568628,-8.38267399,2020,180.742477,191.5,234,450.5,240,699,2290.5,2972,3357,3357.5,3161,1618,660,71,3133,4,25,46,24,0.866555452,2.560795268,-0.763361812
Brazil,Amazonas,Stable_Forest,-56.95359326,-10.92140281,2020,29.81902695,154.5,200.5,412.25,227,808.3333333,2095,2538.25,2521,2829,2898.666667,1368,561,63,2631,4,24,42.5,21,0.834788918,2.409410776,-0.718912482
Brazil,Amazonas,Stable_Forest,-61.51928069,-11.42383055,2020,11.55144215,444,555.5,804,1053,1272.5,2202.5,2485.5,2804,2875,3006,2731.5,1676,82,2831.5,4,107,82,57.5,0.45397979,0.883139154,-0.554323733
Brazil,Amazonas,Stable_Forest,-62.67110054,-10.18469445,2020,148.4351196,244,236,419,242,732,2197,2871,2768,3231,2919,1455,617,81,3142,4,25,44,24,0.839202642,2.576499388,-0.737056792
Brazil,Amazonas,Stable_Forest,-55.09740438,-10.20930829,2020,11.11413956,437,628,910,1290,1650,2260,2533,2632,2971,2977,3486,2238,64,2365,5,132,92,64,0.342172354,0.592442168,-0.486166
Brazil,Amazonas,Stable_Forest,-55.30365757,-4.726081626,2020,259.678711,143,217,452,231,753,2506,3246,3630,3617,3243,1652,664,58,3393,4,24,46,23,0.880341887,2.507006933,-0.778539956
Brazil,Amazonas,Stable_Forest,-61.04182611,-8.40737766,2020,145.658218,259,223,399,247,672,2137,2689,2708,3157,3150,1540,665,82,3132,4,26,41,23,0.83282572,2.442922374,-0.743160605
Brazil,Amazonas,Stable_Forest,-58.03750048,-7.429830968,2020,43.97358322,160,196,448,220,790,2613,3340,3522,3719,3680,1776,696,65,3265,4,23,46,20,0.882415831,2.447376223,-0.774307311
Brazil,Amazonas,Stable_Forest,-64.29318845,-11.52965209,2020,52.05066681,288,295,368,244,649,2072,2665,2088,3091,3251,1568,650,99,3155,4,25,38,30,0.790737569,3.439015293,-0.700325727
Brazil,Amazonas,Stable_Forest,-58.35361763,-4.691945645,2020,323.401306,190.5,256,446.5,271,786,2235.5,2716,2795,3034.5,3054,1409.5,589.5,75,3718,4,27.5,46.5,26.5,0.823222458,2.521982414,-0.724510252
Brazil,Amazonas,Stable_Forest,-61.62941414,-3.971945944,2020,85.44326019,279.5,293.5,474,252,702.5,2112,2677.5,3007.5,2975,3348.5,1404,580.5,190.5,3527,4,25.5,49,31.5,0.845375061,2.970249003,-0.727703571
Brazil,Amazonas,Stable_Forest,-57.65329103,-4.427481625,2020,147.758713,281,337,525,324,801,2278,2970,3122,3311,3122,1519,639,120,3512,4,34,55,36,0.811955869,2.754479228,-0.712092102
Brazil,Amazonas,Stable_Forest,-61.84626745,-8.774968274,2020,11.29677963,321,341,483,501,870,1496,1732,1534,2025,1986,2064,1124,65,3061,4,51,50,36,0.507616699,1.301991429,-0.521070898
Brazil,Amazonas,Stable_Forest,-55.39312978,-4.266413695,2020,274.418945,349,319,463,260,792,2467,2957,2856,3369,3349,1480,602,70,3567,4,27,48,33,0.833119392,3.20572981,-0.721000314
Brazil,Amazonas,Stable_Forest,-62.28257918,-8.533680789,2020,0.147780001,277,275,486.5,286,820.5,2350.5,2746.5,2780,3027.5,2962,1400.5,560.5,66,3508,4,30.5,51,28.5,0.8134377,2.561100842,-0.702127635
Brazil,Amazonas,Stable_Forest,-60.54586624,-11.07600287,2020,142.757599,207,231,431,215,625,1966,2594,3176,2997,2807,1325,538,70,2702,4,22,45,24,0.873193741,2.707076248,-0.761020243
Brazil,Amazonas,Stable_Forest,-55.3951959,-7.889498899,2020,0.919861972,502,572.5,853.5,1167,1644,2132,2445,2529.5,2873,2937.5,4006.5,2467,72,2488.5,5,118,87,58,0.368591905,0.650202816,-0.49541828
Brazil,Amazonas,Stable_Forest,-61.06374501,-8.022180066,2020,155.564453,187.5,220,365,201,723.5,2256,2851.5,2671,3204.5,3174,1503.5,608.5,63,3426,4,20.5,37,22.5,0.86002785,2.771543986,-0.759552062
Brazil,Amazonas,Stable_Forest,-63.73416685,-9.403249984,2020,83.500343,371,334,525,294,710,2123,2748,3042,3031,3124,1555,655,100,3188,4,29,55,36,0.823741019,2.984361425,-0.705635011
Brazil,Amazonas,Stable_Forest,-55.68678904,-6.011660629,2020,177.298935,260,249,425,281.5,707.5,2154.5,2664.5,2621,2991,2827,1657.5,737.5,64,3100,4,29,44,26,0.80602926,2.393595253,-0.720945477
Brazil,Amazonas,Stable_Forest,-56.50874753,-7.491006239,2020,232.790436,171,196,306,203,637,2259,3051,2578,3353,3436,1330,553,57,3058,4,21,31,20,0.85400933,2.551568543,-0.787794709
Brazil,Amazonas,Stable_Forest,-57.95368766,-7.718818995,2020,180.704041,201,233,405,230,714,2145,2702,2544,3163,3190,1572,642,64,3249,4,24,43,25,0.834174454,2.656716418,-0.725330591
Brazil,Amazonas,Stable_Forest,-56.28336022,-9.910977782,2020,77.849571,468.5,720,1068,1480,1860.5,2286.5,2650,2906,3147,2867,3933.5,2513,69,2313,5,151,109,73.5,0.325125396,0.558165023,-0.462506294
Brazil,Amazonas,Stable_Forest,-59.70118038,-6.524329161,2020,182.833649,257,309,518,294,794,2361,3132,3147,3356,3233,1446,594,65,3574.5,4,30,53,33,0.829119444,2.749084602,-0.717326045
Brazil,Amazonas,Stable_Forest,-55.79296991,-11.92338368,2020,7.835864067,213,192,366,187,626,2025,2562,2608,2777,2886,1429,635,63,2119,4,19,38,20,0.866189599,2.64185945,-0.753866851
Brazil,Amazonas,Stable_Forest,-56.22568838,-11.04177706,2020,0.000344,427,798,1220,1797,2130,2750.5,3068,3278,3454.5,3389.5,3833,2537,62,2145,5,182.5,124.5,82,0.291822672,0.458457157,-0.457536697
Brazil,Amazonas,Stable_Forest,-62.77934754,-4.027461829,2020,373.190826,287.5,303.5,444.5,329.5,737,1892,2367,2302,2681.5,3033,1538.5,658,114.5,3557,4,34,46,31,0.749572515,2.461010605,-0.676315308
Brazil,Amazonas,Stable_Forest,-60.43222936,-6.614430184,2020,103.888634,246.5,237,418.5,233.5,713.5,2183.5,2787,2600,3064,3167.5,1487.5,585,147.5,3670.5,4,24,43,24.5,0.835186183,2.659586424,-0.722709954
Brazil,Amazonas,Stable_Forest,-59.99007858,-4.91499733,2020,136.260971,195,254,390,235,709,2172,2767,2844,3134,3223,1500,608,82,3801,4,24,40,26,0.847353041,2.775531915,-0.758812606
Brazil,Amazonas,Stable_Forest,-59.76747605,-7.784216347,2020,168.450455,176.5,208,333,174,597,1855,2358,2394.5,2605,2726,1230.5,511.5,58,2966,4,18,34,22,0.864512384,2.953578079,-0.755820334
Brazil,Amazonas,Stable_Forest,-61.60659693,-6.981841135,2020,163.537048,171.5,166,257.5,149.5,536,1811.5,2333,2170,2626.5,2983.5,1280,484,64.5,3527.5,4,15,27.5,18,0.871092916,2.770844761,-0.787847579
Brazil,Amazonas,Stable_Forest,-62.1905917,-3.858578556,2020,52.46103287,252,191,309,192,614,1550,1709,1128,2125,2606,1070,468,150,3281,4,20,32,20,0.709090889,2.757807896,-0.569937348
Brazil,Amazonas,Stable_Forest,-64.09573875,-11.16295979,2020,211.718155,253,285,426,255,696,2289,3011,3378,3416,3367,1566,660,81,3398,4,26,44,29,0.859620154,2.81706657,-0.776025236
Brazil,Amazonas,Stable_Forest,-55.56884024,-4.313844742,2020,72.20872498,149,215,364,235,682,1959,2516,2646,2830,2761,1437,638,64,3212,4,24,37,22,0.836862206,2.465739415,-0.758139551
Brazil,Amazonas,Stable_Forest,-62.40106697,-10.56629878,2020,222.215424,322,278,459,322,894,2027,2531,2657,2778,2786,1957,990,81,3211,4,33,47,30,0.783820093,2.330339321,-0.705391526
Brazil,Amazonas,Stable_Forest,-61.28760517,-7.105089992,2020,171.554703,143,160.5,311.5,167,539.5,1685.5,2156.5,2220,2455.5,2686,1276.5,513.5,59,3565.5,4,16.5,32,17,0.860075414,2.541785316,-0.753900826
Brazil,Amazonas,Stable_Forest,-57.45961425,-10.81755757,2020,79.302933,158.5,187,411,184.5,747,2497,3233.5,3035.5,3587,3147,1375,541.5,63,2774,4,19.5,42.5,19.5,0.885403752,2.600328347,-0.7614972
Brazil,Amazonas,Stable_Forest,-63.04039796,-10.86400047,2020,238.853577,169.5,206,393.5,194,575,2267,2951,3312,3232,3084.5,1295,509,75,3245.5,4,21,40,21,0.889332592,2.658594816,-0.787613034
Brazil,Amazonas,Stable_Forest,-55.42403182,-8.03179204,2020,17.02233696,227.5,241,484,343.5,997.5,2326,2842.5,2774.5,3144.5,3285.5,2165,1122.5,72,2553,4,35.5,49.5,26,0.779666424,2.006437768,-0.702930808
Brazil,Amazonas,Stable_Forest,-64.46476667,-11.28710697,2020,227.671722,239.5,476.5,644.5,513,831.5,2130,2699.5,2858,3071.5,3056.5,1566.5,700,79,3302.5,4,52.5,66,49,0.695639253,2.48069396,-0.631977141
Brazil,Amazonas,Stable_Forest,-56.04970842,-8.255472545,2020,2.23250699,324,425.5,577,577,1010,2219,2684.5,2421,2971.5,2995,2064,1102,63.5,2308.5,4,59.5,59,43.5,0.615076721,1.712004456,-0.615076721
Brazil,Amazonas,Stable_Forest,-61.99206402,-7.806404735,2020,123.8941956,207,229,379,212,709,2099,2567,2709,2932,2859,1450,600,60,3518,4,22,39,23,0.854844213,2.756679179,-0.754533708
Brazil,Amazonas,Stable_Forest,-60.41974278,-6.820773205,2020,103.655251,252,217,354,197,701,2095,2645,2446,3014,3210,1545,607,121,3647,4,22,37,22,0.850926995,2.809143143,-0.747142851
Brazil,Amazonas,Stable_Forest,-59.41767208,-11.46084114,2020,294.501831,186.3333333,242.5,420,323,678,1930,2401,2394,2759,2772,1568,702,57,2539,4,33,43,25,0.762237787,2.059262205,-0.701492548
Brazil,Amazonas,Stable_Forest,-62.55961962,-11.30794788,2020,0.724261999,168,182,362,192,653,2030.5,2609.5,2450,2940,2866.5,1387,570,101.5,2971.5,4,19.5,37,19.5,0.854655564,2.522341376,-0.742532015
Brazil,Amazonas,Stable_Forest,-63.30980271,-11.01904969,2020,0.005799,241,303,493,267,776,2395,3026,3419,3419,3099,1559,657,86,3165,4,28,51,30,0.855127513,2.865975632,-0.747955024
Brazil,Amazonas,Stable_Forest,-60.20261997,-5.660688847,2020,359.294891,255.5,253,325,196.5,574,1787,2302,2230,2680.5,2952,1304,538.5,72,3726.5,4,20.5,33.5,27.5,0.838038325,3.361157025,-0.745596886
Brazil,Amazonas,Stable_Forest,-61.17378863,-10.95940155,2020,191.709976,227,257,448,283,794,2269,2966,2872,3280,3100,1640,706,70,2872,4,29,46,28,0.820602238,2.448458483,-0.73012048
Brazil,Amazonas,Stable_Forest,-64.5845121,-11.91206491,2020,102.510429,204,235,389,216,687,2332,3038,3164,3243,3047,1464,579,76,3341,4,22,39,24,0.872189343,2.731146933,-0.781030118
Brazil,Amazonas,Stable_Forest,-60.06185397,-6.337838908,2020,109.6306305,244,241,385.5,206,653,1975,2527.5,2581.5,2819,2992,1426.5,570.5,72,3563,4,22,40,25.5,0.852197289,2.95313277,-0.740141571
Brazil,Amazonas,Stable_Forest,-58.4712071,-10.95050823,2020,74.035957,405,565,803,1078,1532,2004,2339,2480,2751,2814,3846,2453,69,2353,5,108,83,55,0.394041598,0.74392444,-0.510813296
Brazil,Amazonas,Stable_Forest,-58.73629994,-8.450945951,2020,142.413116,171.6666667,200,346,179,617.5,1999,2515.25,2633.666667,2793,3079.2,1351,525.5,65,3061,4,19,36,21,0.872718632,2.778448536,-0.767759264
Brazil,Amazonas,Stable_Forest,-60.28948706,-5.804598956,2020,357.098572,258,270,410,216.5,615.5,2044.5,2582,2777,2922,3008,1444.5,600.5,81,3666,4,22.5,42,28,0.855353236,3.119517544,-0.742704749
Brazil,Amazonas,Stable_Forest,-61.69436234,-5.481474948,2020,105.902626,220,251,455,242,774,2295,2952,3006,3232,3135,1508,587,108,3652,4,25,47,25,0.850985229,2.681932855,-0.737070203
Brazil,Amazonas,Stable_Forest,-62.21520554,-8.518409429,2020,85.572182,237,213,351,217.5,705,1911.5,2352.5,2047.5,2667.5,2840,1434,598.5,65,3307.5,4,23.5,37.5,22.5,0.80794704,2.605353075,-0.707317054
Brazil,Amazonas,Stable_Forest,-55.89753381,-8.131954194,2020,92.240967,220.5,276,537.5,247,802.5,2504.5,3158.5,3661,3494.5,3310.5,1525.5,638.5,72,2786,4,26.5,55.5,30.5,0.873592615,2.776512687,-0.743956149
Brazil,Amazonas,Stable_Forest,-63.73147191,-11.47826846,2020,215.428955,285,273,401,242,787,2189,2831,2717,3149,2984,1588,658,87,3210,4,25,41,27,0.836431205,2.915194346,-0.742783844
Brazil,Amazonas,Stable_Forest,-60.87635644,-5.236145044,2020,298.931091,177,221,419,224,762,2254,2870,3218,3226,2957,1470,542,156,3871,4,23,43,23,0.869843125,2.576148684,-0.769590318
Brazil,Amazonas,Stable_Forest,-63.27234296,-10.38205432,2020,8.644957542,284,257,386,263,689,1774,2282,2382,2604,2763,1511,709,81,3097,4,27,41,26,0.801134229,2.605114335,-0.721098244
Brazil,Amazonas,Stable_Forest,-63.59986872,-9.953557927,2020,2.372633934,571,606,782.5,943.5,1144.5,1486.5,1694.5,1831.5,1893.5,2116,2576,1992,82,2955.5,5,96,79.5,63,0.319999993,0.752925216,-0.401300699
Brazil,Amazonas,Stable_Forest,-64.14514609,-10.26778861,2020,38.51157761,384.5,428.5,637.5,539,1101,2210.5,2579,2603,2888.5,3125,2443.5,1287,91,2978,4,55.5,65,44,0.656906426,1.966276079,-0.60654223
Brazil,Amazonas,Stable_Forest,-59.32182184,-7.694564482,2020,120.853798,132,189.5,319,184,529,1906,2337.5,2374.5,2704.5,2975.5,1329,523,58,2977.5,4,19,32.5,19,0.856165707,2.660634034,-0.763133466
Brazil,Amazonas,Stable_Forest,-57.08941853,-10.7461415,2020,115.546722,146,191,430,205.5,667,2254,2815,2947.5,3128.5,2926,1269,503.5,63,2517,4,21.5,44.5,20.5,0.86964798,2.493634049,-0.745373785
Brazil,Amazonas,Stable_Forest,-61.39621149,-11.8014823,2020,1.331117034,481,676.5,964,1359,1761,2150.5,2433.5,2581,2902,2890,4037,2532.5,81,2596.5,5,139,98.5,68.5,0.310152292,0.539538169,-0.456135392
Brazil,Amazonas,Stable_Forest,-61.65447714,-11.75270378,2020,8.563830376,358,316,528,317,757,2517,3174,3582,3491,3426,1734,792,87,2812,4,32,55,30,0.837394178,2.620385233,-0.743065715
Brazil,Amazonas,Stable_Forest,-55.29431509,-5.259860567,2020,144.259766,197.5,225.5,442.5,216,800.5,2507.5,3307.5,3379,3608,3407,1668,696.5,61,3251.5,4,22.5,45.5,23.5,0.879833102,2.649300611,-0.76841557
Brazil,Amazonas,Stable_Forest,-59.61512178,-11.4712616,2020,263.434753,138.5,253,425,293.5,664,1817.5,2345,2847.5,2686.5,2838.5,1314,590,57,2520,4,30,43.5,26,0.813116848,2.354351032,-0.740259767
Brazil,Amazonas,Stable_Forest,-62.49700704,-7.159168573,2020,180.1016998,248.5,233,375,202.5,700,2222.5,2837.5,2770.5,3174,3121.5,1371,511,69,3608,4,21,38,23.5,0.863773942,2.867351496,-0.761564136
Brazil,Amazonas,Stable_Forest,-55.99473152,-7.630873928,2020,60.75790405,184,213,408,212,699,2100,2685,2677,2979,2905,1367,565,63,3075,4,23,43,23,0.853236437,2.619553666,-0.735494316
Brazil,Amazonas,Stable_Forest,-61.80180084,-9.421306121,2020,61.54627228,129.5,180,276,144.5,483,1789,2230,2461,2625.5,2828.5,1168.5,451,64,3298.5,4,15.5,28.5,18.5,0.889080763,2.926351693,-0.79831934
Brazil,Amazonas,Stable_Forest,-55.59722701,-5.441589749,2020,152.317245,170.5,201.5,334,188,679.5,2238,2880.5,2702,3214,3121.5,1579.5,659.5,64,3173,4,19.5,34,21,0.869896173,2.709343679,-0.779973626
Brazil,Amazonas,Stable_Forest,-61.19768381,-7.219265865,2020,169.628357,150,159.5,287.5,175,618.5,1797,2302,2162.5,2577.5,2628.5,1289.5,509.5,65,3594.5,4,18.5,29.5,17,0.850267351,2.463130499,-0.765306115
Brazil,Amazonas,Stable_Forest,-56.24042075,-9.092073569,2020,164.444962,186,194,411,188,600,2456,3151,3614,3446,3559,1401,538,68,2495,4,20,42,20,0.901104689,2.604927007,-0.795776427
Brazil,Amazonas,Stable_Forest,-63.82193225,-9.296350465,2020,201.991135,380,346.5,504,312,772.5,2120,2838,2716,3084,3180,1509,660,103,3355,4,31.5,51.5,35.5,0.793923378,3.019721141,-0.686956525
Brazil,Amazonas,Stable_Forest,-61.59420018,-5.670390652,2020,191.855423,260.5,219.5,334.5,190,674,2172.5,2814,2309.5,3052,3126.5,1447,580,66,3398.5,4,18.5,34,23.5,0.847969592,2.936815851,-0.746974289
Brazil,Amazonas,Stable_Forest,-62.92900686,-9.431457084,2020,56.65503693,277,225.5,298.5,203.5,558,1710.5,2227.5,1968.5,2569,2881.5,1381,567.5,73,3445,4,21.5,31,22.5,0.812615097,2.943138236,-0.736656368
Brazil,Amazonas,Stable_Forest,-61.33081414,-4.365228376,2020,79.097153,263.5,248,403.5,225.5,728,2195.5,2675,2518,3042,3212,1372,534,201,3314,4,24,41.5,26,0.835611463,2.848533797,-0.723772049
Brazil,Amazonas,Stable_Forest,-60.62887058,-9.191517071,2020,0.286846012,621,805,1012,1028,1417,2003,2300,2352,2639,2802,3142,2254,165,3013,4,104,103,85,0.391715974,1.332796457,-0.398335308
Brazil,Amazonas,Stable_Forest,-58.17646985,-10.63106731,2020,252.824448,196,212,436,225,783,2638,3281,3269.5,3694.5,3443.5,1606,641,63,2800.5,4,23.5,45,23.5,0.871226192,2.511549249,-0.764674127
Brazil,Amazonas,Stable_Forest,-56.74653158,-8.139500042,2020,0.094433002,220,241,469,270,836,2196,2599,2556,2859,2845,1432,628,56,2687,4,28,48,25,0.808917224,2.411901245,-0.689917326
Brazil,Amazonas,Stable_Forest,-60.52816943,-11.4778193,2020,61.37845612,187,220,374,208,559,1814,2331,2787,2723,2816,1285,517,69,2656,4,22,37,25,0.861101866,2.702221291,-0.763366044
Brazil,Amazonas,Stable_Forest,-62.52162088,-8.958044929,2020,51.16552734,227.5,273.5,391,271,591.5,1598.5,2023.5,1993,2337.5,2273.5,1307,576.5,65,3245,4,28.5,41,28.5,0.760600686,2.744223108,-0.671979845
Brazil,Amazonas,Stable_Forest,-58.03399705,-7.935133315,2020,252.723694,212,144,232,107,538,1977,2414,2120,2815,3064,1323,534,64,2800,4,11,24,16,0.903906584,2.990196078,-0.802721083
Brazil,Amazonas,Stable_Forest,-61.58090512,-9.269850164,2020,256.9003296,131.5,187,298,177.5,449.5,1461.5,1909.5,1960,2189.5,2651,1086.5,433.5,64,3117.5,4,18.5,30.5,19,0.833918154,2.744841392,-0.736049592
Brazil,Amazonas,Stable_Forest,-61.57803051,-5.948958222,2020,331.7240295,268,264.5,416,237,699,2008.5,2506.5,2517.5,2798,2836,1398,579.5,66,3671.5,4,24,42.5,27,0.827917933,2.913632298,-0.716379762
Brazil,Amazonas,Stable_Forest,-55.71490631,-5.358675249,2020,260.8927002,137.5,182.5,299,169.5,561,1878,2437,2102,2673.5,2998,1180,481,60,2944,4,18,30.5,19,0.850759387,2.758743754,-0.750937104
Brazil,Amazonas,Stable_Forest,-61.67657569,-3.356599975,2020,134.3151398,248,220,330,191,626,1920,2521,2460,2712,3220,1304,474,96,3698,4,20,34,23,0.855903447,2.898569239,-0.763440847
Brazil,Amazonas,Stable_Forest,-59.75642677,-11.89885967,2020,100.848877,127,206,454,226,871,2586,3126,3118,3409,3312,1387,516,62,2250,4,23,47,21,0.86483252,2.467576792,-0.745800674
Brazil,Amazonas,Stable_Forest,-57.92476191,-10.64067929,2020,76.315407,142.5,145,337,159.5,576,2229.5,2906,3130.5,3251.5,3426,1376,558.5,62,2496.5,4,16.5,34.5,15,0.903039515,2.475008331,-0.805623651
Brazil,Amazonas,Stable_Forest,-56.70952099,-11.23617249,2020,162.568787,218.5,289.5,567,307.5,892,2468,2984,3357,3346.5,3255.5,1610.5,695.5,63,2342,4,32.5,58.5,30,0.832173586,2.514636761,-0.711009145
Brazil,Amazonas,Stable_Forest,-61.63085144,-7.663572605,2020,137.813705,248,277,422,250,661,1958,2452,2565,2805,2911,1359,564,59,3432,4,26,44,28,0.822380126,2.91048529,-0.717442274
Brazil,Amazonas,Stable_Forest,-60.86979874,-5.700753709,2020,212.347839,187.5,263.5,377.5,237.5,597.5,1797,2251.5,2511,2562,2806,1315,520.5,66,3760.5,4,24.5,39,27.5,0.827178478,2.898763228,-0.738618672
Brazil,Amazonas,Stable_Forest,-60.16560938,-7.245227177,2020,235.462616,228,221,353,186,532,1852,2292,2554,2521,2977,1143,445,64,2999,4,20,37,24,0.864233553,2.940153961,-0.757137954
Brazil,Amazonas,Stable_Forest,-60.65519121,-6.564483854,2020,376.687439,284.5,284,441.5,261.5,822.5,2278,2843.5,2705,3180,3416.5,1502.5,621.5,191.5,3487.5,4,27,45.5,29,0.823697984,2.847902098,-0.719370723
Brazil,Amazonas,Stable_Forest,-57.69488303,-11.93416347,2020,153.690826,138,203.5,359,221,631.5,2066.5,2623.5,2466.5,2889.5,2765,1305,534,57,2545,4,22.5,37.5,21.5,0.835534871,2.476017201,-0.74588567
Brazil,Amazonas,Stable_Forest,-60.14782274,-10.86103603,2020,328.296906,174,182,335,190,523,1861,2391,2735,2702,2937,1217,479,57,2508,4,20,35,19,0.870085478,2.533851055,-0.781758964
Brazil,Amazonas,Stable_Forest,-63.90179248,-11.51968079,2020,202.055695,265,307,476,276,730,2204,2765,2988,3151,3147,1577,650,99,3153,4,31,49,29,0.83088237,2.89434365,-0.725173235
Brazil,Amazonas,Stable_Forest,-56.65535258,-10.91277899,2020,16.388691,224.5,316,539,337.5,915,2366.5,2823,2815,3204.5,3235,1582.5,670,63,2439.5,4,34.5,55,33,0.785884202,2.506576285,-0.678592741
Brazil,Amazonas,Stable_Forest,-60.26478339,-5.870714961,2020,131.681381,300.5,313,469.5,271,772,2325.5,2910.5,2829,3243.5,3104,1538.5,625,81,3661.5,4,28,48.5,32,0.825161278,3.032961821,-0.715325177
Brazil,Amazonas,Stable_Forest,-63.51039651,-9.529103955,2020,1.171597004,523,721,985,1158,1607,2181,2508,2636,2887,2784,3660,2308,100,3165,5,118,100,73,0.389562458,0.884500299,-0.455951393
Brazil,Amazonas,Stable_Forest,-60.84707136,-6.731570497,2020,273.3637695,221,265,441,207,745,2567,3230,3492,3594,3445,1463,548,71,3664,4,22,46,27,0.888077855,2.989080983,-0.775743723
Brazil,Amazonas,Stable_Forest,-56.28120426,-11.52390288,2020,19.09344101,186,215,428,245,745,2089,2539,2556,2712,2744,1673,786,63,2131,4,26,44,23,0.825062454,2.392834955,-0.713136733
Brazil,Amazonas,Stable_Forest,-62.52943622,-3.240357977,2020,103.1966553,238,253,414,245,733,2162,2700,2714,3081,3056,1461,557,78,4166,4,25,43,26,0.834403515,2.698360656,-0.735294104
Brazil,Amazonas,Stable_Forest,-62.98335494,-11.36948248,2020,167.969513,193,206,363,199.5,635,2050.5,2525,2580,2802,2724,1411,595,81,3151,4,20.5,37.5,22.5,0.856449008,2.665136588,-0.753312945
Brazil,Amazonas,Stable_Forest,-56.96715782,-10.34189962,2020,31.00728035,181.5,243.5,520.5,248.5,950,2931,3429.5,3457.5,3722,3735,1491,580,63,2568,4,26,54,25,0.865893126,2.568638438,-0.738310695
Brazil,Amazonas,Stable_Forest,-60.25211715,-5.541212914,2020,20.34028816,274.5,286.5,529.5,249,795.5,2559.5,3160.5,3532,3432.5,3321.5,1600,655.5,81,3921.5,4,26,54.5,29.5,0.868288815,2.851559107,-0.739258885
Brazil,Amazonas,Stable_Forest,-56.37489855,-6.039598234,2020,235.593338,141,167,361,170.5,743,2388.5,3033.5,2868,3365.5,3013.5,1430,584,61,3539,4,18,38.5,17,0.887773573,2.554934647,-0.776401341
Brazil,Amazonas,Stable_Forest,-56.69119536,-8.229960391,2020,96.621887,205,246,435.5,239,758,2479.5,3190,3230,3543.5,3202,1358,572,56,2676.5,4,24.5,45,25.5,0.862208128,2.651595745,-0.762378931
Brazil,Amazonas,Stable_Forest,-60.49026053,-6.12637549,2020,108.1347198,284.5,277,516.5,252,850.5,2682,3408,3532,3815.5,3367.5,1691.5,685,90,3715,4,26,53,29,0.86680764,2.763268745,-0.744843781
Brazil,Amazonas,Stable_Forest,-61.19175493,-7.376740534,2020,350.726288,137,199,308,162,459,1597,2089,2335,2544,2633,1140,428,59,3393,4,17,33,20,0.870244265,2.992288626,-0.766931534
Brazil,Amazonas,Stable_Forest,-58.16874434,-10.09827652,2020,257.201263,272,286,482,303.5,735,2193,2888,3232.5,3060,3044.5,1528.5,696,63,2494,4,31,49.5,29,0.828337133,2.516755456,-0.740476489
Brazil,Amazonas,Stable_Forest,-63.93476065,-9.616599864,2020,0.919861972,484.5,653,930,907.5,1581.5,2795.5,3271,3391,3689.5,3725,3762.5,2181.5,94,3344.5,4,93,95,66.5,0.577759683,1.576024876,-0.569544077
Brazil,Amazonas,Stable_Forest,-59.45980307,-7.117217249,2020,8.26830864,224,201,335,227,675,1854,2305,1972,2607,2669,1758,877,64,3158.5,4,23,34,23,0.793542504,2.387140903,-0.709579527
Brazil,Amazonas,Stable_Forest,-59.5479278,-7.432166587,2020,192.522537,219.5,236.5,431.5,226.5,691.5,2353,2927,2984.5,3309,3195,1631,683.5,59,3382,4,23.5,44,26.5,0.858922482,2.682096664,-0.747365355
Brazil,Amazonas,Stable_Forest,-59.56742124,-11.9060462,2020,72.253807,168.8333333,214.7692308,417.8333333,228.1666667,721,2249.333333,2800,2882,3092,3050,1400.5,562,68,2369,4,24,43,23,0.853276908,2.511928685,-0.746754885
Brazil,Amazonas,Stable_Forest,-58.93428863,-10.11372754,2020,270.963623,232.5,264.5,512.5,288,835,2544.5,3240,3681,3576,3438.5,1609.5,660,64,2783,4,29.5,53,27.5,0.854875267,2.475738781,-0.755574107
Brazil,Amazonas,Stable_Forest,-60.14530746,-6.288341736,2020,167.3313599,289.5,303.5,516,257,810,2593,3208,3276,3693.5,3277,1645.5,644,72,3867.5,4,27,53,31.5,0.854514599,2.968243044,-0.727848113
Brazil,Amazonas,Stable_Forest,-56.94847286,-10.31575865,2020,1.817379951,263,670,1002,1399,1414.5,2241,2623,2731,2849.5,2790.5,2836,1757,64,2646,4,142,102.5,67.5,0.32251817,0.545812162,-0.463166356
Brazil,Amazonas,Stable_Forest,-58.96887376,-8.140039031,2020,145.211136,110,128,214,110,470,1576,2114,1816,2371,2720,1138,441,58,2895,4,12,22,14,0.885773599,2.811470007,-0.789162576
Brazil,Amazonas,Stable_Forest,-60.16102798,-7.392550883,2020,184.927139,211.5,207,349,173,589.5,2140,2832.5,2688,3198,3326,1402,523,58,3115.5,4,18,35.5,21.5,0.879063249,2.891469303,-0.770167947
Brazil,Amazonas,Stable_Forest,-59.31364717,-6.635001604,2020,212.662094,250,318,522,306,717,2131,2733,2970,3098,2924,1389,578,82,3528,4,31,54,32,0.813186824,2.749793559,-0.70103091
Brazil,Amazonas,Stable_Forest,-62.33791541,-11.6604468,2020,12.12905693,260,259,426,221,682.5,2055,2560,2713.5,2923.5,3103,1428.5,628,159.5,3057.5,4,22.5,43,30,0.849378109,2.970090562,-0.728619218
Brazil,Amazonas,Stable_Forest,-58.62266305,-8.345124411,2020,146.855301,188.5,244.5,435,226.5,676.5,2154,2724.5,2867,3096.5,3131,1510.5,614,65,3147,4,24,44.5,25,0.853563905,2.758278492,-0.73652333
Brazil,Amazonas,Stable_Forest,-60.2460086,-9.077071704,2020,59.88350296,286.75,250,437,243.5,742.5,2198.25,2810.5,3106.5,3139,3068.05,1485.5,604,94,3046.433333,4,25,44.5,26.5,0.854626894,2.657323185,-0.753351212
Brazil,Amazonas,Stable_Forest,-56.286145,-7.680550763,2020,188.301254,115,198,367,169,664,2248,2829,3185,3028,2819,1248,494,58,3103,4,17,39,21,0.899224818,2.777163904,-0.793355882
Brazil,Amazonas,Stable_Forest,-63.81249994,-10.96173717,2020,215.245758,230,267,423,240,662,2233,2841,3088,3121,3163,1451,613,95,3317,4,25,43,29,0.855769217,2.818127845,-0.759042978
Brazil,Amazonas,Stable_Forest,-61.22804687,-9.418162018,2020,395.500092,311,207,296.5,185,583,1783.5,2345,1977,2565,3070,1276,540.5,76,2763,4,19,31,21.5,0.82886219,2.917616412,-0.739168704
Brazil,Amazonas,Stable_Forest,-56.72847544,-10.73194812,2020,78.64628601,195,235.5,464,244,919.5,2596,3084.5,3013,3364.5,3307,1573,673.5,63,2546.5,4,25,48,25,0.850168884,2.55277957,-0.733103275
Brazil,Amazonas,Stable_Forest,-61.87752882,-4.956230001,2020,15.82462215,265,274,473,268,803,2425,3062,3251,3430,3212,1590,627,264,3688,4,28,48,28,0.847684026,2.658645276,-0.745972097
Brazil,Amazonas,Stable_Forest,-61.28392208,-5.662126152,2020,237.819855,294.5,278,484,259,753,2436,3215,3337.5,3609.5,3125,1429.5,551,66,3717,4,26,49,30,0.855971098,2.741317898,-0.746696353
Brazil,Amazonas,Stable_Forest,-60.59608207,-7.261576515,2020,28.64554596,194,277,462,262,729,2310,2877,3155,3167,3122,1473,603,78,3428,4,27,47,28,0.84664911,2.728730428,-0.744539678
Brazil,Amazonas,Stable_Forest,-62.615405,-7.5310711,2020,214.327927,197.5,218.5,325.5,182.5,630.5,2095,2610,2383.5,2933.5,2986,1386.5,546.5,66,3574.5,4,19,34,22,0.857755244,2.989270678,-0.759689927
Brazil,Amazonas,Stable_Forest,-57.7922604,-10.26410552,2020,108.698723,180.5,208.5,415,225.5,751,2491.5,3255,3219,3514,3487.5,1525,639,63,2743,4,23,42,21,0.869066656,2.486915344,-0.771601558
Brazil,Amazonas,Stable_Forest,-59.98657515,-6.810442579,2020,22.05462456,190,194,317,175,537,2155,2729,2900,3062,2889,1445,573,65,3366,4,18,33,20,0.886178851,2.729366987,-0.802921951
Brazil,Amazonas,Stable_Forest,-59.63165078,-7.773975553,2020,180.734955,201.5,295,430,286.5,726,2137,2610.5,2575,2999.5,2891.5,1451,623.5,58,3080.5,4,30.5,44.5,31,0.799755394,2.74729892,-0.713810325
Brazil,Amazonas,Stable_Forest,-57.26450017,-10.02802826,2020,19.1691227,215,198,378,268,898,2325,2859,2907,3137,3208,2113,1085,63,2774,4,28,39,20,0.831181109,2.176674365,-0.769863009
Brazil,Amazonas,Stable_Forest,-55.33985968,-4.917243118,2020,139.315201,164,214,438,205,696,2582,3345,3726,3668,3551,1661,683,58,3474,4,21,45,22,0.895700812,2.626044153,-0.789625347
Brazil,Amazonas,Stable_Forest,-63.66751186,-9.628547457,2020,36.652069,337,358,431,296,681,1901,2557,2179,2715,3067,1541,772,100,3340,4,30,43,38,0.76080811,3.703776554,-0.669731796
Brazil,Amazonas,Stable_Forest,-62.25688737,-3.606151961,2020,155.672791,216,215,408,208,673,2130,2768,2866,3049,3004,1417,580,78,4033,4,22,42,22,0.864671409,2.655344655,-0.750763595
Brazil,Amazonas,Stable_Forest,-56.07809518,-4.691226992,2020,5.994279861,385,462,626,800,1145,1870,2383,2486,2679,2770,2802,1704,70,3194,4,82,64,47,0.513085842,1.102825746,-0.59768635
Brazil,Amazonas,Stable_Forest,-56.31803519,-5.082263636,2020,2.088536978,267,341,601,484,1012,2182,2521,2700,2889,2962,2210,1263,71,3597,4,49,63,37,0.695979893,1.817883511,-0.635867894
Brazil,Amazonas,Stable_Forest,-61.36638743,-11.56639319,2020,11.14897537,320,352,572,397,936,2243,2643,2730,3071,3040,1808,850,82,2772,4,40,59,35,0.746082485,2.358471492,-0.653543293
Brazil,Amazonas,Stable_Forest,-61.08898767,-10.83543404,2020,151.738998,225,244,430,255,685,2326,2979,3168,3296,3181,1566,649,70,2897,4,26,44,27,0.851007879,2.538340885,-0.760978341
Brazil,Amazonas,Stable_Forest,-56.7619826,-6.217644323,2020,245.432404,212,190,386,187,617,2026,2575,3063,2947,2885,1343,537,64,3162,4,20,39,19,0.8849231,2.604128939,-0.776166975
Brazil,Amazonas,Stable_Forest,-64.4035914,-11.3416347,2020,478.1479797,264.5,274,410.5,258,678,2478,3229.5,3144,3575.5,2983,1598,628,79,3306,4,27,42.5,28,0.848324537,2.735026535,-0.769025207
Brazil,Amazonas,Stable_Forest,-63.1180124,-10.29258212,2020,0.870712996,460,618,921,1068,1608,2167,2486,2642,2892,2774,3338,1985,82,3240,5,107,94,62,0.424258769,0.891077899,-0.483019918
Brazil,Amazonas,Stable_Forest,-62.87789272,-5.454884816,2020,221.678146,305.5,278.5,520,260,834,2490,3093.5,3674.5,3492.5,3364,1592.5,634,315,3625.5,4,26.5,53.5,29,0.86783582,2.712719472,-0.752056241
Brazil,Amazonas,Stable_Forest,-63.80648123,-9.255117793,2020,287.746063,353,358,503,364,857,2412,3055,2945,3429,3450,1638,698,100,3380,4,37,52,37,0.779993951,2.639059305,-0.708236635
Brazil,Amazonas,Stable_Forest,-64.43242732,-8.970172185,2021,99.017899,204.5,244.5,417,234,718,2047,2610.5,2514.5,2790,3002,1272.5,516.5,136,3291,4,24,42.5,24.5,0.829725325,2.733429222,-0.715503991
Brazil,Amazonas,Stable_Forest,-64.55369988,-9.300213221,2021,1.391625047,406,362,544,489,993,1884,2140,1929,2377,2402,2156,1362,83,3111,4,50,56,37,0.59553349,1.675197766,-0.560048521
Brazil,Amazonas,Stable_Forest,-59.79613231,-5.612539148,2021,183.7544098,272,316.5,480.5,275.5,760,2175,2749.5,2721.5,3168,3346,1486.5,610.5,132,3735,4,28.5,49.5,32.5,0.816149473,3.054827026,-0.699875057
Brazil,Amazonas,Stable_Forest,-62.24251432,-6.736062074,2021,91.800362,254,250,464,276,797,2111,2726,2901,3094,3083,1467,600,216,3611,4,29,48,28,0.826251209,2.445956019,-0.724219918
Brazil,Amazonas,Stable_Forest,-57.2631527,-5.489739449,2021,279.115845,185.5,207.5,421.5,195.5,636,2212,2783.5,2895,3181.5,3163,1381,538.5,79,3618,4,20.5,43,21.5,0.873483241,2.685802408,-0.74581635
Brazil,Amazonas,Stable_Forest,-58.33942424,-8.445286565,2021,59.53157043,324.5,326.5,498.5,254.5,816,2671.5,3448.5,3566,3723,3570,1752.5,712,87.5,3144.5,4,27.5,51,34.5,0.86677134,3.129666383,-0.754705369
Brazil,Amazonas,Stable_Forest,-57.10495938,-3.874299073,2021,386.266022,230.5,218.5,405.5,231,725,2189.5,2647.5,2809,2976,3037.5,1545,637,66,3724.5,4,24,42,22.5,0.848026335,2.520285463,-0.747705698
Brazil,Amazonas,Stable_Forest,-64.29237997,-10.84253073,2021,244.433121,198,213.5,370,209,657.5,2201.5,2821,3073,3152.5,3150,1495.5,600.5,136.5,2884,4,21.5,38,22,0.872638643,2.625836619,-0.785071135
Brazil,Amazonas,Stable_Forest,-61.89729176,-8.802726216,2021,0.624369025,374.5,470.5,588,701.5,1010,1486,1764,1648,2056.5,2195.5,2428,1523.5,68,2660.5,4,71,60,48.5,0.402851671,1.015884942,-0.474060833
Brazil,Amazonas,Stable_Forest,-56.82190023,-6.276663637,2021,188.808685,187,208,336,195,717,2192,2759,2566,3053,2910,1511,639,64,3536,4,20,35,21,0.858746827,2.722783647,-0.768435538
Brazil,Amazonas,Stable_Forest,-62.48128652,-8.314761354,2021,138.574081,231,254,390,248,692,1999,2532,2629,2803,2891,1329,562,89,3286,4,26,40,26,0.827598214,2.689787619,-0.741636276
Brazil,Amazonas,Stable_Forest,-60.35326745,-11.06019253,2021,190.363068,208,242,444,249,708,2441,3185,3321,3522,3417,1493,618,70,2837,4,26,45,26,0.86050421,2.559146951,-0.764143407
Brazil,Amazonas,Stable_Forest,-59.80053405,-8.620008888,2021,203.787979,244.5,228,373,216,678.5,2159,2753,2391,3057.5,3118.5,1345.5,535.5,59,2831,4,22.5,38.5,23.5,0.834292293,2.748988878,-0.730101287
Brazil,Amazonas,Stable_Forest,-57.05420457,-3.930623441,2021,279.085327,208.5,199.5,415.5,219,819,2369.5,3034.5,2965.5,3401,3114.5,1692.5,665.5,66,3736.5,4,22.5,43,21.5,0.862458766,2.466103978,-0.754214704
Brazil,Amazonas,Stable_Forest,-62.71664513,-7.477621341,2021,6.18827486,295,308,487,325,868,2115,2495,2516,2750,2657,1566,686,96,3559,4,33,50,32,0.771207333,2.539406583,-0.67565769
Brazil,Amazonas,Stable_Forest,-61.18178363,-10.70374102,2021,416.380035,405,608,864,1164,1506,2060,2417,2840,2852,2786,3457,2048,88,2600,4,118,88,62,0.418581426,0.795821462,-0.533477306
Brazil,Amazonas,Stable_Forest,-59.20001029,-6.616675972,2021,106.321854,222,237,444,226,741,2322,2912,3189,3279,3160,1361,542,65,3199,4,23,45,26,0.86764276,2.675636626,-0.755573928
Brazil,Amazonas,Stable_Forest,-63.74701276,-9.103033016,2021,2.145004988,468.5,610,878.5,937.5,1515.5,2292.5,2610,2632,2941,3015.5,3149,1840.5,85.5,2942,4,96,90.5,63,0.474716336,1.150217214,-0.499501497
Brazil,Amazonas,Stable_Forest,-61.67343159,-11.41152363,2021,139.124527,259.5,310.5,493,340,846.5,2438,3135,2934,3476.5,3215.5,1675.5,756,81,2829.5,4,35,50.5,32.5,0.792302966,2.450637695,-0.712284803
Brazil,Amazonas,Stable_Forest,-57.64188243,-11.57268139,2021,1.171597004,593,793,1091,1606,1996,2185.5,2425.5,2560,2828.5,2888.5,4473.5,3133.5,86,2180.5,5,164,111,82,0.228996634,0.38163053,-0.402355522
Brazil,Amazonas,Stable_Forest,-58.66892629,-9.538446434,2021,216.7385101,263,289,430,283,903,2200,2729,2668,3111,3209,1590,736,70,2698,4,28,44,30,0.808200598,2.710843373,-0.722401559
Brazil,Amazonas,Stable_Forest,-60.08781528,-7.234627056,2021,196.112274,202,236,451,215.5,695.5,2265,2785.5,3224.5,3081.5,2983,1479,593,61,3145.5,4,22.5,46,25,0.874709308,2.736947426,-0.754591227
Brazil,Amazonas,Stable_Forest,-56.88909422,-8.197441378,2021,0.196649998,157,238,408,182,651,2716,3539,4072,3718,3150,1319,456,56,2744,4,20,43,25,0.914433479,2.877218935,-0.817857146
Brazil,Amazonas,Stable_Forest,-56.82594265,-10.87936166,2021,27.69845581,228.1428571,242,473,245.75,866,2585,3097.333333,3249,3395,3309,1265,481,91,2610,4,25,49,25,0.859360456,2.580555078,-0.745835543
Brazil,Amazonas,Stable_Forest,-61.78329555,-7.300832893,2021,100.5012054,295,262,381,210,591,1906,2473,2537,2805,3109,1281,502,137,3561,4,22,39,27,0.84710592,3.173758865,-0.738862216
Brazil,Amazonas,Stable_Forest,-58.73522196,-8.991552089,2021,408.418793,297,292,478,280,795,2639,3388,3369,3689,3553,1521,624,87,2872,4,28,49,30,0.846533298,2.700174825,-0.751494646
Brazil,Amazonas,Stable_Forest,-64.38427762,-6.037981266,2021,209.385956,205,212,332,178,564,2002,2525,2429,2779,3025,1496,587,72,3211,4,18,33,23,0.863444567,2.94942348,-0.759507418
Brazil,Amazonas,Stable_Forest,-61.58036613,-6.151707981,2021,197.745651,319,258,374,229,574,1826,2438,2339,2686,3104,1351,542,144,3667,4,24,38,27,0.821651101,2.96514896,-0.724290431
Brazil,Amazonas,Stable_Forest,-62.60767948,-9.585518155,2021,493.350769,211,262,418,223,632,1870,2425,2801,2733,2679,1238,532,82,2716,4,24,42,27,0.852513254,2.963218391,-0.740292013
Brazil,Amazonas,Stable_Forest,-62.11719934,-7.623148417,2021,130.884293,226,264,416,248,731,2076,2639,2562,3030,3076,1347,562,96,3374,4,25,42,27,0.82348752,2.793336552,-0.72061789
Brazil,Amazonas,Stable_Forest,-61.13812551,-8.759247757,2021,86.666489,336.5,303,477.5,286,781,2345.5,2952.5,3240,3361,3388.5,1546.5,632.5,74,3020,4,29.5,49,31.5,0.837776542,2.750977836,-0.743106902
Brazil,Amazonas,Stable_Forest,-57.16631431,-5.240906115,2021,103.7005157,162,174.5,353.5,189,701.5,2062,2732.5,2583.5,3132.5,3122,1551,615.5,120.5,3703.5,4,20,36.5,17.5,0.863660932,2.484178857,-0.759278178
Brazil,Amazonas,Stable_Forest,-61.58431871,-7.316643242,2021,229.462952,310,342,459,265,679,2319,3100,3128,3386,3257,1258,492,143,3228,4,28,48,38,0.843796074,3.322887651,-0.744075835
Brazil,Amazonas,Stable_Forest,-57.70296787,-8.822668816,2021,202.784622,243,274,437,248,728,2083,2662,2744,2957,3175,1483,626,64,2702,4,27,46,28,0.834224582,2.865013774,-0.725243628
Brazil,Amazonas,Stable_Forest,-63.06375415,-10.7381465,2021,95.979309,194,212,416,242,680,1962,2599,2965,2943,2855,1463,603,81,2563,4,25,44,22,0.849080145,2.407178218,-0.753918946
Brazil,Amazonas,Stable_Forest,-62.52198021,-8.331200524,2021,126.341957,272,256,413,212,607,2055,2572,2763,2889,3109,1421,566,88,3150,4,21,42,26,0.857478976,3.013941399,-0.739924431
Brazil,Amazonas,Stable_Forest,-61.78069043,-7.155754974,2021,350.788879,238,239,415,218,643,1976,2603,2787,2840,2935,1312,515,156,3669,4,23,42,25,0.854908466,2.78814847,-0.740787029
Brazil,Amazonas,Stable_Forest,-55.381811,-9.898850526,2021,78.547562,239,210,404,253,841,1931,2404,2600,2681,2647,1814,955,69,2262,4,26,41,22,0.822642803,2.306407233,-0.731025279
Brazil,Amazonas,Stable_Forest,-57.95458598,-11.990398,2021,74.366013,347,670,922,1328,1457,1861,2142,2504,2494,2715,3258,2080,109,2216,5,134,95,70,0.306889355,0.539647577,-0.461762995
Brazil,Amazonas,Stable_Forest,-57.67934217,-8.987060513,2021,153.481674,229,272,428,243,724,2063,2692,2951,3021,3127,1410,562,64,2762,4,25,44,28,0.847839713,2.856540084,-0.746670604
Brazil,Amazonas,Stable_Forest,-58.03750048,-7.429830968,2021,130.564758,178,257,484.5,245.5,839,2685.5,3293.5,3380,3683,3764.5,1755.5,694.5,65,3293.5,4,25.5,50,26.5,0.864570379,2.677686656,-0.749256074
Brazil,Amazonas,Stable_Forest,-59.0034589,-4.901522601,2021,273.299438,211,264,464,256,677,1975,2783,2769,3002,3120,1293,495,124,3596,4,27,47,30,0.83074379,2.700988822,-0.712960124
Brazil,Amazonas,Stable_Forest,-58.00713742,-11.37262658,2021,48.77007294,174,205,332,206,637,1922,2517,1972,2761,2904,1269,502,86,2598,4,22,34,20,0.8108356,2.641340114,-0.711805582
Brazil,Amazonas,Stable_Forest,-61.42495758,-10.09827652,2021,30.57533646,522,597,904,1282,1526,2049,2428,2230,2726,2778,3348,2096,88,2850,5,131,92,61,0.269931674,0.435221743,-0.423101455
Brazil,Amazonas,Stable_Forest,-55.46274921,-5.640476753,2021,340.054382,275,280,516,249,790,2696,3345,3510,3642,3644,1524,690,69,3074,4,26,53,29,0.867517948,2.80636833,-0.743666172
Brazil,Amazonas,Stable_Forest,-57.80726227,-3.736317845,2021,218.332916,184,237,393,195,645,2206,2753,2954,3024,3088,1390,561,78,4045,4,20,40,25,0.876151145,2.938232162,-0.765162826
Brazil,Amazonas,Stable_Forest,-56.89250782,-9.671576759,2021,22.61356544,220,247,407,233,715.5,2273.5,2851.5,2639,3173,3106,1529.5,661.5,72.5,2971,4,24,42,25.5,0.837743759,2.752230611,-0.732764304
Brazil,Amazonas,Stable_Forest,-60.39342214,-7.633209548,2021,69.657562,366,332,546,296,796,2997,3750,4395,4176,3942,1654,683,64,2982,4,31,56,36,0.873800874,2.783134166,-0.778992116
Brazil,Amazonas,Stable_Forest,-57.10343224,-10.5107829,2021,269.685333,196,229,394,224,634,1938,2468,2692,2783,2914,1280,544,74,2320,4,23,41,24,0.846364856,2.660056047,-0.744653285
Brazil,Amazonas,Stable_Forest,-63.68996974,-9.380163281,2021,179.313797,317,297,558,304,786,2363,2899,3304,3292,3176,1568,660,88,3021,4,31,57,31,0.831485569,2.584869895,-0.711030543
Brazil,Amazonas,Stable_Forest,-58.24546047,-8.272450704,2021,259.899628,206,265,455,226,768,2635.5,3332,3463,3706.5,3548.5,1527,619.5,86.5,2906.5,4,24.5,46,28.5,0.877473593,2.85701677,-0.76773864
Brazil,Amazonas,Stable_Forest,-56.06956118,-5.857419894,2021,306.342285,170,188,360,177,679,2262,2764,2840,3087,3283,1334,545,64,3766,4,18,37,20,0.882664919,2.670477337,-0.774999976
Brazil,Amazonas,Stable_Forest,-57.3679861,-11.34819241,2021,1.620005012,448,633,881,1273,1613.5,2048.5,2346,2518,2753.5,2772,3596.5,2403,86,2200.5,5,130,90.5,65,0.328409404,0.575376652,-0.481612235
Brazil,Amazonas,Stable_Forest,-60.8167083,-9.515180068,2021,152.173828,282,263,452,291,807,2318,3046,2953,3381,3433,1560,648,70,2962,4,30,46,27,0.820591867,2.439963336,-0.734508097
Brazil,Amazonas,Stable_Forest,-59.66524777,-5.858857199,2021,91.013763,248,305,503.5,257.5,753,2523,3323,3363.5,3598.5,3351,1467,550.5,147.5,3711,4,27.5,52,30.5,0.857774079,2.961479786,-0.73959142
Brazil,Amazonas,Stable_Forest,-63.57202094,-9.79859854,2021,1.564893007,549,684,927,1302,1645,1993,2266,2410,2657,2658,4030,2657,88,2650,5,133,96,70,0.298491389,0.543883762,-0.444411159
Brazil,Amazonas,Stable_Forest,-63.75258231,-4.862805212,2021,185.599609,313,308,514,281,766,1985,2636,2919,2887,2866,1403,551,144,3849,4,28,52,33,0.824374974,2.87238676,-0.700553477
Brazil,Amazonas,Stable_Forest,-60.04496564,-4.713056054,2021,176.992645,249,258,435,263,750,2288,2948,3012,3214,3098,1584,634,122,3902,4,26,45,27,0.839389324,2.587537651,-0.747606635
Brazil,Amazonas,Stable_Forest,-64.62817022,-7.874137707,2021,99.2154541,325,281,485.5,278.5,803.5,2271.5,2878.5,2848,3228.5,3124.5,1553,612.5,102,3646,4,28.5,49.5,29.5,0.821845531,2.662694301,-0.708714545
Brazil,Amazonas,Stable_Forest,-64.33954152,-7.917526335,2021,117.028244,185,216,350,213,534,1642.5,2198,2564,2581,2757.5,1144.5,436,91.5,3658.5,4,21.5,36,22,0.846597075,2.643949618,-0.759780347
Brazil,Amazonas,Stable_Forest,-61.01595463,-6.208481507,2021,271.654388,242,219,361,225,675,2134,2824,2832,3196,3123,1391,535,138,3697,4,23,37,23,0.852796853,2.565439874,-0.773880363
Brazil,Amazonas,Stable_Forest,-63.68691547,-9.069705519,2021,1.316197991,546,808.5,1013,1281,1710,2198.5,2518.5,2626,2905,3033,3990,2603,92,2903.5,5,131,104,82.5,0.344253898,0.791316115,-0.443253636
Brazil,Amazonas,Stable_Forest,-57.05752833,-6.461447091,2021,210.683228,205.5,173.5,295.5,147,625.5,2197.5,2817,2363,3158.5,3047,1393,557,64,3188,4,16,31.5,16.5,0.882868528,2.848695205,-0.777694166
Brazil,Amazonas,Stable_Forest,-62.99718899,-8.447801848,2021,350.229736,298.5,291,414.5,225.5,661.5,2192.5,2698,2798,3142.5,3272,1472.5,635.5,82.5,3155,4,23,43,30,0.850835145,3.265422696,-0.741945505
Brazil,Amazonas,Stable_Forest,-61.81725187,-10.62765372,2021,98.407333,231.5,337,496.5,384.5,776.5,1918.5,2363,2606,2742,2774,1556.5,739,85,2675,4,40,51,35,0.74285239,2.327152734,-0.679935515
Brazil,Amazonas,Stable_Forest,-64.07049609,-9.17382026,2021,220.9324799,309,289,438,258,679,2320,3115,3268,3517,3313,1587,627,88,3412,4,27,44,29,0.853658557,2.84015852,-0.763626575
Brazil,Amazonas,Stable_Forest,-60.02080096,-10.86786322,2021,126.979118,158,184.5,306,171.5,614.5,1936.5,2473.5,2465,2782.5,2772,1376.5,571.5,63,2625,4,18,31,19,0.869903266,2.715808171,-0.779141128
Brazil,Amazonas,Stable_Forest,-57.73494789,-9.44825558,2021,134.608582,284.5,308,453.5,456.5,821,1829.5,2217.5,2324.5,2548.5,2745.5,1949.5,974,81,2538,4,47.5,48,30.5,0.671700835,1.695407515,-0.673506141
Brazil,Amazonas,Stable_Forest,-59.70773808,-11.66233326,2021,152.912277,141,197,382,227,684,2053,2593,2868,2960,2687,1405,578,63,2690,4,24,39,21,0.853311777,2.397857273,-0.764923096
Brazil,Amazonas,Stable_Forest,-58.07298393,-7.482472243,2021,341.911346,180.5,229,326.5,184,649,2337.5,3061.5,2759,3405.5,3697,1435.5,558,64,3053.5,4,19,33.5,23.5,0.874957502,2.999068251,-0.788364947
Brazil,Amazonas,Stable_Forest,-63.22518141,-11.08741148,2021,185.0489502,269.5,308,527,349.5,951.5,2650.5,3386,3551,3762,3465,1743.5,774.5,108,2336,4,35.5,54.5,32.5,0.820792198,2.397050015,-0.741539955
Brazil,Amazonas,Stable_Forest,-63.3681932,-5.003301722,2021,37.88224792,246,283,431,243,706,2157,2721,2746,3034,3127,1393,540,137,3807,4,25,44,28,0.837403834,3.004801921,-0.728674829
Brazil,Amazonas,Stable_Forest,-55.42789458,-10.50278789,2021,2.088536978,503,771,1084,1537,2012.5,2443.5,2784,2900,3217.5,3054,4354.5,2807.5,83.5,2318.5,5,157.5,110.5,79,0.307189554,0.537418185,-0.455823302
Brazil,Amazonas,Stable_Forest,-59.97148345,-7.764273748,2021,141.346603,219,220,397,210,595,2068,2694,3279,2947,3165,1260,514,60,2911,4,22,41,25,0.879621685,2.654844291,-0.784004331
Brazil,Amazonas,Stable_Forest,-57.01674482,-8.77999884,2021,122.269707,148,213,392,200,612,2142,2650,3113,2987,2924,1356,540,64,2680,4,20,41,22,0.87926352,2.680839315,-0.776319563
Brazil,Amazonas,Stable_Forest,-60.43124121,-6.92336081,2021,315.647522,161,220,418,241,672,2088,2581,2626,2982,3073,1421,583,65,3403,4,25,43,23,0.831880033,2.460792406,-0.725361347
Brazil,Amazonas,Stable_Forest,-60.08143724,-5.883830364,2021,428.118134,307,305.5,493.5,279.5,791.5,2448.5,3092,3045,3477,3345.5,1685,679,126,3913,4,29,51,30.5,0.831854403,2.843117097,-0.721068263
Brazil,Amazonas,Stable_Forest,-62.53177184,-8.15584938,2021,191.419189,254.5,302.5,472.5,292,748,2316,3006,3225.5,3336,3075,1482,605,91,3203.5,4,31,49,30.5,0.833972991,2.706430483,-0.74445647
Brazil,Amazonas,Stable_Forest,-64.82642841,-7.012204192,2021,264.809143,215,286,498,317,843,2106,2675,2719,3055,3044,1559,641,66,3847,4,32,51,29,0.791172624,2.424303593,-0.690394759
Brazil,Amazonas,Stable_Forest,-55.36644981,-5.022256175,2021,37.426029,200,234,357,193,599,2227,2975,2792,3094,2980,1532,622,75,3143,4,20,37,24,0.870686769,2.958788707,-0.773261368
Brazil,Amazonas,Stable_Forest,-60.38084573,-9.314316771,2021,1.83543098,534,576,853,1048,1413,2266,2637,2758,3020,3001,2993,2030,70,3190,4,107,87,60,0.449290603,0.904379099,-0.527554691
Brazil,Amazonas,Stable_Forest,-64.21979609,-5.117747089,2021,4.510375977,212.5,267.5,446.5,247.5,765.5,2272,2949,3050.5,3199,3081,1473,587,78,3535.5,4,26,46.5,27.5,0.849909008,2.769489181,-0.744638264
Brazil,Amazonas,Stable_Forest,-60.15285331,-7.647762256,2021,147.479889,217,254,444,226,721,2369,2972,3156,3306,3208,1426,571,59,3068,4,23,46,28,0.866351247,2.808665644,-0.75333333
Brazil,Amazonas,Stable_Forest,-59.6855497,-8.457054495,2021,204.5589905,253.5,217.5,377,240,729,2168,2705.5,2642,3070.5,3189,1441,579,59,2771,4,25,39.5,22,0.833449006,2.449270929,-0.750248432
Brazil,Amazonas,Stable_Forest,-60.02430439,-10.45643482,2021,63.96343994,202,208.5,298.5,214,604.5,1791.5,2342,2037.5,2705.5,2822.5,1267.5,522,63,2603,4,22.5,31,22,0.809904516,2.592039801,-0.744434953
Brazil,Amazonas,Stable_Forest,-61.76649705,-9.530361597,2021,229.045181,175,246.5,399,245,600,1936,2571,2872,2829,2879,1319,528.5,65,2738.5,4,25.5,41.5,25.5,0.842797577,2.633056029,-0.756037891
Brazil,Amazonas,Stable_Forest,-58.30744422,-9.66986996,2021,133.576035,200,229,376,230,657,1951,2495,2505,2780,3031,1318,541,69,2603,4,24,39,25,0.831809878,2.622780724,-0.738979518
Brazil,Amazonas,Stable_Forest,-57.36744711,-5.934854672,2021,292.940308,265,264,377,212,677,2044,2710,2443,2942,2924,1421.5,572.5,73,3566.5,4,22,39,27.5,0.840301335,3.212845622,-0.732624114
Brazil,Amazonas,Stable_Forest,-58.63901239,-9.627649142,2021,204.280197,214,262,383,225,689,1812,2460,2427,2705,3010,1324,580,69,2602,4,23,39,24,0.830316722,3.036403751,-0.727402151
Brazil,Amazonas,Stable_Forest,-57.61286684,-9.699873691,2021,45.553631,207,247,427,242,692,2251.5,2940.5,3296,3217,3341.5,1394.5,563,80,2676,4,25,43,26.5,0.863199532,2.635939927,-0.770615101
Brazil,Amazonas,Stable_Forest,-62.38417864,-8.412318394,2021,97.392776,269,301,468,298,772,2197,2773,3051,3163,2998,1489,636,87,3220,4,32,49,30,0.822036445,2.665053243,-0.734015346
Brazil,Amazonas,Stable_Forest,-58.50103116,-11.97180288,2021,66.737572,259,276,478,276,774,2230,2774,2907,3047,2838,1510,612,100,2584,4,30,49,29,0.826578677,2.637329591,-0.717577577
Brazil,Amazonas,Stable_Forest,-57.38783886,-3.995391973,2021,209.683609,243,202,369,195,646.5,2105.5,2691,2592.5,2988.5,3054.5,1467.5,588,66,3578.5,4,20.5,38,21,0.86008966,2.665666,-0.75080198
Brazil,Amazonas,Stable_Forest,-56.09031227,-5.293996548,2021,1.157595992,408.5,374.5,625.5,500.5,1202,2127.5,2430.5,2501,2775.5,2613,2454.5,1485.5,68,3519,4,51,64.5,39,0.666500092,1.854891052,-0.599872053
Brazil,Amazonas,Stable_Forest,-57.29082081,-11.90514788,2021,1.748222947,516,717,899,1290,1557,1906,2112,2148,2407,2399,4090,2840,75,2299,5,132,92,73,0.249563694,0.475451624,-0.409911394
Brazil,Amazonas,Stable_Forest,-64.09591842,-5.757167909,2021,145.275497,212,208,356,286,661,1832,2282,2253,2661,3061,1363,581,72,3467,4,28,37,26,0.77471447,2.040456432,-0.727098525
Brazil,Amazonas,Stable_Forest,-64.17497016,-9.831027722,2021,163.906754,393,326,492,309,929.5,2710.5,3499.5,3680,3906,3387,2120.5,1008,82,3157,4,32,50,33.5,0.845073938,2.727346278,-0.764141917
Brazil,Amazonas,Stable_Forest,-56.18930661,-7.578771642,2021,290.890778,107,131,207.5,125,552,1948,2350.5,2076.5,2725.5,2917,1213,476.5,58,2995,4,13.5,22.5,14,0.886441052,2.644308943,-0.818301201
Brazil,Amazonas,Stable_Forest,-63.85013935,-7.146053169,2021,217.328781,173,207,353,193,565,1829,2448,2684,2778,2817,1199,476,59,3297,4,21,36,22,0.865832448,2.718838682,-0.767533779
Brazil,Amazonas,Stable_Forest,-61.67567738,-7.112186683,2021,45.24669266,245,255,395,234,679,1942,2460,2415,2729,3032,1333,548,156,3708,4,24,40,25,0.823329568,2.858453473,-0.718861222
Brazil,Amazonas,Stable_Forest,-61.93699729,-6.551548114,2021,50.929459,262,288,431,256,708,1984,2483,2658,2851,2869,1404,557,162,3809,4,27,43,30,0.824296474,2.950859951,-0.720945299
Brazil,Amazonas,Stable_Forest,-57.66434031,-10.76931804,2021,257.373291,252,246,406,229,691,2086,2816,3084,2955,3117,1314,560,81,2486,4,25,42,26,0.861756742,2.730489671,-0.767335236
Brazil,Amazonas,Stable_Forest,-64.27046108,-7.235525372,2021,174.2818298,179,209.5,326.5,222,624.5,1771.5,2296.5,2250.5,2623,2870.5,1403,596,66,3792,4,23.5,33.5,22.5,0.820424676,2.520188843,-0.746604562
Brazil,Amazonas,Stable_Forest,-55.07117358,-8.216216167,2021,0.919861972,515,493,860,776,1470,2263,2611,2945,3005,2929,3412,2052,64,2565,4,79,89,51,0.582907796,1.388782174,-0.547963202
Brazil,Amazonas,Stable_Forest,-60.97894404,-5.634368209,2021,191.817993,196,223,340,203,638,1952,2533,2544,2941,2978,1312,509,132,3696,4,21,35,23,0.852202415,2.799569481,-0.764216363
Brazil,Amazonas,Stable_Forest,-59.69408369,-5.899101724,2021,195.313522,329.5,358.5,510,283.5,807,2460.5,3113,2951,3455.5,3341.5,1472.5,577.5,152.5,3661.5,4,29.5,52.5,36.5,0.824702442,3.395061728,-0.705287516
Brazil,Amazonas,Stable_Forest,-63.49584381,-11.13529168,2021,264.415985,207,239,405,257,694,2049,2648.5,2735,3094.5,2969,1509.5,641.5,109.5,2528.5,4,26,42,26,0.828208566,2.492456246,-0.74203819
Brazil,Amazonas,Stable_Forest,-55.43714722,-9.130162137,2021,335.829468,141,194,321,225,636,1859,2378,2123,2641,3010,1376,596,62,2521,4,24,33,20,0.808347523,2.350173353,-0.737315893
Brazil,Amazonas,Stable_Forest,-64.40943045,-8.247118213,2021,165.655243,154,191,334.5,195.5,673,1856,2518.5,2176,2764.5,2805.5,1227.5,482,121.5,3453,4,20.5,34.5,20,0.835125446,2.582138201,-0.733519197
Brazil,Amazonas,Stable_Forest,-57.24258128,-5.027556235,2021,312.962311,191.5,193.5,352.5,201,683.5,1921,2460.5,2453,2778,3024.5,1400,575.5,119.5,3312.5,4,20.5,36,18.5,0.848530531,2.548953028,-0.748707891
Brazil,Amazonas,Stable_Forest,-59.78957461,-11.20850438,2021,202.733231,186.5,188,312,185,572,1828.5,2372.5,2396,2700,2980,1201,508,62,2365.5,4,19.5,32,19.5,0.85664469,2.635908441,-0.769571662
Brazil,Amazonas,Stable_Forest,-62.80611733,-7.626472183,2021,180.234695,301,319,455,272,744,2092,2604,2640,2943,3026,1526,604,96,3284,4,28,47,33,0.813186824,3.14809891,-0.70597738
Brazil,Amazonas,Stable_Forest,-63.17945716,-9.676427662,2021,199.614059,277,255,444,295,681,2230,2812,3464,3149,3054,1459,653,88,2996,4,30,46,24,0.843043387,2.384499624,-0.772773802
Brazil,Amazonas,Stable_Forest,-59.52313429,-6.473215022,2021,352.680511,209,197.5,375.5,198,644.5,2082.5,2678,2782,2981.5,3237.5,1336.5,510.5,65,3350,4,20.5,39,21.5,0.867114067,2.594638016,-0.762153625
Brazil,Amazonas,Stable_Forest,-59.45252671,-11.34397032,2021,103.461739,201,236.5,417.4,221.3333333,758.3333333,2347.75,2996,3168,3304.5,3028.333333,1536.75,641.6666667,69,2851,4,23,43,24.5,0.869394183,2.705101135,-0.767166853
Brazil,Amazonas,Stable_Forest,-64.08684543,-8.478434399,2021,45.91795349,167,220,399.5,221,735,2269.5,2832,2903,3163.5,3162.5,1441,551.5,135,3364.5,4,22.5,41,24,0.858514726,2.598837209,-0.758062065
Brazil,Amazonas,Stable_Forest,-62.03015259,-8.027030969,2021,180.967331,226,246,410,228,652,2079,2652,2829,3045,3134,1458,589,95,3387,4,23,41,26,0.850834131,2.763493413,-0.74683547
Brazil,Amazonas,Stable_Forest,-55.72361997,-9.789974714,2021,1.286623001,400,484,764,830,1385,2551,2935,3128,3386,3280,2437,1283,69,2412,4,85,78,49,0.580596268,1.282652378,-0.607399821
Brazil,Amazonas,Stable_Forest,-63.3499574,-8.033858165,2021,90.978142,226,268.5,477,262.5,796.5,2289.5,2938.5,3074,3287,3225,1529,624,222,3184.5,4,27.5,49,29,0.84264946,2.666192508,-0.731343269
Brazil,Amazonas,Stable_Forest,-60.29864988,-10.00215678,2021,150.025162,198,211,324,192,696,2068,2695,2580,3102,2912,1451,598,76,2964,4,21,33,24,0.861471832,2.776098582,-0.776859522
Brazil,Amazonas,Stable_Forest,-59.49914928,-11.97988771,2021,33.550289,202.4,250.6666667,466.875,252.5555556,861.5,2303,2821,2900,3125,3065,1507.833333,610.2857143,108,2682,4,26,48,26,0.839777231,2.609519429,-0.722665668
Brazil,Amazonas,Stable_Forest,-58.88685758,-9.979159912,2021,6.149075985,461,320,561,398,1117,2496,3064,3208,3439,2971,2297,1175,76,2646,4,41,57,33,0.779256821,2.197372537,-0.702308297
Brazil,Amazonas,Stable_Forest,-64.57552895,-8.557036986,2021,217.837555,155.5,196,374.5,181,647,2284.5,2870.5,3068.5,3217,2941.5,1362.5,543,133,3411.5,4,19,39,21,0.888598263,2.688046919,-0.782457173
Brazil,Amazonas,Stable_Forest,-61.40061324,-8.727357564,2021,171.925644,216,215,357,196,589,1839,2326,2508,2682,2994,1209,484,76,3022,4,20,37,22,0.855029583,2.788902292,-0.750785351
Brazil,Amazonas,Stable_Forest,-64.45991577,-5.898383071,2021,113.9718552,209,205,402,201,768,2708,3386,3288,3757,3494,1545,614,72,3502,4,22,40,20,0.884780765,2.609467456,-0.78211385
Brazil,Amazonas,Stable_Forest,-64.56223388,-7.767417851,2021,146.6046295,280.5,247.5,363.5,233.5,650,1768,2214,1967,2546.5,2676.5,1197.5,497.5,92,3558.5,4,24.5,37.5,25,0.787775517,2.864815733,-0.688049793
Brazil,Amazonas,Stable_Forest,-56.65535258,-10.91277899,2021,123.2544403,255,258,451,294,811,2195,2655,2570,3039,3101,1492,639,86,2553,4,30,46,27,0.794692755,2.370833333,-0.701423347
Brazil,Amazonas,Stable_Forest,-56.11187183,-10.28961767,2021,50.289669,161,212,404,236,809,2733,3485,3388,3850,3409,1667,709,92,2784,4,24,42,22,0.869757175,2.451010886,-0.786919832
Brazil,Amazonas,Stable_Forest,-60.62051624,-10.4495178,2021,174.458893,255,293.5,502,305,718.5,1959.5,2473.5,3048,2849.5,2708,1378,588.5,70,2825,4,31,51.5,30.5,0.818073392,2.560918682,-0.717183113
Brazil,Amazonas,Stable_Forest,-60.15159567,-11.11489993,2021,274.625366,170.5,260,447.5,326,738,1960,2526,2674.5,2887,2766,1442.5,644,64,2695,4,33.5,46,27,0.782702863,2.189539437,-0.713324785
Brazil,Amazonas,Stable_Forest,-56.84849037,-11.69296581,2021,1.391625047,508,676,980,1644,1939,2115,2345,2462,2616,2611,3951,3120,80,2341,5,168,100,69,0.199220657,0.281796886,-0.430563629
Brazil,Amazonas,Stable_Forest,-63.41274964,-11.13834596,2021,219.525024,205,264,450.5,266.5,745,2142.5,2773.5,2665.5,3070,2918.5,1385,604,109.5,2591.5,4,27.5,46.5,28,0.818212807,2.624152264,-0.710847259
Brazil,Amazonas,Stable_Forest,-59.90330132,-9.982573511,2021,40.11849976,218.5,179,250.5,168,428,1251.5,1666,1777.5,1877,2485,1151.5,534,64,2192.5,4,18.5,26,18.5,0.827293754,2.786530471,-0.752958596
Brazil,Amazonas,Stable_Forest,-57.33241281,-8.505833015,2021,243.1306,189,220,405,170,662,2466,3351,3355,3535,3372,1471,613,64,2832,4,19,42,24,0.903546095,2.920946442,-0.784574449
Brazil,Amazonas,Stable_Forest,-60.00714657,-8.335063279,2021,102.338097,237.5,246.5,423.5,258,681,2186.5,2804.5,2641.5,3108,2999,1461,596,59,2788.5,4,27.5,43,26.5,0.822038293,2.544571368,-0.723654151
Brazil,Amazonas,Stable_Forest,-58.56103862,-4.569056114,2021,181.419144,238,294,473,267,850,2332,2770,2765,2988,2952,1508,605,108,3848,4,29,49,30,0.823878646,2.887193712,-0.707844377
Brazil,Amazonas,Stable_Forest,-59.08538526,-11.82349102,2021,212.321808,193.5,228.5,388,219,678.5,2158,2521,2795,2939.5,3063,1243.5,498,111,2654.5,4,23,40,24,0.854678154,2.687532603,-0.756204844
Brazil,Amazonas,Stable_Forest,-61.7891346,-11.17841082,2021,0.119067997,448,615,977,1222,1793,2687,3152,3288,3600,3308,3445,2066,87,2533,4,126,100,63,0.458093137,0.859615545,-0.541852295
Brazil,Amazonas,Stable_Forest,-57.20718766,-3.625735234,2021,267.098969,215,239,432,226.5,776,2221.5,2691,2820,3121.5,3042.5,1565.5,633,182,3849,4,23.5,44,26,0.85130477,2.715706806,-0.734317362
Brazil,Amazonas,Stable_Forest,-63.30099922,-8.244692762,2021,48.23663712,221,283,419,243,742,2369,2968,2940,3293,3028,1640,688,78,3300,4,24,43,30,0.847313881,2.961783439,-0.750521004
Brazil,Amazonas,Stable_Forest,-59.94040174,-9.678134461,2021,94.88101959,218,210,383,209,665.5,2110,2633.5,2698.5,2936.5,2893.5,1277,518,64,2706.5,4,22.5,37,22,0.856233895,2.61667017,-0.751419783
Brazil,Amazonas,Stable_Forest,-64.87835103,-9.177413521,2021,249.731445,267,252,408,241,737,2333,3041,3139,3495,3358,1517,594,199,3359,4,24,42,27,0.857396424,2.68731454,-0.769946456
Brazil,Amazonas,Stable_Forest,-56.46419109,-6.167338667,2021,223.2989502,152,246,444,211,697,2436,3073,3230,3365,3017,1548,616,64,3613,4,22,46,25,0.877361238,2.845965309,-0.758301556
Brazil,Amazonas,Stable_Forest,-64.66500115,-5.644339509,2021,280.4887695,246,258,362,215,671,1973,2595,2342,2929,3039,1350,494,71,3504,4,22,38,27,0.831834197,3.131625442,-0.732248545
Brazil,Amazonas,Stable_Forest,-60.41345457,-11.34064656,2021,142.457016,197,208,376,238,717,2072,2629,2708,3005,2941,1561,710,69,2741,4,26,39,24,0.838424981,2.396197128,-0.756160855
Brazil,Amazonas,Stable_Forest,-55.86016389,-10.42364632,2021,1.271942019,639.5,879,1274,1846,2354.5,2784.5,3062,3296,3571.5,3532.5,4539.5,3025.5,84,2208,5,188,131,91,0.281991452,0.465908361,-0.442450762
Brazil,Amazonas,Stable_Forest,-58.47399187,-10.51572363,2021,29.25846672,284,280,440,260,782,2427,3098,3174,3470,3380,1619,652,70,2606,4,27,45,29,0.848573089,2.764705882,-0.756502509
Brazil,Amazonas,Stable_Forest,-55.45493387,-7.010407562,2021,0.323698014,416,566,806,955,1442,2588,3057,3100,3461,3180,3037,1752,81,2766,4,99,82,58,0.52897656,1.169319669,-0.587301612
Brazil,Amazonas,Stable_Forest,-58.73189819,-10.1837063,2021,170.751511,211,248,367,201,609,2211,2754,2891,3098,3089,1463,604,70,2611,4,22,37,27,0.869987071,3.004915103,-0.77470839
Brazil,Amazonas,Stable_Forest,-56.08222743,-7.162402508,2021,215.017029,123.5,176,328.5,158.5,668.5,2342,2983,2669,3266,2914,1451,580.5,58,3081,4,17,34,18.5,0.887886822,2.727618427,-0.78081733
Brazil,Amazonas,Stable_Forest,-60.84204079,-6.63769655,2021,71.368187,330,282,417,270.5,744,2007,2474,2122,2809,3063,1482,640,78,3460.5,4,28,43,29,0.773876727,2.837982833,-0.671524227
Brazil,Amazonas,Stable_Forest,-60.41228676,-9.510688492,2021,240.202286,310,223,384,215,670,2096,2762,2577,3086,3296,1467,599,70,3147,4,22,40,24,0.845988512,2.689592348,-0.740628183
Brazil,Amazonas,Stable_Forest,-62.47329152,-9.713797578,2021,1.817379951,455,575,854,1144,1576,2017,2312,2476,2744,2733,3661,2257,82,2662,5,119,87,61,0.367955804,0.662225316,-0.487087101
Brazil,Amazonas,Stable_Forest,-61.4703225,-6.076159666,2021,208.077286,288,274,447,234,729,2139,2768,2878,3085,3126,1420,564,137,3660,4,25,47,29,0.849614382,2.966786355,-0.731127799
Brazil,Amazonas,Stable_Forest,-57.42170535,-5.367119412,2021,192.0586395,194,156.5,303.5,155.5,612.5,2147,2683.5,2374,3124,3350,1447.5,563,130,3522.5,4,15,30.5,18,0.877050817,2.598688064,-0.773295999
Brazil,Amazonas,Stable_Forest,-61.54605048,-7.853835782,2021,2.602649927,295,329,540.5,375.5,978,2443.5,2978,2982.5,3387,3259,1999,942,94.5,3339,4,39,55.5,36,0.776354969,2.353737811,-0.693159223
Brazil,Amazonas,Stable_Forest,-59.73217226,-10.44233127,2021,122.776848,182.5,197.5,355.5,186.5,672.5,2360.5,3058.5,3070.5,3333,3414,1331,541.5,64,2686,4,19.5,37,20.5,0.885477424,2.661253114,-0.792469323
Brazil,Amazonas,Stable_Forest,-63.49449633,-5.903772963,2021,55.660679,169,246,442,253,692,2150,2849,3038,3098,3085,1402,520,66,3619,4,26,45,25,0.846247315,2.56729351,-0.745976985
Brazil,Amazonas,Stable_Forest,-58.99636221,-6.69761418,2021,211.014694,180,222,387,223,667,2020,2550,2589,2930,2947,1337,541,65,3174,4,23,39,24,0.841394007,2.613787008,-0.739919364
Brazil,Amazonas,Stable_Forest,-56.99797003,-11.95033314,2021,65.6926651,233,265.7,435.5,262.75,680.1428571,2103,2683,3062.4,3019,3018.666667,1458.285714,589.6666667,75,2488,4,27,45,27,0.841962039,2.644022817,-0.750993431
Brazil,Amazonas,Stable_Forest,-64.53447594,-9.341086566,2021,4.706221104,307,336,568,457,1058,2030,2386,2314,2761,2856,2020,949,83,2951,4,48,58,35,0.670155168,1.829917225,-0.605829298
Brazil,Amazonas,Stable_Forest,-58.65751769,-9.244517673,2021,258.184021,271,342,535,360,849,2233,2840,2974,3158,3104,1619,731,76,2761,4,36,55,34,0.784043193,2.542801556,-0.695069849
Brazil,Amazonas,Stable_Forest,-62.59456408,-8.262120078,2021,121.209541,275,283,404,243,746,2227,2919,2913,3267,3185,1490,616,88,3199,4,25,42,29,0.846007586,2.967326072,-0.756406367
Brazil,Amazonas,Stable_Forest,-60.93205199,-10.04967766,2021,498.624939,264.5,311.5,459,310.5,716.5,1923.5,2413.5,2834,2846.5,2858,1471.5,641,70,2848.5,4,32.5,47,33,0.802512348,2.671218376,-0.721226871
Brazil,Amazonas,Stable_Forest,-61.46672924,-8.067455156,2021,289.171936,182.5,244,431.5,250,663,2070.5,2676,2995.5,3026.5,2885.5,1340.5,535.5,81,3311.5,4,26.5,44,26.5,0.84594053,2.574067129,-0.748176277
Brazil,Amazonas,Stable_Forest,-56.91343856,-6.700129462,2021,202.519745,160,218,398,199,652,2184,2762,3031,3067,2876,1398,578,64,3156,4,21,41,23,0.876780212,2.732535701,-0.76786238
Brazil,Amazonas,Stable_Forest,-55.28802689,-9.635913642,2021,0.624369025,370,490,677,971,1235,1667,1904,1875,2226,2215,3166,2215,69,2083,5,100,68,49,0.317638785,0.56121182,-0.469435751
Brazil,Amazonas,Stable_Forest,-64.84735915,-6.007169052,2021,110.443481,185,238,452,214,781,2263,2807,2898,3184,3055,1410,511,66,3517,4,22,45,24,0.862467885,2.798165138,-0.730149269
Brazil,Amazonas,Stable_Forest,-60.98954416,-7.266607081,2021,83.893806,257,324.5,518,302.5,819,2235,2770.5,2838,3123.5,3097,1598,662,75,3264.5,4,32,53,34.5,0.807355523,2.854971287,-0.69129914
Brazil,Amazonas,Stable_Forest,-57.9050888,-5.314837463,2021,75.284752,308,265,421,233,656,2217,2878,3176,3154,3211,1555,603,111,3737,4,24,43,27,0.863303006,2.843478261,-0.765916049
Brazil,Amazonas,Stable_Forest,-60.7850876,-8.121623568,2021,160.283951,223,245,415,243,689,2151,2782,3063,3101,2930,1499,608,65,2873,4,26,43,25,0.852994561,2.626187372,-0.761357129
Brazil,Amazonas,Stable_Forest,-64.13957654,-4.631938184,2021,188.060181,216,230.5,426.5,227.5,778.5,2385.5,2998,2977.5,3184,3071.5,1445.5,568.5,75,3917.5,4,23.5,44,24,0.858034313,2.629314466,-0.749412477
Brazil,Amazonas,Stable_Forest,-61.06185854,-5.378348353,2021,103.4162903,221,244,409.5,212.5,702,2141,2696,2606,3050.5,2980.5,1257,508,82.5,3896,4,22,42,25.5,0.84921056,2.916057505,-0.72840327
Brazil,Amazonas,Stable_Forest,-60.20872852,-9.829949744,2021,302.421814,204,269,488,278,696,1792,2357,3038,2620,2772,1232,499,64,2802,4,29,50,29,0.832328081,2.565532627,-0.723199069
Brazil,Amazonas,Stable_Forest,-55.19972249,-10.52668308,2021,0.01071,437.5,544.5,911.5,882,1643.5,2526.5,2859,3270,3298.5,3098.5,3128,1822.5,83,2158,4,90,93,56.5,0.575144529,1.332812413,-0.564032018
Brazil,Amazonas,Stable_Forest,-62.73694705,-9.900287831,2021,29.74775505,322,287,432,290,932,2056,2539,2632,2870,2806,1874,915,82,2799,4,28,45,28,0.801505804,2.636793515,-0.718015671
Brazil,Amazonas,Stable_Forest,-63.31141968,-11.8926613,2022,50.938541,313,321,502,255,841,2732,3467,3629,3894,3510,1833,772,321,2884,4,26,52,31,0.86869204,3.06448683,-0.756959558
Brazil,Amazonas,Stable_Forest,-57.23943718,-5.436469352,2022,244.264648,144,187.5,342.5,178.5,534.5,1722.5,2272,2490.5,2666.5,2822,1238.5,487.5,64,3227.5,4,20,35,20,0.866242051,2.68057971,-0.758206844
Brazil,Amazonas,Stable_Forest,-62.71664513,-7.477621341,2022,1.063663006,351.5,339,513,340.5,887.5,2213,2636.5,2613,2922.5,2810,1577,678,129,3017,4,35,53,35.5,0.769426107,2.686805391,-0.671785057
Brazil,Amazonas,Stable_Forest,-59.02744392,-8.225378983,2022,379.058899,174,219.5,378.5,241,750,2109,2716.5,2612.5,3107,3040.5,1493,669,78.5,2828.5,4,25,39.5,22,0.831084609,2.456749197,-0.746907413
Brazil,Amazonas,Stable_Forest,-61.21663827,-8.022898718,2022,119.105927,309.5,370,493.5,314.5,784.5,2361.5,2945.5,3075.5,3322,3033.5,1586.5,634.5,338,3294.5,4,33,51,38,0.814454257,3.153986749,-0.723451972
Brazil,Amazonas,Stable_Forest,-59.69776678,-10.68793067,2022,226.901199,199,244,464,257,864,2936,3852,3660,4137,3757,1440,598,62,2668,4,27,48,25,0.868777096,2.522235399,-0.774975777
Brazil,Amazonas,Stable_Forest,-63.63113009,-7.067989571,2022,173.035507,270,290,461,238,652,1946,2493,2644,2858,3016,1260,460,146,3715,4,25,47,30,0.8348369,3.169125395,-0.703059554
Brazil,Amazonas,Stable_Forest,-62.01640836,-7.087393181,2022,237.654465,216,232.5,415,220.5,692,2201,2749.5,2987.5,3120,3122,1377,551.5,87,3542.5,4,23.5,42.5,24.5,0.862531185,2.693992795,-0.756061733
Brazil,Amazonas,Stable_Forest,-59.66884103,-11.31782935,2022,210.1815796,199,245,436,289,764,2256.5,2976,3068,3229,3083.5,1487.5,619,93,2527.5,4,30,45,25.5,0.827822447,2.342775249,-0.751141548
Brazil,Amazonas,Stable_Forest,-64.8101689,-11.3336397,2022,205.356522,241,232.5,363,194,657,2109,2745.5,2763,3089.5,3092.5,1346.5,530,73,2949.5,4,20.5,37.5,24.5,0.868785918,2.940368548,-0.767754316
Brazil,Amazonas,Stable_Forest,-57.00093447,-11.60079866,2022,102.5821152,197,231,401.5,216,672,2231.5,2870.5,3159,3194,3271,1416.5,566.5,66,2228,4,22,41,23.5,0.871999979,2.701487057,-0.774469852
Brazil,Amazonas,Stable_Forest,-56.62148609,-5.627271519,2022,0.150741994,491.5,414,609.5,471,877.5,1498.5,1834.5,843,1854.5,2229,1409.5,739.5,62,3858,4,48,62.5,43,0.283105016,1.646017699,-0.160757318
Brazil,Amazonas,Stable_Forest,-62.10093983,-8.796976999,2022,0.171708003,505.5,516.5,701.5,379,972.5,2405,2896.5,3124,3206.5,3282,1302,487,292,2875,4,38,71.5,53,0.783614039,4.499262416,-0.633250535
Brazil,Amazonas,Stable_Forest,-56.80168814,-10.63403175,2022,34.418152,245,262,469,247,806,2434,3055,3136,3361,3396,1368,526,86,2335,4,26,48,27,0.853975773,2.721363979,-0.739805818
Brazil,Amazonas,Stable_Forest,-60.06922015,-11.48545498,2022,430.1827698,225,227.5,432,229.5,741,2440,3061.5,3338.5,3404.5,2994.5,1411.5,579,97.5,2329.5,4,24.5,44.5,24,0.871356487,2.582011461,-0.770852685
Brazil,Amazonas,Stable_Forest,-60.68645259,-8.890222125,2022,163.724182,220.5,210,317.5,165.5,695.5,2339.5,3086,2693,3363,3179.5,1436,557,64,2964,4,17.5,33.5,22,0.884204984,2.991832386,-0.78907156
Brazil,Amazonas,Stable_Forest,-57.90922105,-9.958139335,2022,54.99364471,287,270,415,228,753,2291,2966,3043,3356,3574,1414,582,81,2927,4,24,43,28,0.860593081,2.948261416,-0.759976864
Brazil,Amazonas,Stable_Forest,-57.51315385,-9.000175916,2022,46.06045532,221,231,329,197,522,1747,2268,2499,2514,3144,1079,438,64,2600,4,19,35,24,0.853857577,2.952038984,-0.767326713
Brazil,Amazonas,Stable_Forest,-59.59823345,-10.02039258,2022,0.136739999,320.5,436.5,764,742.5,1342,2275.5,2690.5,2822.5,3023.5,3034.5,2506.5,1333.5,65,2635.5,4,75.5,77.5,46.5,0.583450198,1.298458081,-0.57395792
Brazil,Amazonas,Stable_Forest,-60.84716119,-5.659610869,2022,161.609131,213,243,381,204,674,2028,2592,2714,2919,2943,1338,559,120,3959,4,21,39,25,0.860178232,2.964800378,-0.753796458
Brazil,Amazonas,Stable_Forest,-57.85092039,-8.82644174,2022,226.429611,212,189,306,175,654,2267,2964,2824,3341,3196,1410,554,64,2948,4,18,32,20,0.883294404,2.694811801,-0.804472864
Brazil,Amazonas,Stable_Forest,-57.70296787,-8.822668816,2022,56.62647629,263,297,466,245,737,2320,3003,3320,3365,3244,1457,581,64,2982,4,27,49,30,0.862552583,2.998829725,-0.753829896
Brazil,Amazonas,Stable_Forest,-56.03614386,-6.807657802,2022,170.1371002,114,159,336,146,513,2010,2543,3018,2835,2794,1264,497,58,2900,4,16,34,19,0.907711744,2.65679926,-0.799642205
Brazil,Amazonas,Stable_Forest,-58.2053956,-8.050566829,2022,153.376602,244,203,384,230,666,2340,2932,2789,3312,3163,1406,557,235,3108,4,24,40,21,0.847631693,2.416430595,-0.757957757
Brazil,Amazonas,Stable_Forest,-55.9077746,-6.067266345,2022,259.136902,121.5,195,367,174,648,2076.5,2687.5,2780,3000,2927.5,1335.5,530.5,58,3067.5,4,18,38,20.5,0.882193625,2.757671958,-0.766762018
Brazil,Amazonas,Stable_Forest,-60.2876006,-11.50701455,2022,112.8362198,240.5,201,302,207.5,595,1754,2235,2194,2526.5,2859.5,1305.5,546,110.5,2427.5,4,21,31.5,21.5,0.827191353,2.569857697,-0.758012831
Brazil,Amazonas,Stable_Forest,-61.74763243,-9.802910454,2022,85.880173,221,257,414,238,536,1770,2407,2864,2733,2890,1224,497,205,3142,4,25,43,27,0.846550584,2.775311773,-0.74740696
Brazil,Amazonas,Stable_Forest,-55.90957123,-10.50413536,2022,2.902590036,523,721,1027,1531,1945,2289,2548.5,2676,2915,2911,4138.5,2833.5,69,2441,5,155.5,105,75,0.272165447,0.443420339,-0.445314616
Brazil,Amazonas,Stable_Forest,-59.74807244,-10.50916593,2022,134.772308,252.5,284.5,483,250,632.5,1867,2406.5,3153.5,2802.5,3151.5,1170,501,148,2520,4,26.5,49.5,30.5,0.853092432,2.879599326,-0.73435998
Brazil,Amazonas,Stable_Forest,-57.50974025,-7.741726034,2022,74.308281,315,279,504,237,829,2839,3580,3761,3898,3736,1456,570,147,3236,4,25,52,28,0.881440699,2.849749313,-0.763657689
Brazil,Amazonas,Stable_Forest,-64.1015778,-11.83822339,2022,154.287689,325,354.5,459,289,792,2104,2710.5,2640,3077.5,3101.5,1488,609.5,81.5,2827,4,30,47,36.5,0.802663028,3.424617626,-0.703775406
Brazil,Amazonas,Stable_Forest,-63.45065855,-6.880331508,2022,53.50333786,293.5,288,436,253.5,784,2364,3030.5,3256,3429,3236,1556,617.5,135,3827.5,4,26,45,29.5,0.855534971,2.867169595,-0.763813674
Brazil,Amazonas,Stable_Forest,-58.00102888,-10.81315582,2022,319.722015,285,271,430,256,753,2183,2741,2477,2951,3108,1411,593,96,2844,4,26,44,26,0.812660098,2.802170073,-0.704162359
Brazil,Amazonas,Stable_Forest,-63.82040512,-10.70284271,2022,297.146606,353,353.5,436.5,272.5,641.5,1993.5,2612,2763.5,2931,3075,1486,655,136,3024.5,4,29,45.5,36,0.820487499,3.562133562,-0.727187514
Brazil,Amazonas,Stable_Forest,-56.20691359,-8.214329705,2022,443.698364,179,206,344,172,694,2188,2829,2668,3068,3320,1312,518,62,2627,4,18,35,21,0.878873229,2.894248609,-0.771580338
Brazil,Amazonas,Stable_Forest,-61.80018388,-6.134550159,2022,213.507431,442.5,493.5,674.5,731,1066,881.5,936,711,808,2225,377.5,218.5,60,3436,2,75.5,69.5,51,-0.013869626,-0.035797387,-0.026344281
Brazil,Amazonas,Stable_Forest,-58.83960619,-11.24982688,2022,92.856979,365.5,372.5,555,498,1290,2259.5,2647.5,2638,3010.5,3029,2619,1513,96.5,2538,4,51,57,38,0.682397962,1.888290832,-0.652364552
Brazil,Amazonas,Stable_Forest,-56.56902448,-5.679463637,2022,112.586197,191,193,366.5,180,628,1982,2535.5,2575,2855.5,2703,1358.5,558,62,3164.5,4,18.5,37,20,0.869328499,2.711116142,-0.750807405
Brazil,Amazonas,Stable_Forest,-63.10229188,-9.609772668,2022,188.6627502,312.5,336,505.5,278.5,865.5,2510,3203.5,3018.5,3627,3189,1677.5,707,238.5,3327.5,4,30.5,52.5,33,0.831058562,3.155954849,-0.713110089
Brazil,Amazonas,Stable_Forest,-61.78859561,-10.43792953,2022,106.562798,271.5,270.5,380,243.5,742,2079,2557.5,2180,2891,2732.5,1527,636,103,2699.5,4,25,39,28,0.799050987,3.0009298,-0.703125
Brazil,Amazonas,Stable_Forest,-59.87949597,-9.402172005,2022,217.346558,240,259,426,232,610,1944,2624,2810,2963,2890,1418,577,65,2772,4,24,44,27,0.847468793,2.851139129,-0.736711979
Brazil,Amazonas,Stable_Forest,-57.15257009,-10.70113591,2022,172.714325,198.5,202,371.5,186.5,661,2302.5,2975,3109.5,3352,3333,1285,509,65.5,2369.5,4,19.5,39,20.5,0.886832535,2.692024314,-0.786555588
Brazil,Amazonas,Stable_Forest,-61.59860193,-9.481942403,2022,172.733261,263,270.5,414,241,656.5,2211,2912.5,3051,3275,3362,1428,558,190.5,3112.5,4,25,42.5,28,0.853584468,2.844993419,-0.761038959
Brazil,Amazonas,Stable_Forest,-59.42153484,-10.60187207,2022,113.361504,137,216,360,219,624,2051,2752,2955,3032,2942,1364,585,63,2868,4,22,37,22,0.862003803,2.581132075,-0.782805443
Brazil,Amazonas,Stable_Forest,-61.07353664,-6.242168331,2022,221.502411,174,236,421,174,675,1989,2697,3042,3100,3055,1248,466,151,4058,4,18,43,24,0.891791046,3.094518774,-0.75685823
Brazil,Amazonas,Stable_Forest,-57.68212695,-11.80759084,2022,82.22182465,205,250,405,233,719,2404,3078,3133,3371,3407,1398,555,69,2334,4,23,42,27,0.861556768,2.728641325,-0.771057069
Brazil,Amazonas,Stable_Forest,-60.58368532,-7.167972062,2022,145.988724,317,306,476,272,762,2193,2915,3046,3136,3076,1483,658,71,3474,4,28,49,32,0.836045802,2.90897651,-0.729699016
Brazil,Amazonas,Stable_Forest,-55.96823122,-6.529180064,2022,417.808929,130.5,192,375.5,187.5,718,2574.5,3191,3260,3547.5,2987.5,1424,571,58,3030.5,4,19.5,39,20,0.891225517,2.607348948,-0.793425918
Brazil,Amazonas,Stable_Forest,-55.93292743,-8.60249174,2022,123.694481,218,255.5,499.5,261,727.5,2343.5,3067.5,3488.5,3318,3347.5,1426.5,578.5,56,2486.5,4,27.5,50.5,26,0.860781431,2.570279525,-0.749498487
Brazil,Amazonas,Stable_Forest,-58.38245355,-11.90586653,2022,2.418366909,486,693,1007.5,1657,1992,2414,2698,2792,3027,3010.5,4016,2772,177,2480,5,169,102.5,71.5,0.255113512,0.376451078,-0.469667047
Brazil,Amazonas,Stable_Forest,-58.75525439,-10.95050823,2022,0.062488999,550,716,1024,1372,1841,2287,2540,2470,2817,2919,3598,2320,103,2566,5,141,106,73,0.285788655,0.51471967,-0.413852304
Brazil,Amazonas,Stable_Forest,-57.04549091,-6.404583734,2022,194.119446,155,168.5,308.5,145.5,652,2197.5,2617,2438,2871,3170.5,1248.5,497.5,61,2991.5,4,15,32,18,0.887362123,2.798120347,-0.775350451
Brazil,Amazonas,Stable_Forest,-57.33088567,-7.184321401,2022,367.093231,181,192,326,178,626,1813,2417,2684,2783,3103,1412,595,59,3166,4,19,34,20,0.875611484,2.708603545,-0.783388734
Brazil,Amazonas,Stable_Forest,-60.98900517,-6.172818391,2022,203.5731201,204,250,397,217,615,2056,2622,2766,2903,2979,1376,525,120,3875,4,23,41,26,0.854508877,2.904512306,-0.748972476
Brazil,Amazonas,Stable_Forest,-60.99187978,-10.04222165,2022,252.6147003,221,240,411,199,685,2172,2713,2730,3059,3070,1425,576,64,2534,4,23,42,28,0.864117444,2.977647059,-0.738299906
Brazil,Amazonas,Stable_Forest,-57.17430932,-6.936116888,2022,151.343338,180,190,357,168,651,2383,3042,2875,3333,3367,1391,549,58,3202,4,18,37,22,0.889582634,2.752135014,-0.779084146
Brazil,Amazonas,Stable_Forest,-61.70783706,-7.398030607,2022,335.993896,224,267,410,212,708,2292,2997,3112,3253,3172,1383,513,390,3432,4,22,43,28,0.872442842,3.043022036,-0.767177761
Brazil,Amazonas,Stable_Forest,-55.53102117,-9.385732836,2022,127.886864,147.5,202,413,217.5,717.5,2374.5,2882,2814,3212.5,3227.5,1298,511,60,2621,4,22.5,42.5,21,0.856506705,2.49184261,-0.744034708
Brazil,Amazonas,Stable_Forest,-60.97355415,-11.2986054,2022,0.219455004,296.5,320,602,470,1215.5,2639,3108,3232.5,3533.5,3273.5,2182.5,1053,114,2735.5,4,48.5,61.5,33.5,0.746117473,1.890310661,-0.686008632
Brazil,Amazonas,Stable_Forest,-61.12141685,-8.853930188,2022,294.485657,267,276,428,250,743,2146,2854,2928,3173,3176,1381,564,65,3095,4,26,44,29,0.842668355,2.838066978,-0.74493444
Brazil,Amazonas,Stable_Forest,-63.41382762,-10.79608783,2022,180.412262,340.5,362.5,535,326,798,2329,3029,3548,3443,2956.5,1459,605,165.5,2773.5,4,33.5,54.5,37,0.831698477,2.890982503,-0.737937808
Brazil,Amazonas,Stable_Forest,-56.17906582,-9.88789108,2022,0.003147,483,676,898,1218,1689,2124,2445,2580,2875,2885,3972,2535,63,2620,5,124,92,69,0.358609796,0.706578128,-0.483611286
Brazil,Amazonas,Stable_Forest,-61.14953412,-11.28387303,2022,3.526578903,477.5,615,905.5,1243,1783,2323,2676,2730,3157,3104,3800.5,2320,72,2362.5,5,126.5,92.5,62,0.37427637,0.666636779,-0.501856685
Brazil,Amazonas,Stable_Forest,-56.17852683,-10.93505721,2022,95.834778,159,159,284,139,641,2331,3076,2752,3309,3494,1367,569,68,2324,4,15,29,18,0.903839529,2.728126958,-0.812911749
Brazil,Amazonas,Stable_Forest,-59.90069621,-8.211365265,2022,190.3974304,252,222.5,363.5,224,567.5,1537.5,2012,1645,2165.5,2965,1177,481,70.5,2881.5,4,23,37,23.5,0.760299623,2.688741722,-0.638038337
Brazil,Amazonas,Stable_Forest,-60.15177533,-7.809818333,2022,84.147629,319,324.5,361,272,650.5,1778.5,2250,1802.5,2498,2909.5,1319.5,557,141.5,2879.5,4,29,38,35,0.737768114,3.81956576,-0.666281462
Brazil,Amazonas,Stable_Forest,-56.38442069,-6.681893662,2022,39.38507462,229,240,423,257,802,2501,3133,3262,3509,3496,1665,751,58,2785,4,26,44,26,0.853935778,2.5,-0.770420611
Brazil,Amazonas,Stable_Forest,-58.8840728,-11.2606965,2022,0.018356999,449.5,662,980,1182,1605,2299.5,2638.5,2628,3017.5,2763.5,3515,2190,97,2580.5,4,120.5,100,67.5,0.379527569,0.760092515,-0.456762761
Brazil,Amazonas,Stable_Forest,-63.28536854,-9.360849502,2022,106.709251,265,325.5,468,319,804.5,2696,3539,3664,3997,3710,1618,668.5,194,3299,4,34,48.5,32.5,0.839819252,2.665126285,-0.773475289
Brazil,Amazonas,Stable_Forest,-61.10587599,-11.86050161,2022,10.00136375,230,288,461,299,827,2055,2480,2513,2808,2831,1640,741,70,2413,4,31,47,30,0.787339985,2.576815642,-0.689979851
Brazil,Amazonas,Stable_Forest,-62.86576547,-10.2765921,2022,0.109300002,423.5,616.5,894,935,1406.5,2377.5,2760.5,2961,3122,3252,3043,1834,179.5,2823,4,95.5,91,62,0.520020545,1.282846831,-0.536186755
Brazil,Amazonas,Stable_Forest,-59.29109946,-8.104914904,2022,262.466064,199,263,405,234,738,2032,2559,2502,2872,3004,1388,582,70,2804,4,24,42,28,0.828947365,2.93098992,-0.721362233
Brazil,Amazonas,Stable_Forest,-60.6477352,-6.221147753,2022,0.68434602,455.5,511,582,379.5,926,2565,3569.5,3544,3921.5,3791,1761.5,706,269.5,3423.5,4,39,59.5,52,0.806550264,3.976501634,-0.717886567
Brazil,Amazonas,Stable_Forest,-55.64501738,-10.04392844,2022,178.018997,621.5,903.5,1296,1755,2585,2997,3351.5,3461,3664.5,3292.5,4544.5,2931,69,2649,5,177,131.5,94.5,0.327070564,0.59106815,-0.455118775
Brazil,Amazonas,Stable_Forest,-58.27088279,-10.14597706,2022,23.95389175,327,339,478,290,865,2751,3575,3148,3872,3720,1645,672,87,2968,4,30,49,34,0.831297278,3.04496058,-0.736348569
Brazil,Amazonas,Stable_Forest,-58.57020144,-6.69761418,2022,191.331894,270,259,448,224,679,2054,2637,3096,3050,3097,1380,547,209,3265,4,23,46,27,0.86506027,2.873724235,-0.747178316
Brazil,Amazonas,Stable_Forest,-60.76667214,-6.845926033,2022,217.291885,333,270,428,248,729,2347,3000,2786,3322,3322,1440,610,71,3501,4,26,44,28,0.83651942,2.82,-0.733665228
Brazil,Amazonas,Stable_Forest,-56.33716931,-11.72539499,2022,29.4720726,208,228,354,217,654,2000,2551,2620,2815,2835,1481,622,63,2261,4,22,35,25,0.84702152,2.714640759,-0.761936784
Brazil,Amazonas,Stable_Forest,-56.18104211,-6.404583734,2022,0.045674998,429,739,1114,1356,1635,2314,2633,2931,3018,2904,3358,2072,59,2555,5,138,114,75,0.367389768,0.712605194,-0.449196547
Brazil,Amazonas,Stable_Forest,-55.45358639,-8.493526096,2022,206.832382,215.5,257.5,458.5,239,785,2583.5,3268,3435,3612.5,3250,1568,660.5,58,2601.5,4,24,46.5,27,0.869896591,2.718843046,-0.76447928
Brazil,Amazonas,Stable_Forest,-64.50411288,-10.30192459,2022,194.637863,233.5,265,429,233.5,634,2063.5,2754,3192,3056,3107,1303.5,494.5,199,3005.5,4,24.5,44,27,0.863669515,2.837617495,-0.763048887
Brazil,Amazonas,Stable_Forest,-62.75554218,-10.13950919,2022,1.141327024,329,521,827,1013,1597,2261.5,2598.5,2771.5,3068,3080.5,3179,1822.5,174.5,2914.5,4,103,84,53.5,0.464658469,0.889389035,-0.540364027
Brazil,Amazonas,Stable_Forest,-55.24230264,-9.173460934,2022,182.395828,196.5,197.5,341,175,694,2264.5,2998.5,2786.5,3308,3394.5,1486.5,627,62,2539.5,4,17.5,35,20.5,0.881816626,2.770822281,-0.78193444
Brazil,Amazonas,Stable_Forest,-63.60912136,-9.722241741,2022,1.437880993,507,608,905,891,1415.5,2735.5,3154.5,3099,3381,3468.5,2769.5,1581.5,200,3315.5,4,91.5,92.5,61.5,0.55338347,1.420483788,-0.547952056
Brazil,Amazonas,Stable_Forest,-61.3777062,-10.78333175,2022,208.205826,222,299,442,303,694,2260,2899,3200,3288,3161,1503,663,64,2503,4,31,45,30,0.827005446,2.60849991,-0.757276237
Brazil,Amazonas,Stable_Forest,-63.92299272,-11.36256545,2022,196.219589,270,320.5,517,294,804,2537.5,3166.5,3386,3497,3267.5,1643,655.5,104,2917.5,4,30,53,33,0.840217412,2.813722814,-0.735075593
Brazil,Amazonas,Stable_Forest,-57.79782996,-10.19574373,2022,218.466049,254,256,365,261.5,555,1709,2228,2311.5,2506,3164.5,1188,485.5,68.5,2471,4,27.5,38,29,0.796735346,2.612796329,-0.727255762
Brazil,Amazonas,Stable_Forest,-61.63588201,-10.38645606,2022,221.609344,250,237,383,212,661.5,1979.5,2576.5,2506,2862,2973,1377.5,558,94,2898.5,4,22,39.5,24.5,0.844002962,2.865350987,-0.734856367
Brazil,Amazonas,Stable_Forest,-63.26524627,-11.78396515,2022,0.271995008,486.5,699,880.5,1240,1468,2163.5,2698,2890.5,2889,3186.5,3157,1996.5,218.5,2903.5,4,126,90,71.5,0.399588436,0.810817449,-0.533015132
Brazil,Amazonas,Stable_Forest,-57.41389001,-9.769313462,2022,4.328430176,641,797,1200,1740,2219,2494.5,2719.5,2713,2830.5,2641,3914.5,2868,69.5,2763,5,177.5,122.5,81.5,0.218504384,0.338953529,-0.386659861
Brazil,Amazonas,Stable_Forest,-61.50032623,-11.55184048,2022,0.554509997,379,525,742.5,877.5,1308.5,2029.5,2319,2458,2688.5,2692,3057.5,1771,69,2373,4,89.5,76.5,53,0.473841995,1.043509838,-0.536010027
Brazil,Amazonas,Stable_Forest,-59.8912639,-10.19295895,2022,139.398911,189,188.5,250,169.5,572,1915.5,2539.5,2083.5,2779,3238.5,1248.5,518.5,147.5,2672,4,17.5,26,20.5,0.849533975,2.835135535,-0.785729587
Brazil,Amazonas,Stable_Forest,-59.2211207,-11.51348242,2022,36.14406967,425.5,427,678,609.5,1492.5,2215,2528.5,2688,2848.5,2871.5,3188.5,1958,111,2454.5,4,62.5,69,44,0.630326033,1.653014156,-0.597147942
Brazil,Amazonas,Stable_Forest,-56.23646816,-8.801917733,2022,150.3428497,189.5,196.5,377,196.5,684,2082,2639.5,2445,2998.5,3046.5,1392.5,566.5,60,2536.5,4,20.5,38.5,20.5,0.851220906,2.613015689,-0.732813597
Brazil,Amazonas,Stable_Forest,-57.40706281,-10.62307231,2022,174.506149,234.5,255.5,433.5,243,733,2639.5,3296.5,3597,3632,3217,1602.5,645.5,66,2490,4,24,44,27.5,0.873437524,2.670594793,-0.784890234
Brazil,Amazonas,Stable_Forest,-56.06174584,-8.552365747,2022,132.069595,229,270.5,431,248,686,2104.5,2670.5,2705,2973.5,3168,1391,580.5,56,2388.5,4,26,44,28,0.832035244,2.836854867,-0.725127578
Brazil,Amazonas,Stable_Forest,-55.39681287,-10.28934818,2022,454.190582,662,926.5,1320,2030,2441.5,2773,3066.5,3348,3626.5,3614.5,4806.5,3121,69,2342,5,206.5,134,94,0.245072514,0.384021445,-0.434447289
Brazil,Amazonas,Stable_Forest,-59.06463417,-11.50836202,2022,1.271942019,488,650,874.5,1214,1646.5,2123.5,2433.5,2523,2822.5,2737.5,3786.5,2452,103,2460,5,124,89.5,66.5,0.35028097,0.663389418,-0.485209703
Brazil,Amazonas,Stable_Forest,-56.28012629,-6.037352446,2022,189.342285,172,198,379.5,172,589.5,2158.5,2767,3324,3082,2847,1227,487,58,2853,4,18,39,21.5,0.901601851,2.743732591,-0.795058727
Brazil,Amazonas,Stable_Forest,-62.50814615,-9.348901909,2022,202.004135,370,354,518,296,801,2397,3181,3144,3497,3416,1520,615,241,3305,4,31,54,36,0.827906966,3.142100618,-0.717094481
Brazil,Amazonas,Stable_Forest,-62.31375072,-7.510859006,2022,203.956772,287.5,263,450.5,246,706.5,2060,2637.5,2851.5,2980,3145,1329.5,519,126,2734,4,25.5,46,27,0.841162205,2.764749576,-0.727135062
Brazil,Amazonas,Stable_Forest,-60.27960559,-12.00054896,2022,10.76558685,219,252,430,279,766,2152,2645,2690,2911,2966,1104,454,74,2581,4,29,44,26,0.812057912,2.435353535,-0.724358976
Brazil,Amazonas,Stable_Forest,-56.95619837,-7.657643724,2022,120.5188446,270,278,472,264,707,2416,3041,3065,3356,3731,1467,584,64,2760,4,27,48,27,0.841393828,2.730019493,-0.73310715
Brazil,Amazonas,Stable_Forest,-57.37274717,-9.396692282,2022,2.405936956,477,431.5,733.5,673.5,1363,2606,3103,3345,3482.5,3333.5,3076.5,1758,69,2640.5,4,70,75.5,41.5,0.664800286,1.609046558,-0.640308917
Brazil,Amazonas,Stable_Forest,-55.10863332,-11.74533759,2022,148.577377,181,216,385,220,722,2125,2628,3060,2872,2647,1349,552,69,1999,4,23,40,21,0.865853667,2.571532054,-0.776487648
Brazil,Amazonas,Stable_Forest,-56.42116179,-10.86112586,2022,88.331642,209,234,429,217,725,2408,3044,3044,3336,3223,1499,601,69,2322,4,23,44,24,0.866912007,2.726658951,-0.752951324
Brazil,Amazonas,Stable_Forest,-59.01136408,-9.243978684,2022,111.615578,212,286,491,270,813,2791,3511.5,3660,3853,3498,1779.5,730.5,76,2915,4,27.5,50.5,30,0.862595439,2.702487245,-0.763430476
Brazil,Amazonas,Stable_Forest,-63.99171384,-9.624684701,2022,0.970350027,486.5,578,849.5,957.5,1472,2209,2492,2667,2872,2756,3341.5,1993,170.5,3088,4,98,87,59,0.471651256,1.048001471,-0.51684916
Brazil,Amazonas,Stable_Forest,-60.35578273,-7.629077298,2022,232.375397,238,202,319,189,623,2186,2875,2806,3248,3343,1421,565,64,3237,4,19,33,21,0.873789668,2.696826051,-0.795840025
Brazil,Amazonas,Stable_Forest,-57.00722268,-10.97027117,2022,29.474319,155.5,200,366.5,229,588,2078,2753.5,2649,2974.5,3110.5,1299,553,66,2196.5,4,25,36.5,21,0.840861738,2.396988906,-0.756922543
Brazil,Amazonas,Stable_Forest,-55.61447466,-6.003216465,2022,144.657867,182,207,378,182,676,2228,2922,2908,3193,3123,1581,661,64,3314,4,19,39,22,0.882200658,2.783336737,-0.769933045
Brazil,Amazonas,Stable_Forest,-61.54515217,-11.29600029,2022,0.034233999,419,535,817.5,984,1521,2287.5,2654,2909,3040.5,3197,3351,2309,69,2422.5,4,100,83.5,55,0.494477272,1.002290951,-0.561250508
Brazil,Amazonas,Stable_Forest,-63.95892534,-9.725565508,2022,2.815244913,621,736,902,1244,1593,2004,2241,2256,2636,2866,4138,2949,287,3060,5,127,92,75,0.289142847,0.602237562,-0.428752363
Brazil,Amazonas,Stable_Forest,-56.63199638,-8.498017672,2022,172.156631,162,160,298,141,540,2119,2764,2998,3085,3396,1227,496,62,2799,4,15,31,17,0.910162449,2.700378072,-0.819174767
Brazil,Amazonas,Stable_Forest,-61.26344049,-10.40037995,2022,145.193619,198,298,437,368,767,1991,2421,2590,2760,2613,1739,821,63,2302,4,38,45,31,0.751183212,2.166536661,-0.711265266
Brazil,Amazonas,Stable_Forest,-63.54408334,-10.01060095,2022,12.56918716,495,736,1064,1305,1818.5,2503,2791,2899,3180.5,3042.5,3143,2026.5,164.5,2812.5,5,133.5,108.5,73.5,0.379162699,0.76487524,-0.46303305
Brazil,Amazonas,Stable_Forest,-60.36243026,-9.274611235,2022,6.240801811,555,714,930,1230,1512,2096,2401,2655,2819,2663,3519,2261,65,2625,5,126,95,73,0.366795361,0.76105533,-0.481171548
Brazil,Amazonas,Stable_Forest,-56.56875499,-11.169248,2022,110.659332,226,251,378,253,691,2034,2460,2380,2770,3033,1436,633,69,2522,4,25,39,26,0.807823777,2.636994793,-0.725888312
Brazil,Amazonas,Stable_Forest,-55.7071808,-4.97904721,2023,169.831131,163.5,191,266,146.5,530.5,1884,2450,2262,2751,2929.5,1159.5,446.5,72.5,3561.5,4,15.5,27.5,20,0.878347516,3.09374086,-0.78955698
Brazil,Amazonas,Stable_Forest,-59.02160487,-10.90442466,2023,2.069880009,682,974,1284,1898,2268,2467,2729,2786,3148,3150,4997,3453,63,2742,5,193,131,99,0.189581558,0.323144105,-0.369041771
Brazil,Amazonas,Stable_Forest,-57.28327496,-11.36741635,2023,0.019522,367,362,583,483,1125,2350,2787,2918,3176,2851,2542,1350,63,2622,4,49,60,37,0.715965867,1.962443585,-0.666952312
Brazil,Amazonas,Stable_Forest,-57.23557442,-3.040752321,2023,46.02682495,293.5,330,546,309.5,896,2659.5,3402.5,3370,3738.5,3397,1814.5,775.5,75,4000.5,4,32,56,34,0.831770599,2.779240828,-0.721144021
Brazil,Amazonas,Stable_Forest,-60.89216679,-9.105727962,2023,155.079086,279,262,445.5,253.5,801,2260,2775,2490,3140.5,2987,1448.5,592,67,3832.5,4,26,45.5,28,0.815199554,2.731436248,-0.696474195
Brazil,Amazonas,Stable_Forest,-59.9308796,-4.785190771,2023,64.75362396,244,334,508,282,852,2704,3377,3508,3831,3757,1766,723,66,3848,4,28,52,34,0.851187348,2.991468843,-0.74701196
Brazil,Amazonas,Stable_Forest,-56.8699601,-11.02515823,2023,1.500722051,186.5,219.5,354.5,201,698.5,2301.5,2966.5,2663,3227.5,3391,1479.5,615,62,2650.5,4,21,36.5,22,0.859636843,2.767847105,-0.765037298
Brazil,Amazonas,Stable_Forest,-56.81624085,-8.039337888,2023,44.97388458,163,221.5,432.5,208,699.5,2266.5,2841,3048,3180,3094,1316,527.5,57,3166,4,21.5,44,23.5,0.872235894,2.693730437,-0.751472473
Brazil,Amazonas,Stable_Forest,-62.74808616,-9.997036387,2023,4.380125046,431,565,770,954,1221,2101,2444,2316,2816,2772,3048,1857,82,3299,4,97,78,58,0.416513771,0.895228079,-0.500972152
Brazil,Amazonas,Stable_Forest,-57.26450017,-10.02802826,2023,0.918143988,179,187,378,190,814,2315,2769,2631,3089,3039,1707,772,63,2910,4,20,39,20,0.865296006,2.575437856,-0.748753726
Brazil,Amazonas,Stable_Forest,-64.30845981,-11.33750245,2023,198.409363,342.5,304,427.5,247.5,758,2487.5,3371,2947,3751.5,3666,1583.5,661,107.5,3538,4,25.5,44,31.5,0.845046163,3.134579656,-0.746629119
Brazil,Amazonas,Stable_Forest,-56.94083718,-9.596657264,2023,119.633957,202,247,422,227,747,2276,3005,3400,3293,2655,1278,549,64,3708,4,24,44,26,0.874827683,2.725476722,-0.779173195
Brazil,Amazonas,Stable_Forest,-57.78327725,-8.299759489,2023,9.1129179,214,250,439,222,715,2426,3142,3388,3661,3108,1464,556,58,3441,4,23,45,28,0.877008319,2.781096275,-0.77057749
Peru,Huánuco,Stable_Forest,-73.19773871,-9.737782596,2019,439.229919,212,258,433,233,697,2325,3061,3160,3460,3452,1455,589,63,3807,4,25,44,27,0.862658441,2.788681402,-0.758975804
Peru,Huánuco,Stable_Forest,-72.84443131,-8.252328442,2019,4.29553318,261.5,264,456.5,240,836,2629,3297,3158,3682,3233.5,1721.5,734,75.5,3484,4,25.5,46.5,27.5,0.858740449,2.78541428,-0.747406304
Peru,Huánuco,Stable_Forest,-66.65252371,-3.854805631,2019,147.253403,302,237,422,215,806,2230,2774,2866,3303,3207,1559,606,142,4250,4,22,43,24,0.860434949,2.785249002,-0.743309021
Peru,Huánuco,Stable_Forest,-65.00348635,-9.779823751,2019,204.4929199,252.5,292,423,308,680,2008,2630.5,2896,3017.5,2911.5,1356,528,120.5,3136,4,32,44,30,0.807740331,2.532289628,-0.745103955
Peru,Huánuco,Stable_Forest,-65.27325043,-4.119269651,2019,176.735703,262,249,383,251,705,2108,2658,2364,2967,3067,1365,530,161,3979,4,26,39,26,0.808030605,2.636635887,-0.721150339
Peru,Huánuco,Stable_Forest,-70.38304743,-9.256644929,2019,151.655762,331.5,400,561,387,828,2026,2653,2996,3083,2864.5,1572,684,69,3854.5,4,38.5,57.5,41,0.771209002,2.812634756,-0.684565663
Peru,Huánuco,Stable_Forest,-73.90983323,-6.972768151,2019,171.4519501,189.5,209,364.5,194.5,611.5,2100,2681.5,2494,3026.5,3030.5,1410.5,582,63.5,3747,4,20.5,37.5,21.5,0.855309665,2.74468847,-0.744971156
Peru,Huánuco,Stable_Forest,-73.38584593,-6.585504432,2019,249.319397,242,259,408,235,712,2285,2975,2910,3227,3188,1501,624,64,3433,4,24,42,27,0.850556433,2.811645995,-0.754068732
Peru,Huánuco,Stable_Forest,-73.44082282,-7.165097453,2019,346.827301,196,260,416,243,612,2069,2702,2954,3070,3322,1425,570,64,2707,4,25,43,27,0.847982466,2.751725538,-0.753115714
Peru,Huánuco,Stable_Forest,-67.27523587,-9.030808467,2019,131.499908,303.5,285,399,229.5,606,2139,2732.5,2808.5,3110,2967.5,1485.5,603,85,3640,4,23,41,29,0.848913789,3.146656906,-0.751208127
Peru,Huánuco,Stable_Forest,-70.28387342,-8.982928262,2019,177.8003998,318,296,431,267,761,2021,2648,2692,2969,2908,1517,657,121,3559,4,30,45,31,0.819533646,2.921686747,-0.723983347
Peru,Huánuco,Stable_Forest,-72.10889075,-9.216849562,2019,127.1170502,223,227,386,214,667,2003,2553,2894,2899,2810,1464,615,115,3741,4,21,40,24,0.862290859,2.705431052,-0.764634132
Peru,Huánuco,Stable_Forest,-71.47144622,-6.982380125,2019,83.509621,273,279,455,243,785,2488,3273,3113,3613,3643,1471,595,70,4131,4,25,47,30,0.855184734,2.893728574,-0.744955182
Peru,Huánuco,Stable_Forest,-65.50636324,-6.683420798,2019,200.574036,293,346,463,280,783,2148,2672,2548,3009,3154,1503,603,100,4118,4,31,48,36,0.801980197,3.47001224,-0.692460954
Peru,Huánuco,Stable_Forest,-66.12206854,-9.265358588,2019,358.394165,285,249,409,234,768,2330,3064.5,2742.5,3455,3175.5,1442.5,568,137,3282,4,25,42,26,0.842768371,2.750548246,-0.740441084
Peru,Huánuco,Stable_Forest,-69.04222203,-7.757895709,2019,125.633408,306,335,479,282,732,2078,2706,3031,3028,2990,1403,597,193,3636,4,28,50,32,0.829761565,3.107619263,-0.727065504
Peru,Huánuco,Stable_Forest,-69.63511012,-8.610307083,2019,473.667175,235,261,422,245,751,2206,2852,2912,3314,2838,1626,694,249,3494,4,26,43,26,0.844789386,2.748917749,-0.74685061
Peru,Huánuco,Stable_Forest,-71.05804153,-9.692777,2019,265.474762,234,310,420,278,585,1760,2310,2664,2621,2809,1429,651,69,3561,4,29,43,31,0.811012924,2.97061753,-0.727626443
Peru,Huánuco,Stable_Forest,-69.84540573,-6.953454372,2019,235.621628,349,317,481,268,819,2463,3221,3163,3646,3472,1593,653,134,3889,4,28,49,32,0.843777299,3.022551681,-0.736004412
Peru,Huánuco,Stable_Forest,-68.37441445,-7.250257742,2019,148.621765,318,333,506,323,826,2363,2913,2776,3405,3175,1553,638,76,3520,4,33,52,34,0.791545689,2.765501691,-0.691651404
Peru,Huánuco,Stable_Forest,-66.00016716,-6.30855383,2019,219.343353,218,225,392.5,209,691,1879,2367.5,2461,2689.5,2684,1353,534.5,120,3232,4,22,40.5,23.5,0.843445718,2.77544984,-0.724899232
Peru,Huánuco,Stable_Forest,-67.25107119,-6.438360389,2019,460.1521301,449.5,423.5,556.5,337,768,2155,2851,3261.5,3213,3108,1381.5,568,115,3059.5,4,34.5,57,44.5,0.812699735,3.467923633,-0.70848614
Peru,Huánuco,Stable_Forest,-65.26112317,-9.450591199,2019,262.637695,240,301,426,263,574,1939,2518,2820,2768,3106,1283,499,175,3325,4,27,45,31,0.82938695,2.985057203,-0.737523079
Peru,Huánuco,Stable_Forest,-68.49954977,-9.678134461,2019,155.112167,369,418,566,356,800,2320,3095,2866,3519,3693,1899,862,76,3644,4,37,58,43,0.779019237,3.359207709,-0.670163155
Peru,Huánuco,Stable_Forest,-65.87458268,-9.084437889,2019,178.59552,262,321.5,443.5,267,758.5,2244.5,2963,2914.5,3353.5,3153,1569.5,613,111.5,3549,4,28,45,34,0.832154632,3.142433234,-0.735854685
Peru,Huánuco,Stable_Forest,-74.65085351,-8.247297876,2019,22.08847618,320,278,509,250,725,2314,2874,2657,3136,3440,1510,641,67,3649,4,25,52,30,0.82800138,2.902797877,-0.678458631
Peru,Huánuco,Stable_Forest,-66.59736716,-7.694025493,2019,214.547791,253,230,397,214,691,2281,2929,3261,3315,3061,1346,558,100,3350,4,22,40,24,0.876834512,2.700283587,-0.78294152
Peru,Huánuco,Stable_Forest,-71.65308558,-7.484897695,2019,331.38501,242,291,404,259,665,2002,2610,2742,2970,3108,1337,551,64,4050,4,26,42,29,0.82739085,2.935682194,-0.74316591
Peru,Huánuco,Stable_Forest,-68.98508918,-5.245038365,2019,331.213867,291,313.5,468,271.5,693.5,2130,2669.5,2757,3050.5,2952.5,1433,565.5,88,3643.5,4,29,49,31.5,0.820703328,3.052314872,-0.709767461
Peru,Huánuco,Stable_Forest,-70.04743684,-2.721850395,2019,135.004471,275,242,468,238,794,1912,2269,2342,2578,2656,1121,456,184,3503,4,25,48,25,0.815503895,2.689161554,-0.666903913
Peru,Huánuco,Stable_Forest,-66.56772275,-8.883574592,2019,224.634232,213,266,392,231,737,2309,3114,3272,3452,3053,1375,526,70,3239,4,24,40,29,0.868113041,2.853791291,-0.78602618
Peru,Huánuco,Stable_Forest,-74.96427571,-6.067356176,2019,44.54188538,205,218,411.5,187.5,643.5,2270,2972,3010,3244.5,3308,1480.5,630.5,85.5,4213,4,19.5,41.5,24,0.882720888,2.821371451,-0.759462237
Peru,Huánuco,Stable_Forest,-72.69926356,-6.960910389,2019,138.207245,212,219,351,185,703,2308,2879,2788,3296,3100,1477,564,64,3837,4,19,36,24,0.875546575,2.883890982,-0.776361883
Peru,Huánuco,Stable_Forest,-70.67931181,-7.152071882,2019,218.580856,328,337.5,432.5,246.5,746.5,2344.5,2961,2933,3379,3200,1525,618.5,110.5,3896.5,4,26,44.5,34,0.844944179,3.569151056,-0.742980242
Peru,Huánuco,Stable_Forest,-70.12666824,-7.602127839,2019,254.637344,250.5,316,491.5,321,732.5,2173,2793,2778.5,3103.5,3071,1504.5,634.5,213,3910,4,33,51,32,0.792869806,2.630593021,-0.699388385
Peru,Huánuco,Stable_Forest,-67.80973346,-9.770660935,2019,5.877824783,396,610,936,1050,1609,2452,2743,2844,3124,2999,3668,2287,64,3721,4,107,96,63,0.460708797,0.981400438,-0.504761934
Peru,Huánuco,Stable_Forest,-68.9258902,-5.598974587,2019,249.912155,251,283,413,239,694,2027.5,2564,2652.5,2891.5,2838,1380.5,547.5,134.5,3909.5,4,24.5,43,29.5,0.834687889,3.070610687,-0.730549693
Peru,Huánuco,Stable_Forest,-72.77310507,-8.733645771,2019,243.742722,240.5,248,432,225,706.5,2184.5,2854,2904,3167,2952,1500,617.5,75.5,3425,4,23.5,45,25.5,0.856184065,2.796450939,-0.741007209
Peru,Huánuco,Stable_Forest,-65.05639712,-8.560270921,2019,184.994644,246,282,442,252,751,2076,2658,2615,3142,3132,1448,555,112,3588,4,26,45,29,0.824206471,2.934674615,-0.710827589
Peru,Huánuco,Stable_Forest,-66.37934604,-8.384919778,2019,99.933838,273,265,422,245,638,2118,2728,2943,3068,2967,1323,515,94,3385,4,25,43,27,0.846298635,2.779723882,-0.749182761
Peru,Huánuco,Stable_Forest,-65.1121825,-6.433689149,2019,282.734528,310,295,477,286,819,2246,2824,2750,3161,3395,1559,643,113,4001,4,30,49,30,0.811594188,2.732313151,-0.704369366
Peru,Huánuco,Stable_Forest,-68.89346102,-7.977533796,2019,172.157684,217,206,331,177.5,609.5,1907,2498.5,2427,2876.5,2965,1424.5,602,187,3522.5,4,18.5,34,21.5,0.863697469,2.886935318,-0.759971023
Peru,Huánuco,Stable_Forest,-66.87081433,-8.617403773,2019,10.402565,446.5,525.5,714.5,819.5,1268,1770,2070.5,2243.5,2460,2496.5,2859.5,1703.5,76,3202.5,4,84.5,73.5,54.5,0.464903682,1.105504231,-0.516903341
Peru,Huánuco,Stable_Forest,-70.35681662,-6.842961593,2019,141.143509,252,269,416,215.5,686,2331.5,2990.5,3244.5,3346.5,3213.5,1518.5,613,100.5,4051,4,23,42.5,28,0.875433505,3.003768346,-0.772708654
Peru,Huánuco,Stable_Forest,-67.78583828,-7.300832893,2019,74.06518555,305,271,481,265,822,2345,2970,2746,3371,3264,1490,628,106,3328,4,27,49,28,0.823978722,2.691473205,-0.70189029
Peru,Huánuco,Stable_Forest,-72.48519502,-9.250895712,2019,40.9853363,327.5,485,705,713,941.5,2009,2494,2061,2739,2795.5,1599,815.5,121,3588,4,72.5,72.5,50,0.485940874,1.246993525,-0.490238607
Peru,Huánuco,Stable_Forest,-71.4611156,-8.303262918,2019,116.079201,203.5,235.5,320,197.5,506,1590.5,2125.5,1983,2452.5,2948,1123.5,433,63,3151.5,4,20.5,33,24.5,0.818848908,3.182142221,-0.722101629
Peru,Huánuco,Stable_Forest,-69.06512907,-9.424270561,2019,288.882935,258.5,253,359,200.5,592,1836,2397,2648,2741,2784.5,1277.5,539.5,110.5,3654,4,21,37,27,0.859224141,3.13059606,-0.761223793
Peru,Huánuco,Stable_Forest,-65.75995765,-3.634359061,2019,69.939911,409,405,531,285,765,2288,2832,3139,3192,3049,1401,522,244,4019,4,29,53,44,0.833528042,3.936551724,-0.710626721
Peru,Huánuco,Stable_Forest,-72.2440872,-4.895234394,2019,116.6756897,296,317,481.5,249.5,733.5,2258,2915,3128.5,3130.5,3093.5,1475,588,70,4033,4,26,50,32,0.852279484,3.200311249,-0.733241022
Peru,Huánuco,Stable_Forest,-65.76211361,-4.490543358,2019,221.171371,325,305,472,268,704,2003.5,2457.5,2617,2736,2854,1397,555,233,4064.5,4,28,48.5,32,0.814211428,3.029404178,-0.694399476
Peru,Huánuco,Stable_Forest,-67.58407666,-7.625753531,2019,93.401932,295,281,425,260,697,2074,2610,2857,2977,3027,1450,588,141,3368,4,26,44,29,0.833172917,2.809997836,-0.74101156
Peru,Huánuco,Stable_Forest,-68.39390789,-6.5389717,2019,190.439621,287,278,408,240,692,1988,2481,2436,2858,3061,1460,601,88,4046,4,25,42,29,0.820627809,3.063616071,-0.713080168
Peru,Huánuco,Stable_Forest,-66.52388497,-7.272176635,2019,130.3337097,287,271,427.5,241.5,704,1964,2446.5,2487.5,2745.5,2878,1211,470.5,148.5,3279,4,24.5,44,28.5,0.823012114,2.947506562,-0.706689537
Peru,Huánuco,Stable_Forest,-70.49884027,-3.357857616,2019,207.998047,1124,1168.5,1200,999,1463,2634.5,2967,3026,3308.5,7038.5,1939.5,1268.5,199.5,3719,5.5,102,122.5,119,0.503602505,19.69873664,-0.432087094
Peru,Huánuco,Stable_Forest,-67.9323535,-9.32895931,2019,88.214012,326,297,482,263,873,2462,3135,3253,3435,2804,1583,666,70,3694,4,27,50,30,0.850398183,2.870032636,-0.741900921
Peru,Huánuco,Stable_Forest,-72.79861723,-5.440871097,2019,262.4940796,290,373,618,306,813,2380,3131,3503,3398,3256,1657,682,64,4413,4,32,63,37,0.839327931,3.143559489,-0.700072825
Peru,Huánuco,Stable_Forest,-67.874502,-8.689538491,2019,271.351318,269,271,415,268,657,2081,2599,2855,3019,3022,1352,524,93,3482,4,26,42,27,0.828370154,2.659880732,-0.746177375
Peru,Huánuco,Stable_Forest,-67.6437248,-7.560805336,2019,285.218353,255,240,369,207,723,2132,2549,2488,2913,3203,1361,566,141,3260,4,21,38,24,0.846382201,2.953133092,-0.741687059
Peru,Huánuco,Stable_Forest,-67.46954147,-6.655752687,2019,376.646729,232,200.5,317.5,188,677,2010,2509,2309.5,2918.5,3048,1376,552.5,100,3146,4,19.5,32.5,20.5,0.849449456,2.741310247,-0.758279383
Peru,Huánuco,Stable_Forest,-72.73789111,-8.201843123,2019,108.9267502,240.5,259,417,210.5,685.5,2322,2919.5,2936,3262.5,3173.5,1551,633.5,64,3238.5,4,21.5,42.5,26.5,0.866200566,3.018272425,-0.751267493
Peru,Huánuco,Stable_Forest,-67.42264941,-8.086679103,2019,206.096512,246,262,436,211,715,2363,2933,2765,3293,3127,1330,507,141,3242,4,22,45,28,0.858198941,3.0890179,-0.727585137
Peru,Huánuco,Stable_Forest,-73.76789942,-5.106877474,2019,373.207062,244.5,214,308,169,571,1745,2212,2362,2532.5,2708,1158,427.5,102.5,3227.5,4,18,32,23,0.866455972,3.093961625,-0.769288361
Peru,Huánuco,Stable_Forest,-74.55158967,-4.436824104,2019,113.482903,242,295,533,282,889,1991,2405,2707,2640,2712,1252,512,107,3215,4,29,55,30,0.811308146,2.771428571,-0.670987666
Peru,Huánuco,Stable_Forest,-72.15650146,-6.831283494,2019,119.980186,257,226,319,187,693,2038,2452,2177,2987,2878,1331,570,70,4296,4,20,33,24,0.841793597,3.099688474,-0.744391024
Peru,Huánuco,Stable_Forest,-66.76292666,-5.885537163,2019,190.630554,305,299,487,280,824,2507,3155,2956,3491,3127,1619,637,141,4164,4,28,50,30,0.826946855,2.793902694,-0.717107177
Peru,Huánuco,Stable_Forest,-73.06451855,-5.588015141,2019,366.019836,301,316,481,276,784,2268,2912,2833,3386,3458,1612,666,64,4395,4,28,48,33,0.822450936,3.015330189,-0.70971638
Peru,Huánuco,Stable_Forest,-73.28415664,-8.586950885,2019,137.899933,258,278,402,245,696,2365,3233,2966,3522,3553,1722,725,64,3685,4,25,41,29,0.847399592,2.892219388,-0.761282682
Peru,Huánuco,Stable_Forest,-66.68998346,-4.125198532,2019,293.762604,292,289,470,274,870,2372,2963,2910,3319,3198,1544,619,165,4165,4,28,48,30,0.827889442,2.760209424,-0.721893489
Peru,Huánuco,Stable_Forest,-73.37335934,-5.129964177,2019,170.286758,204,179.5,304,175,606,1886.5,2430.5,2327,2836.5,2707.5,1291,486.5,79,3319.5,4,17.5,31,19.5,0.860111892,2.647963578,-0.768909156
Peru,Huánuco,Stable_Forest,-74.01071404,-7.308827899,2019,264.6073303,331,290,416.5,285.5,657.5,1823,2264,2259.5,2468.5,2994,1461,659.5,75,3022.5,4,29.5,43,30,0.775638521,2.743953294,-0.688714504
Peru,Huánuco,Stable_Forest,-66.36335602,-5.624576573,2019,131.709839,256,256,439,253,675,2114,2637,2736,3027,2788,1342,515,130,4083,4,26,45,27,0.830712616,2.658458244,-0.723464549
Peru,Huánuco,Stable_Forest,-65.82912793,-6.886080726,2019,190.460541,245.5,214.5,373.5,190,648,2026.5,2617,2501,3006,2974.5,1495.5,615,118,4030.5,4,20,38.5,22.5,0.85878855,2.841509898,-0.740128696
Peru,Huánuco,Stable_Forest,-68.70688094,-8.115155698,2019,268.426025,267,261.5,329.5,206,587.5,1891,2529,2251,2864,2851,1290,522,102,3279,4,21.5,34,27,0.832315803,3.348616342,-0.744623125
Peru,Huánuco,Stable_Forest,-66.03070987,-7.887522605,2019,192.1998596,336.5,313.5,473.5,270,794.5,2330,2939,2946.5,3380,3411,1450,560,104,3728.5,4,28.5,48.5,33,0.83211565,3.019176537,-0.723099411
Peru,Huánuco,Stable_Forest,-71.988786,-7.981216889,2019,197.061096,193.5,196,291,168.5,714.5,2374.5,3065.5,2480,3301,3323,1363.5,519.5,61,4298,4,17.5,30.5,19.5,0.87275815,2.857937685,-0.789967537
Peru,Huánuco,Stable_Forest,-67.08488286,-7.998105216,2019,215.684341,262,241,373,230,576,1706,2167,2204,2387,2784,1212,501,94,3119,4,25,38,25,0.811010659,2.776371308,-0.710516095
Peru,Huánuco,Stable_Forest,-73.81353383,-5.425240411,2019,142.919769,249,197,311.5,179,608.5,1911,2362.5,2050.5,2714.5,2790.5,1195.5,442,114.5,3354,4,18.5,32.5,20.5,0.839425862,2.83904733,-0.736240447
Peru,Huánuco,Stable_Forest,-67.15845488,-7.682257562,2019,311.552216,284.5,269,397.5,247,583,1858.5,2196.5,2229,2434,2863,1168.5,493,117.5,3082.5,4,25,41,28,0.800484657,2.924166421,-0.697315812
Peru,Huánuco,Stable_Forest,-73.48600808,-6.196444083,2019,209.556931,211,228,409,203,628,1999,2558,2990,2888,2757,1252,487,58,3442,4,21,42,24,0.872846842,2.788115246,-0.759341002
Peru,Huánuco,Stable_Forest,-67.19762143,-6.266961832,2019,268.221985,218,267,484,293,750,1957,2439,2617,2776,2882,1370,541,59,3907,4,29,49,27,0.79862541,2.447861807,-0.687842607
Peru,Huánuco,Stable_Forest,-73.29170248,-7.300473567,2019,138.672577,249,350,543,368,746,2270,2907,3152,3300,3243,1556,659,64,2939,4,38,56,36,0.790909111,2.543859649,-0.706089318
Peru,Huánuco,Stable_Forest,-66.3929106,-6.4361146,2019,146.6444702,253,279,450,274,688,2032,2607,2724,2906,3062,1302,514,147,3232,4,28,46,29,0.817211449,2.690533714,-0.716446102
Peru,Huánuco,Stable_Forest,-73.00460092,-9.367856362,2019,150.851456,286.5,295.5,451,296,730.5,2085.5,2772.5,2622,3272.5,2612.5,1526,683,121,4045.5,4,29.5,46.5,31.5,0.797121286,2.664070553,-0.706475735
Peru,Huánuco,Stable_Forest,-68.51518046,-7.185399379,2019,242.025772,272,253,389,217,663,2078,2600,2762,2931,2933,1369,550,87,3947,4,23,40,26,0.854313552,2.935409458,-0.753094256
Peru,Huánuco,Stable_Forest,-67.26580356,-6.728695888,2019,119.871674,255,207.5,347,208,690,2101.5,2601.5,2444,2933,2992.5,1308,522,103,3128,4,21.5,35.5,21.5,0.843137264,2.616122616,-0.751343608
Peru,Huánuco,Stable_Forest,-73.76565363,-8.967656903,2019,83.585747,236,247,386,201,662,2272,3001,2940,3359,3373,1459,609,64,3278,4,23,40,27,0.872015297,2.984310307,-0.76788938
Peru,Huánuco,Stable_Forest,-72.18165429,-5.978512795,2019,360.996368,282,269,405.5,223,697,2221,2947.5,2930.5,3267.5,3182.5,1521,616.5,82,3746,4,23.5,42.5,28,0.85856986,3.005661634,-0.756894469
Peru,Huánuco,Stable_Forest,-65.79211734,-6.141197693,2019,243.494415,271,298,440,242,739,2091,2786,2780,3170,2889,1529,634,94,3997,4,25,45,31,0.839841187,3.175675676,-0.726708055
Peru,Huánuco,Stable_Forest,-70.18200447,-7.30891773,2019,112.563057,208,192.5,279,167.5,634,1897.5,2357.5,1907,2700.5,2893,1347.5,526.5,140,3886.5,4,17,29,19.5,0.838515282,2.959843458,-0.744739234
Peru,Huánuco,Stable_Forest,-70.94359616,-7.996039091,2019,117.479782,312,285,393,275,713,2020,2659,2586,3032,3294,1294,544,157,3768,4,28,40,29,0.807759523,2.751845678,-0.736153066
Peru,Huánuco,Stable_Forest,-72.09532619,-5.533487403,2020,113.5590744,303.5,297,486.5,223.5,926,2746,3518.5,3006.5,3858.5,3420.5,1702.5,707,80,3603.5,4,23,50,31,0.861609936,3.280292315,-0.721442878
Peru,Huánuco,Stable_Forest,-74.112044,-3.733892394,2020,159.660706,232,202,419,188.5,750,2063,2601,2331.5,2856.5,3098.5,1360,526.5,115,4132.5,4,19.5,43.5,20.5,0.850396812,2.749550937,-0.695328116
Peru,Huánuco,Stable_Forest,-72.02965934,-7.51049968,2020,139.2276001,275.5,216,369,188.5,599,1925.5,2399.5,2477.5,2807.5,2862,1192.5,464,78.5,3339,4,19.5,38,22.5,0.858589649,2.876350842,-0.74073422
Peru,Huánuco,Stable_Forest,-66.50834411,-6.064751062,2020,171.199585,244,245,362,206,663,1882,2442,2104,2690,2801,1217,476,253,3623,4,21,36,26,0.821645021,3.155969405,-0.70640713
Peru,Huánuco,Stable_Forest,-68.03655807,-8.48319547,2020,171.031601,299.5,292.5,434,233,700.5,2317,2993,2848.5,3321,3199.5,1540,609.5,96,3570.5,4,24,44,30.5,0.84877497,3.183810103,-0.735567391
Peru,Huánuco,Stable_Forest,-67.72672913,-4.984077775,2020,202.5657501,374,325,456,290,817,2193,2743,2895,3102,3125,1530,644,224,3577,4,30,47,33,0.817896366,2.962246987,-0.72784245
Peru,Huánuco,Stable_Forest,-69.66915627,-8.457234158,2020,100.859138,265,213,362,212,623,2113,2793,2780,3161,2836,1393,597,93,3538,4,22,37,21,0.858288765,2.61453879,-0.76957351
Peru,Huánuco,Stable_Forest,-72.64716127,-3.069049252,2020,214.089172,305,405,547,415,835,2230,2698,2890,3028,3113,1611,696,82,4205,4,43,56,42,0.748865366,2.64028163,-0.681699157
Peru,Huánuco,Stable_Forest,-74.28577818,-8.649653292,2020,19.45466805,249.5,269,474.5,236,829.5,2518,3110.5,3103.5,3490.5,3419,1655.5,711.5,210.5,4115,4,24.5,50,27,0.858661473,2.864063124,-0.734768033
Peru,Huánuco,Stable_Forest,-74.98547595,-8.552096252,2020,118.696793,488,445,544.5,528,966,1588,1990,2116,2368,2555,2405.5,1370.5,305.5,3710.5,4,55.5,56.5,44,0.60060513,2.038510911,-0.590678453
Peru,Huánuco,Stable_Forest,-66.08451896,-9.560814485,2020,139.370026,259.5,306.5,471,272,668.5,2003.5,2635,3245,2978.5,3026.5,1381.5,570.5,73,3105,4,28.5,49,31,0.845322728,2.881651643,-0.746501625
Peru,Huánuco,Stable_Forest,-73.71184454,-4.274408701,2020,125.253288,261,251,387,235,653,2205,2869,2844,3381,3260,1492,573,88,4253,4,24,39,28,0.847353041,2.749209694,-0.760445654
Peru,Huánuco,Stable_Forest,-71.17536151,-2.966910805,2020,243.686905,260.5,273.5,496,271,819,2490,3155.5,3025,3478,3042,1599.5,636.5,106.5,3738,4,27.5,51.5,29.5,0.835558236,2.647313275,-0.718261838
Peru,Huánuco,Stable_Forest,-66.98696649,-5.132209965,2020,25.16299438,326,291,510,283,723,2269,3068,3262,3353,3493,1505,600,246,3107,4,29,52,30,0.840338528,2.680403095,-0.729586422
Peru,Huánuco,Stable_Forest,-70.09298142,-6.256092217,2020,167.565918,276,257.5,473,257,766.5,2328.5,2942.5,3291.5,3345.5,3042.5,1527.5,642,84.5,3695,4,28,48.5,28.5,0.855150044,2.613019892,-0.748705029
Peru,Huánuco,Stable_Forest,-68.44214742,-2.772784872,2020,223.568222,271,237,351,194,610,2202,2705,2498,3110,3118,1385,518,124,4206,4,19,36,24,0.855869234,3.054892601,-0.753597736
Peru,Huánuco,Stable_Forest,-70.98536782,-3.590611106,2020,358.316711,223,252.5,382,218.5,620.5,1815,2226.5,2272,2573.5,2905.5,1300.5,547,103.5,3344,4,23,39,26,0.824533224,3.037272593,-0.712132633
Peru,Huánuco,Stable_Forest,-67.08281674,-5.793280183,2020,186.713455,307,349,458,289,761,1948,2538,2419,2876,2973,1352,554,259,3597,4,31,47,36,0.78655833,3.465668728,-0.68161279
Peru,Huánuco,Stable_Forest,-69.76374887,-9.503322306,2020,32.27734756,194.5,258,491.5,228.5,925,3232,4032.5,3556.5,4369.5,3775.5,1928,791.5,61,3498,4,24,50,27,0.879260242,2.77935527,-0.757164061
Peru,Huánuco,Stable_Forest,-66.14776036,-6.425694143,2020,204.934723,150,162,380,189,658,2196,2786,3108,3009,3050,1333,521,212,3398,4,20,39,17,0.885350347,2.410006605,-0.782110095
Peru,Huánuco,Stable_Forest,-66.70453617,-4.567439146,2020,277.106445,270.5,284,463,249.5,659,2157,2649.5,3158,2958.5,3141.5,1440.5,602.5,261,3413,4,25.5,47.5,29.5,0.853558302,2.878562945,-0.74426955
Peru,Huánuco,Stable_Forest,-71.67006373,-6.829936021,2020,419.507416,243,249,396,214,618,1942,2466,2724,2861,2777,1162,459,64,2779,4,22,40,26,0.854322672,2.93018912,-0.746153831
Peru,Huánuco,Stable_Forest,-71.28468648,-8.310539272,2020,217.8443604,305,286,423,270,748,2198,2905,3044,3310,3197,1760,754,87,3543,4,28,43,30,0.837054908,2.751984127,-0.755985022
Peru,Huánuco,Stable_Forest,-69.02317775,-5.386253528,2020,107.115494,239.5,277.5,438,225.5,653.5,2393.5,3033.5,3424,3403,3216,1587.5,651.5,73.5,3739.5,4,23.5,45,27,0.876421452,2.965143228,-0.773174524
Peru,Huánuco,Stable_Forest,-66.8408106,-5.679283973,2020,68.308937,235,255,400,225,680,2010,2632,2687,2985,2896,1325,520,259,3770,4,23,42,26,0.845467031,2.895789226,-0.74084872
Peru,Huánuco,Stable_Forest,-71.70258275,-7.972413399,2020,160.226791,271.5,299.5,526,266,756,2581,3261,3323.5,3366,3025.5,1391,560,84,3694.5,4,28,54,31,0.851789951,2.858278022,-0.72671777
Peru,Huánuco,Stable_Forest,-68.84010109,-5.526211049,2020,202.044586,275.5,251,395.5,243.5,766,2098.5,2695,2687,2964,2861,1374,564.5,158,3881,4,26.5,41,25.5,0.833816767,2.695234944,-0.743390083
Peru,Huánuco,Stable_Forest,-67.52442853,-4.514887702,2020,112.924347,293.5,319.5,527,329.5,797,2317,2851,3192,3244,3335,1595.5,661,274.5,3577.5,4,34,54.5,33.5,0.812863827,2.579990987,-0.716590464
Peru,Huánuco,Stable_Forest,-66.77712004,-6.090981868,2020,178.098938,308,290,468,264,724,2257,2886,3054,3192,2972,1411,541,259,3696,4,27,48,30,0.840867996,2.830762987,-0.734241903
Peru,Huánuco,Stable_Forest,-65.84520777,-6.158625009,2020,183.751816,263.5,284,479.5,270.5,774.5,2139.5,2725,2835,3115.5,3042.5,1464.5,561,206.5,3785.5,4,28,49,29.5,0.825792968,2.752790897,-0.710665286
Peru,Huánuco,Stable_Forest,-72.52984129,-5.521899136,2020,146.7411499,274,248,454.5,238.5,787,2367,2970.5,2861.5,3305,3116.5,1502,602,82,3289.5,4,25,46.5,25,0.84612906,2.694678447,-0.725874543
Peru,Huánuco,Stable_Forest,-73.99562234,-9.378636145,2020,395.555664,271.5,282,424.5,250.5,643,1953,2410.5,2654,2827.5,2746.5,1315.5,541,91.5,4076,4,25.5,43.5,29,0.827509046,2.94114048,-0.724216342
Peru,Huánuco,Stable_Forest,-65.58415735,-5.480037643,2020,127.749832,293,301,464,257,793,2153,2754,2812,3149,3010,1442,593,213,3911,4,27,48,31,0.832518756,3.045292014,-0.716727734
Peru,Huánuco,Stable_Forest,-67.41501373,-5.292379581,2020,313.310883,313,273,487,257,743,2210,2688,3183,3158,3098,1424,563,177,3611,4,27,50,28,0.850581408,2.73100616,-0.734604895
Peru,Huánuco,Stable_Forest,-68.76131884,-2.294072657,2020,159.382996,281,286,495,252,788,2458,3093,3524,3507,3243,1527,574,118,4131,4,27,51,30,0.866525412,2.828492393,-0.753670096
Peru,Huánuco,Stable_Forest,-67.25789838,-7.859315505,2020,268.5153198,251,259,484.5,244,706.5,2068.5,2681.5,3325,3081,3188.5,1411,544.5,120,3465.5,4,25,49.5,27,0.863267004,2.70500439,-0.745635927
Peru,Huánuco,Stable_Forest,-71.74246795,-6.489025371,2020,135.727585,264,246,408,206.5,636.5,2221.5,2900.5,2942.5,3154.5,3074.5,1422.5,576.5,70,3124,4,21.5,42,24,0.868847251,2.926203209,-0.756454289
Peru,Huánuco,Stable_Forest,-67.00259718,-5.110830062,2020,75.422737,283,258,433,236,779,2544,3244,3308,3568,3464,1513,643,246,3455,4,24,44,28,0.866817176,2.752688172,-0.768511117
Peru,Huánuco,Stable_Forest,-71.91701061,-3.923616582,2020,249.438095,331,326,451,279,765,2204,2823,2837,3170,2995,1546,626,147,3802,4,29,46,35,0.820924282,3.09385583,-0.725669086
Peru,Huánuco,Stable_Forest,-70.90514827,-5.274503106,2020,158.771347,217.5,276.5,428.5,246.5,658,1845.5,2349.5,2691,2736.5,2595.5,1356.5,542,89,3374.5,4,25,44,29.5,0.832170188,2.913934915,-0.72527647
Peru,Huánuco,Stable_Forest,-71.4212304,-5.554238486,2020,254.059601,221,265,430,219,660,2154,2752,2775,3013,3033,1327,495,82,3461,4,23,44,28,0.853707433,3.039239001,-0.731669247
Peru,Huánuco,Stable_Forest,-67.34539429,-7.714327418,2020,293.170959,243.5,320,476,322.5,728,2329,3036,3079.5,3376,3071.5,1563.5,654,120,3704.5,4,33.5,49,33,0.810405672,2.635251386,-0.732245803
Peru,Huánuco,Stable_Forest,-73.40902246,-7.321314481,2020,41.48870468,331,258,401,238,700,2227,2785,2536,3079,3166,1532,613,105,3776,4,25,41,27,0.828406632,2.830049261,-0.726932228
Peru,Huánuco,Stable_Forest,-69.65666969,-9.665558047,2020,44.03280258,212.5,249,423,242,676.5,2188.5,2889,3035.5,3289.5,3304.5,1592,716,61,3277,4,24.5,43.5,25.5,0.852326453,2.664536436,-0.75538528
Peru,Huánuco,Stable_Forest,-72.24022444,-5.902515322,2020,62.79905701,285.5,251.5,398,218,681.5,2130,2687.5,2486,2984.5,3052,1368.5,539,76,3255.5,4,23.5,41,25.5,0.838757396,2.970530452,-0.723994434
Peru,Huánuco,Stable_Forest,-70.66251331,-8.360844928,2020,56.35632706,301,294,445,303,725,2107,2701,2684,2996,2931,1473,656,75,3275,4,31,47,32,0.797120869,2.590295909,-0.715564072
Peru,Huánuco,Stable_Forest,-73.79736416,-9.917445652,2020,157.244263,293,288,381,226,593,1631,2196,2165,2374,3057,1273,563,110,3953,4,23,39,30,0.81095773,3.559104258,-0.700707018
Peru,Huánuco,Stable_Forest,-69.1882881,-3.305934993,2020,234.795059,227,208,382,218,657,2196,3014,2716,3215,3408,1511,599,174,4260,4,24,38,24,0.851397395,2.53346856,-0.753389299
Peru,Huánuco,Stable_Forest,-68.98535868,-9.472150766,2020,201.377548,288,308,482,279,710,2025,2640,2544,3004,2848,1409,588,81,3588,4,29,49,32,0.802337945,2.966212677,-0.681427598
Peru,Huánuco,Stable_Forest,-66.35554068,-6.381676694,2020,176.6294098,284,298.5,472,291,779.5,2209.5,2802,3331.5,3226.5,3080.5,1401.5,567.5,172,3642.5,4,30,48.5,30,0.839337468,2.676732107,-0.75180757
Peru,Huánuco,Stable_Forest,-73.0039721,-8.229062076,2020,2.235181093,319,325,485,252,687.5,2436.5,2954.5,3258,3316,3340.5,1628,656,99,3577,4,27,50,33.5,0.856410265,3.220484251,-0.740849614
Peru,Huánuco,Stable_Forest,-68.4762834,-2.025386555,2020,102.461723,238,237,397,230,649,1813,2426,2432,2638,2681,1307,533,112,4056,4,24,41,24,0.827197611,2.70449521,-0.719335437
Peru,Huánuco,Stable_Forest,-70.86149015,-9.610221825,2020,217.130005,293,252.5,410,237,742.5,2242,2967.5,2799,3299,3134.5,1552.5,653.5,77.5,3275.5,4,24.5,42.5,26,0.843873501,2.750993235,-0.744468689
Peru,Huánuco,Stable_Forest,-67.67471668,-8.464510512,2020,4.337788105,424,479,713.5,735.5,736,556.5,608,566,550.5,2754.5,332.5,149,100,3311,2,75.5,73,50,-0.130234346,-0.305405405,0.115279406
Peru,Huánuco,Stable_Forest,-68.43621854,-8.741550946,2020,193.587524,324.5,270.5,368,227.5,691.5,2011.5,2464,2179,2926.5,3179,1689,717,86.5,3538.5,4,23,37,28,0.810928762,3.217642209,-0.711032569
Peru,Huánuco,Stable_Forest,-70.2518934,-9.093510874,2020,198.952057,293.5,259,450,234,784,2431,3049.5,3349,3591.5,3260,1799.5,792.5,72.5,3305,4,24,46,26.5,0.869383216,2.769873733,-0.763095558
Peru,Huánuco,Stable_Forest,-70.74488882,-7.813591257,2020,354.599304,236,245,407,274,775,2487,3218,3162,3601,3248,1796,767,64,3669,4,28,41,25,0.840512216,2.431385755,-0.771924913
Peru,Huánuco,Stable_Forest,-70.04123846,-9.430109611,2020,326.725922,286,373,546,444,837,2082,2632,2469,3007,2905,1607,747,81,2923,4,45,56,38,0.695159614,2.166702333,-0.637810946
Peru,Huánuco,Stable_Forest,-68.39965711,-4.742969953,2020,473.413513,234,260,420,238.5,710,1993,2535.5,2623,2813,2675.5,1310.5,536.5,216,3444,4,25.5,43.5,26.5,0.833304226,2.831947743,-0.723956645
Peru,Huánuco,Stable_Forest,-73.56416151,-9.782428865,2020,253.7635498,312,350,477,290,637,1917,2575,2917,2672,2992,1241,491,114,3771,4,30,50,36,0.81914562,3.230447614,-0.718915761
Peru,Huánuco,Stable_Forest,-69.36076463,-9.290601247,2020,207.795166,190,193.5,284.5,156.5,531.5,1946,2607,2207.5,2891,2873.5,1411.5,607.5,64,3425.5,4,16.5,29,20,0.867597282,3.02284451,-0.771669328
Peru,Huánuco,Stable_Forest,-66.55784128,-5.046780182,2020,370.158295,247,245,397,247,645,1965,2382,2531,2727,2875,1247,514,242,3308,4,26,41,24,0.822174251,2.623478061,-0.728825152
Peru,Huánuco,Stable_Forest,-66.60590115,-5.937459786,2020,231.4336395,279,232,393,199,643,2207,2896,2962,3155,3040,1339,520,265,3693,4,21,40,24,0.874090493,2.857881671,-0.765722811
Peru,Huánuco,Stable_Forest,-68.50934141,-4.354628256,2020,209.919189,254,260,392.5,234.5,660,2050.5,2413.5,2534.5,2797,2762,1311.5,511,202.5,3441.5,4,24.5,40.5,27,0.830624759,2.885821832,-0.731807292
Peru,Huánuco,Stable_Forest,-71.17437336,-3.787791311,2020,422.616089,287,288,445.5,255,718,2038.5,2553.5,2519,2837,2918,1391,553,107,3608,4,27,46.5,29.5,0.81614995,2.994708995,-0.6994434
Peru,Huánuco,Stable_Forest,-69.98419544,-9.229425976,2020,129.796997,268,247,429,243,705,2479,3362,3271,3722,3276,1714,727,81,3264,4,25,44,26,0.861696064,2.630755864,-0.76810813
Peru,Huánuco,Stable_Forest,-70.62936548,-7.089369475,2020,116.982231,254,231.5,491,231.5,793.5,2469.5,3188.5,3369.5,3557.5,3233.5,1499,578,105,3768,4,24,50,24.5,0.871424615,2.594889606,-0.745628834
Peru,Huánuco,Stable_Forest,-71.79654653,-7.594132833,2020,120.2253342,244.5,264,416.5,245,627.5,1894,2441,2803,2735.5,2857,1275,498.5,75,3342,4,25.5,43,27,0.839238822,2.787707062,-0.741264164
Peru,Huánuco,Stable_Forest,-69.05542727,-9.436487649,2020,221.673615,288,309,487,274,704,2034,2544,2687,2843,3088,1428,614,70,3601,4,28,50,32,0.814927399,2.994539588,-0.693131685
Peru,Huánuco,Stable_Forest,-72.93453233,-6.240551363,2020,234.946747,304.5,261,397.5,222,678,2020,2648,2280,2819.5,2824.5,1422.5,577,81.5,3341,4,24,41,27.5,0.822541952,3.10782241,-0.70308125
Peru,Huánuco,Stable_Forest,-66.58029917,-6.577689089,2020,103.009399,209,229,478,252,677,2187,2823,3424,3217,3158,1327,499,143,3651,4,25,49,23,0.862894475,2.463115391,-0.754997432
Peru,Huánuco,Stable_Forest,-71.89383407,-8.204088911,2020,255.719009,243,285.5,424,273.5,598,1688,2204.5,2619,2515.5,2697.5,1311.5,564,69,3153,4,28.5,43.5,29,0.810890257,2.76624602,-0.721327662
Peru,Huánuco,Stable_Forest,-66.737684,-4.543813454,2020,202.1683502,243.5,252,484.5,215,771.5,2565,3398,3928.5,3800,3469,1663,666.5,259.5,3478.5,4,22,49,26,0.896223009,2.788331581,-0.780421495
Peru,Huánuco,Stable_Forest,-65.92174423,-6.306577536,2020,255.274734,328,293,496,246,839,2410,2941,3038,3353,3166,1508,586,209,3767,4,25,51,30,0.850182712,3.011866235,-0.719298244
Peru,Huánuco,Stable_Forest,-66.75008075,-5.868379341,2020,227.619003,252,245,426,232,674,2130,2734,2920,3052,2960,1298,501,265,3434,4,23,47,27,0.852791905,2.71460311,-0.745367587
Peru,Huánuco,Stable_Forest,-66.62961667,-3.920113153,2020,210.922104,353,306,474,295,814,2052,2663,2523,3087,3112,1508,604,248,3461,4,30,49,32,0.790631652,2.786393197,-0.683683693
Peru,Huánuco,Stable_Forest,-70.50072673,-5.026747751,2020,53.313141,303,291,418,250,608,1918,2450,2470,2721,2874,1272,515,94,3852,4,26,43,30,0.816176474,3.103159072,-0.710526288
Peru,Huánuco,Stable_Forest,-71.67617228,-5.655029461,2020,248.9655304,289,271,460,239,638,2113,2696,2853,2961,3075,1346,530,88,3242,4,24,48,29,0.845407486,2.897362004,-0.722306073
Peru,Huánuco,Stable_Forest,-65.55801637,-3.988385114,2020,52.93602371,225,232,373,223,642,1937,2503,2589,2901,2738,1235,461,255,3588,4,23,38,23,0.841394007,2.703382084,-0.748143137
Peru,Huánuco,Stable_Forest,-73.53864936,-7.540772905,2020,71.753799,296,295,458,250,809,2596,3186,3308,3593,3119,1771,746,93,3761,4,26,47,30,0.859471619,2.944348161,-0.756771088
Peru,Huánuco,Stable_Forest,-67.78583828,-7.300832893,2020,63.93651199,297,273,458,244,886,2393,3005,2754,3404,3362,1573,628,153,3694,4,25,47,28,0.837224841,2.889707575,-0.714819431
Peru,Huánuco,Stable_Forest,-66.70830909,-7.175877237,2020,123.400597,284,268,419,259,678,1827,2307,2207,2603,2749,1257,506,164,3663,4,27,43,28,0.789943218,2.779680365,-0.680883467
Peru,Huánuco,Stable_Forest,-70.16933822,-3.734700878,2020,206.357849,2020,2685,2720.5,2565,3039.5,3763,4220,4148,4406.5,5085.5,3188,2284.5,82,3871,6.5,139.5,148.5,141.5,0.235811114,-6.612364244,-0.207832858
Peru,Huánuco,Stable_Forest,-67.64085019,-4.412389928,2020,224.286545,342.5,359,504,310,857.5,2243,2822.5,2839,3154,3136.5,1591,652,276.5,3640,4,31.5,51.5,36.5,0.80311209,3.149439601,-0.698474407
Peru,Huánuco,Stable_Forest,-72.46264731,-6.32562182,2020,272.03421,265,332.5,505,321,708,2075,2618,2917,2971.5,3065.5,1457,626,81.5,3272.5,4,33,51.5,34.5,0.801729441,2.761408361,-0.704850972
Peru,Huánuco,Stable_Forest,-71.00531042,-8.921752992,2020,421.0690002,266.5,254.5,469,245.5,792,2623,3254,3378,3686,3054,1562,659.5,83.5,3404.5,4,25,48,26,0.864495635,2.660749172,-0.75617367
Peru,Huánuco,Stable_Forest,-72.07268864,-4.922543178,2020,290.422546,329,310,437,246,709,2166,2846,2744,3125,2883,1482,602,100,3773,4,26,45,31,0.835451484,3.293776371,-0.725243628
Peru,Huánuco,Stable_Forest,-70.96874899,-7.554876455,2020,151.374481,278,245,445,251,778,2666,3385,3732,3827,3333,1600,637,64,3518,4,26,46,25,0.873964369,2.558430104,-0.786928415
Peru,Huánuco,Stable_Forest,-71.62586662,-5.447428799,2020,203.770599,342,357.5,508.5,309.5,784.5,2353,3024.5,2986,3415.5,3189,1514,609,94,3441,4,31,52,39,0.812168121,3.093861981,-0.708971262
Peru,Huánuco,Stable_Forest,-65.85535873,-9.589560574,2020,192.161575,271.5,301.5,452,242.5,686,2286,2958,3539,3307.5,3168,1563.5,642.5,73,3300,4,25.5,46.5,31,0.871744037,3.014631916,-0.773490369
Peru,Huánuco,Stable_Forest,-73.85539533,-2.76389155,2020,171.966858,260,265,479,268,831,2511,3106,3120,3530,3385,1714,708,94,4166,4,28,49,28,0.84179455,2.600766004,-0.733814955
Peru,Huánuco,Stable_Forest,-71.36032462,-8.953733016,2020,160.727509,244,246,424,223,713,2130,2727,2698,3142,2986,1415,587,86,3331,4,23,44,25,0.84731257,2.822764599,-0.72837925
Peru,Huánuco,Stable_Forest,-73.38809171,-9.085336205,2020,142.762589,303,266,479,237,811,2538,3138,3050,3499,3394,1679,657,104,4102,4,24,49,27,0.855795562,2.837974173,-0.728534997
Peru,Huánuco,Stable_Forest,-71.00126801,-7.317631389,2020,58.09919357,258,262.5,416.5,262,638.5,2135,2774,2694,3127,3146,1511,592.5,70,3602,4,27,43,27,0.822733402,2.645491135,-0.732197404
Peru,Huánuco,Stable_Forest,-67.5921615,-3.723561768,2020,141.313141,345.5,356.5,551,303.5,997,2502.5,3049.5,3090,3449,3385,1775,732,210,3468.5,4,31.5,56.5,37,0.821128607,3.112364571,-0.697335899
Peru,Huánuco,Stable_Forest,-70.71165116,-7.266427417,2020,107.5570297,287.5,246.5,466,218,789.5,2569.5,3253,3104.5,3673.5,3429.5,1596,693.5,99,3733.5,4,22.5,48.5,25,0.86877352,2.813627059,-0.738972127
Peru,Huánuco,Stable_Forest,-66.28762805,-5.800915863,2020,131.415955,286,281,392,221,626,1944,2467,2551,2767,3058,1273,513,254,3766,4,23,41,29,0.840548337,3.290031065,-0.733605146
Peru,Huánuco,Stable_Forest,-68.11857426,-8.382494326,2020,222.7514496,312.5,279.5,415.5,268.5,711.5,2135,2858,2761,3247.5,3203.5,1626.5,659.5,85.5,3815,4,26.5,42.5,29,0.822742999,2.736905677,-0.73839134
Peru,Huánuco,Stable_Forest,-66.8687482,-2.669927772,2020,2.974605083,385,381,567,385,878,2669,3332,3054,3632,3823,1929,892,330,3573,4,41,58,39,0.776097715,2.661016949,-0.686826825
Peru,Huánuco,Stable_Forest,-70.20697763,-9.041139093,2020,26.37898827,275,247,441,219,675,2486,3238,3354,3611,3568,1840,786,70,3404,4,23,45,26,0.877413929,2.782709036,-0.767588913
Peru,Huánuco,Stable_Forest,-68.55030458,-9.284941861,2020,2.625240088,436,650,879,1028,1380,1959,2212,2451,2609,2548,2645,1633,81,3694,4,106,89,65,0.40902558,0.949933244,-0.472072065
Peru,Huánuco,Stable_Forest,-67.29293268,-5.812953288,2020,4.882239819,220.5,259,402,240,763,2332.5,3063,3004,3372.5,3191,1511,595,200,4028,4,25.5,42.5,23.5,0.852034509,2.761238761,-0.763945997
Peru,Huánuco,Stable_Forest,-66.55173274,-6.180543902,2020,329.008362,263,287,449,258,756,2383,3037,3158,3354,3124,1513,604,259,3721,4,26,44,31,0.848946154,2.838128792,-0.751039624
Peru,Huánuco,Stable_Forest,-72.27328245,-7.952560631,2020,162.866013,280,215,375,185,615,2130,2711,2423,3039,2890,1275,509,70,3765,4,19,39,21,0.858128846,2.911787666,-0.731951416
Peru,Huánuco,Stable_Forest,-69.29384014,-3.1429806,2020,290.541931,206,208,422,197,674,2241,2985,2990,3198,3076,1498,599,171,3778,4,21,43,22,0.876372755,2.672215844,-0.752637744
Peru,Huánuco,Stable_Forest,-71.4861786,-6.003665623,2020,283.48703,237,232,366,220,690,1969,2460,2225,2852,2803,1337,537,88,2973,4,22,38,24,0.820040882,2.775470653,-0.71748358
Peru,Huánuco,Stable_Forest,-66.78484556,-4.463144742,2020,247.865402,300.5,317,524.5,282.5,868.5,2575.5,3263,3577.5,3631,3311,1686,667.5,280,3786.5,4,29.5,53.5,32,0.853626966,2.844440608,-0.7442711
Peru,Huánuco,Stable_Forest,-68.32168334,-8.681004495,2020,312.277374,273.5,299.5,407.5,245,724.5,2296.5,2875,2867,3246,2959.5,1577.5,626.5,87.5,3734,4,25,42,30.5,0.842544973,3.133739692,-0.751107037
Peru,Huánuco,Stable_Forest,-66.23327997,-7.856620559,2020,176.333511,295,285,391,221,710,2223,2727,2591,3130,3178,1346,547,177,3639,4,24,40,29,0.842816472,3.327716933,-0.737759888
Peru,Huánuco,Stable_Forest,-68.85689959,-3.926670854,2020,223.909698,252.5,260,471.5,227,656,2006,2448.5,2945.5,2753.5,2953,1351,545,194.5,3487,4,23.5,48.5,26.5,0.856895208,2.881598474,-0.724026918
Peru,Huánuco,Stable_Forest,-70.38457456,-9.621989755,2020,264.246613,338,249,340,221,623,1862,2341,2166,2719,3136,1431,630,81,3082,4,24,35,24,0.814830303,2.991387265,-0.728651226
Peru,Huánuco,Stable_Forest,-72.34604599,-7.113983314,2020,344.366364,299.5,256.5,411.5,242,704.5,2090.5,2699.5,2975.5,3085,2846,1461.5,591.5,107.5,3559.5,4,25.5,42.5,25.5,0.849572659,2.728316199,-0.757012129
Peru,Huánuco,Stable_Forest,-73.43920585,-7.173811112,2020,301.049652,268.5,254,364,210.5,554.5,1759,2214,2127,2429.5,2961.5,1284,534,119,3537.5,4,22,37.5,26.5,0.819893062,3.224259758,-0.707747877
Peru,Huánuco,Stable_Forest,-66.9767257,-6.885451905,2020,70.693069,291,257,428,259,636,1991,2559,2585,2905,2897,1246,489,129,3603,4,27,44,30,0.817862153,2.628248588,-0.715897799
Peru,Huánuco,Stable_Forest,-72.86221795,-4.951109604,2020,139.593994,368,290,377,220,599,1921,2623,2280,2889,3188,1417,572,111,3508,4,24,40,29,0.824000001,3.611500701,-0.716221273
Peru,Huánuco,Stable_Forest,-68.27721674,-7.45758891,2020,273.3862305,291,314,495,276,822,2254,2855,2972,3249,3220,1565,649,65,4130,4,29,51,32,0.830049276,2.963940193,-0.714450538
Peru,Huánuco,Stable_Forest,-69.47044893,-3.69014444,2020,31.601971,320.5,320.5,485,242.5,815.5,3314,4093.5,3912,4438.5,4648,1993,809.5,141,3796,4,24,48.5,33,0.883259118,3.094796323,-0.779395044
Peru,Huánuco,Stable_Forest,-72.62317625,-5.868199678,2020,226.123535,301.5,302.5,492,271,768,2373.5,2962.5,3225.5,3431,3166.5,1580,651.5,82,3250,4,26.5,50.5,32.5,0.844987869,2.858732463,-0.735305965
Peru,Huánuco,Stable_Forest,-71.59505441,-5.831009425,2020,284.017517,314,272,441,216,688,2296,2835,2793,3254,3067,1349,532,94,3185,4,23,45,28,0.856430709,3.142682927,-0.727272749
Peru,Huánuco,Stable_Forest,-73.39123582,-6.406919354,2020,161.130386,281,336,463,302,728,2063,2711,2800,3064,2947,1570,641,88,3831,4,31,48,35,0.805286884,2.983755375,-0.716212094
Peru,Huánuco,Stable_Forest,-72.6022455,-8.08119938,2020,126.419403,282,258,349,213,683,1964,2514,2276,2870,3043,1442,563,70,3749,4,22,37,26,0.828846931,3.183641975,-0.734095216
Peru,Huánuco,Stable_Forest,-74.86564069,-8.582369477,2020,1.303081989,393,421.5,652,420.5,1033.5,3170.5,3902,3959.5,4289,4022.5,2501.5,1194.5,209,4114.5,4,43.5,67,44.5,0.807990849,2.663104824,-0.717228651
Peru,Huánuco,Stable_Forest,-71.3961674,-6.301277476,2020,184.508865,256,238,372,222,629,1951,2585,2580,2874,2959,1214,508,87,2983,4,23,38,25,0.841541767,2.770206767,-0.747967482
Peru,Huánuco,Stable_Forest,-70.19269442,-7.957052208,2020,143.943192,231,231.5,357,212,667.5,1938,2476.5,2387.5,2822.5,2746.5,1405.5,580,79,3615.5,4,22.5,37,21,0.836891711,2.82642588,-0.739843309
Peru,Huánuco,Stable_Forest,-66.9633408,-5.645507319,2020,196.373016,371,404,517,310,833,2434,3081,3385,3447,3249,1593,654,259,3750,4,32,53,42,0.832205713,3.469088448,-0.735007703
Peru,Huánuco,Stable_Forest,-72.69270585,-6.144072301,2020,277.86731,310,323,506,291,827.5,2515.5,3098.5,3220.5,3555.5,3252,1655.5,693,82,3430,4,30,51.5,32.5,0.834258854,2.877701375,-0.728431523
Peru,Huánuco,Stable_Forest,-72.11868239,-6.061427295,2020,275.623901,317,279.5,484.5,239,714.5,2044.5,2518,2984,2954,3082,1435,613,79,3222,4,25,50,29,0.851690948,2.95447207,-0.7206285
Peru,Huánuco,Stable_Forest,-71.89086963,-6.317267488,2020,209.6073303,303,277,421.5,215,632,2009,2666,2816.5,2819.5,2824,1254,514.5,76,2972.5,4,23,43,29.5,0.858156025,3.203817734,-0.739654124
Peru,Huánuco,Stable_Forest,-67.04158406,-5.184402083,2020,220.950134,321,302,429,254,810,2386,3001,2996,3348,3521,1719,710,246,3458,4,27,44,31,0.843692303,3.03856383,-0.749489069
Peru,Huánuco,Stable_Forest,-74.52086729,-8.188907383,2020,81.116364,236,300,526,287,823,2210,2775,3030,3107,3193,1566,663,76,4155,4,30,53,31,0.82695204,2.739712345,-0.704162002
Peru,Huánuco,Stable_Forest,-68.83336373,-2.276465677,2020,278.246765,309,265,378,228,611,1808,2334,2424,2559,2883,1219,492,124,3751,4,24,39,26,0.828054309,3.040708945,-0.730192721
Peru,Huánuco,Stable_Forest,-65.94465127,-5.719259004,2020,229.3233795,153,187,348.5,184.5,692.5,2034.5,2682,2737,2906,3054.5,1426.5,562,177,3840.5,4,19.5,36,19.5,0.873695016,2.61258956,-0.774104655
Peru,Huánuco,Stable_Forest,-74.83303185,-8.557396312,2020,1.331117034,565,664.5,805,972,1194,1502,1702,1614,1879,1789.5,2947.5,2543,208.5,3954,5,99.5,82,67.5,0.248259857,0.6515782,-0.334435731
Peru,Huánuco,Stable_Forest,-71.11077264,-4.628704249,2020,88.922653,280.5,304,468.5,258.5,685.5,1925,2486,2855,2797,2900.5,1371.5,575,91,3573,4,27,47.5,32,0.83394891,3.051833568,-0.718068302
Peru,Huánuco,Stable_Forest,-72.29609966,-6.381317368,2020,198.081299,288.5,252,381,211.5,726,2039,2564,2487.5,2912.5,3117,1435,601.5,102.5,3222.5,4,22.5,39,27,0.843275309,3.046854083,-0.734355927
Peru,Huánuco,Stable_Forest,-73.29592457,-3.125643115,2020,169.155518,237,239,350,193,695,2160,2771,2459,3250,3261,1441,570,94,4131,4,20,36,25,0.854449451,3.103259381,-0.750800967
Peru,Huánuco,Stable_Forest,-71.77929887,-8.865159129,2020,316.385315,201.5,253.5,386,226.5,679.5,2044.5,2546,2655.5,2906.5,2691,1331,545,184,3513.5,4,23,39.5,27.5,0.842817485,2.872176895,-0.746177852
Peru,Huánuco,Stable_Forest,-73.29170248,-7.300473567,2020,185.393707,314,332,508,352,743,2253,2897,3074,3334,3273,1574,672,104,3772,4,36,52,34,0.79451257,2.523173897,-0.716359556
Peru,Huánuco,Stable_Forest,-67.04176373,-4.114688243,2020,223.437164,316,292,470,259,758,2329,2958,3044,3459,3323,1584,626,201,3602,4,27,48,31,0.843172848,2.890203404,-0.732498586
Peru,Huánuco,Stable_Forest,-67.63680777,-8.836233376,2020,44.78653717,328,328.5,533,276.5,917,2782,3422.5,3560.5,3735.5,3712,1824,803,96.5,3539.5,4,28.5,55,34,0.855876982,2.978144554,-0.739587128
Peru,Huánuco,Stable_Forest,-70.38646102,-8.933970079,2020,51.27998734,256,264,387,241,753,2173,2717,2578,3164,3188,1685,689,69,3439,4,24,40,27,0.829017401,2.856968215,-0.738954484
Peru,Huánuco,Stable_Forest,-66.56296168,-7.004388849,2020,339.238464,270,255,452,248,750,2450,3150,3271,3429,3102,1410,549,141,3883,4,25,46,27,0.85905087,2.654082529,-0.757185042
Peru,Huánuco,Stable_Forest,-73.83931548,-9.135462198,2020,68.877457,385,340,515,287,818,2649,3301,3232,3826,3671,1694,658,117,4226,4,30,54,33,0.836885452,3.061330561,-0.725113451
Peru,Huánuco,Stable_Forest,-72.63925609,-7.234088067,2020,266.028168,262,254,373,222,689,2248,2911,2678,3264,3086,1440,565,93,3925,4,23,39,26,0.846896529,2.915479582,-0.755490005
Peru,Huánuco,Stable_Forest,-72.30436416,-4.563127233,2020,290.229431,332,280,452,240,767,2395,2990,3020,3479,3205,1540,637,129,3632,4,25,46,29,0.852760732,2.943667937,-0.739631355
Peru,Huánuco,Stable_Forest,-73.71004791,-8.977897697,2020,48.46660233,322.5,273.5,390.5,236.5,691,2122.5,2711,2516.5,3053,3171.5,1541,658.5,82,3495,4,24.5,40,29,0.828187406,3.023471688,-0.731338143
Peru,Huánuco,Stable_Forest,-66.76966403,-5.530433131,2020,112.973953,230,226,357,216,615,1904,2421,2510,2784,2979,1365,535,253,3687,4,22,37,24,0.841526031,2.715435606,-0.750959218
Peru,Huánuco,Stable_Forest,-70.83759496,-9.533865026,2021,217.460663,301.5,330,494,316,784.5,2189,2800.5,3021.5,3223.5,2973,1632,704.5,112,3606.5,4,31.5,50,33.5,0.810636699,2.768058113,-0.718958914
Peru,Huánuco,Stable_Forest,-66.31421818,-7.260318874,2021,295.437103,224.5,262,406.5,245,694.5,1876,2365.5,2391,2736.5,2854.5,1261.5,518,79,3318,4,25,41.5,27.5,0.814112306,2.82814971,-0.709383368
Peru,Huánuco,Stable_Forest,-66.02576914,-7.378986323,2021,239.8242798,214,244,403,210,642,1872,2438,2752,2714,2833,1215,470,65,3336,4,22,41,24,0.858203888,2.91113147,-0.744532466
Peru,Huánuco,Stable_Forest,-65.75654405,-4.065191071,2021,158.519379,265,283,443,253,752.5,2022,2565.5,2573,2950,2972,1347.5,568.5,91.5,4198.5,4,25,45,28.5,0.820948362,2.944909876,-0.706233442
Peru,Huánuco,Stable_Forest,-67.1345597,-5.702550339,2021,172.229462,271,270,456,237,670,2115,2653.5,2957,2995.5,3029.5,1349,540.5,81.5,3969.5,4,25,47.5,27.5,0.851596773,2.887473461,-0.732786417
Peru,Huánuco,Stable_Forest,-70.98518816,-7.579759789,2021,91.853363,273.5,317,516.5,371.5,862,2483.5,3324,3162,3597.5,3241.5,1600.5,711.5,197,3206,4,38.5,53,32.5,0.789726913,2.314231216,-0.719179034
Peru,Huánuco,Stable_Forest,-66.24441908,-4.06276562,2021,54.09262466,282,280,461,251,753,2438,3232,3022,3435,3439,1528,608,100,4175,4,25,48,28,0.846623898,2.851996706,-0.735285699
Peru,Huánuco,Stable_Forest,-72.8213446,-4.311598953,2021,189.8796997,240,256,466,271,784,2395,2927,3418,3446,3314,1785,769,59,4350,4,28,48,27,0.853076696,2.5176,-0.760041177
Peru,Huánuco,Stable_Forest,-70.22530326,-8.016610511,2021,0.108941004,481,569.5,874.5,1001.5,1641,2493.5,2785.5,2776.5,3074.5,2741.5,2901.5,1792.5,184,3610,4,102,88.5,58.5,0.469825298,0.982780577,-0.520953178
Peru,Huánuco,Stable_Forest,-72.75621674,-7.786012978,2021,150.063721,203,232,408,205,631,2004,2575,2999,2947,3099,1329,523,87,3692,4,22,43,25,0.872034967,2.805220884,-0.7604931
Peru,Huánuco,Stable_Forest,-68.56216235,-7.660248838,2021,148.4770203,259.5,338.5,510,330.5,817,2024.5,2560,2759,2983,2963,1535.5,664,70,3492.5,4,34,52.5,35,0.786049545,2.75433821,-0.68797797
Peru,Huánuco,Stable_Forest,-73.19279797,-9.593153835,2021,211.403854,203,197,341,186,642,2185,2780,2788,3080,2895,1335,523,74,3599,4,20,36,20,0.874915957,2.679711637,-0.782038987
Peru,Huánuco,Stable_Forest,-72.35790375,-4.984706596,2021,66.500549,249,265,440,241,757,2073,2638,2623,2870,2858,1652,708,65,3882,4,25,45,27,0.831703901,2.859543818,-0.71269995
Peru,Huánuco,Stable_Forest,-72.82610567,-6.260583794,2021,422.099915,253.5,278,480,237.5,774,2321.5,2962,3092.5,3298.5,2957,1581,655,96,4272.5,4,24,49,29.5,0.857357383,2.933018286,-0.731280625
Peru,Huánuco,Stable_Forest,-68.84019093,-8.470798719,2021,424.967834,267.5,323,469,338.5,793,2092,2682.5,2700,3056,2926,1703,772,64.5,3607,4,35,47.5,33,0.777192712,2.55628924,-0.704007566
Peru,Huánuco,Stable_Forest,-69.76859977,-7.565656239,2021,404.733795,242.5,261,445,266.5,705.5,2089,2728,3158,3130,2877.5,1343,561.5,218.5,3636.5,4,30,46,26.5,0.844356835,2.581235494,-0.75298363
Peru,Huánuco,Stable_Forest,-73.87956001,-8.286194928,2021,51.31772995,235,256,389,197,641,2237,2907,3230,3315,3150,1445,587,64,3659,4,22,40,25,0.885030627,3.041516245,-0.78502351
Peru,Huánuco,Stable_Forest,-73.57027005,-8.602671403,2021,159.757614,258,215,409,188,640,2265,2948,3112,3280,3560,1683,713,64,3885,4,20,41,24,0.886060596,2.781053833,-0.767679632
Peru,Huánuco,Stable_Forest,-73.03298768,-8.73122032,2021,116.454247,272.5,230,324,171,591.5,1821.5,2389,2200,2563,2865,1250,507.5,72,3662.5,4,18.5,33,23.5,0.855757058,3.377163782,-0.743264675
Peru,Huánuco,Stable_Forest,-69.34468479,-7.400635721,2021,158.218246,234.5,300,432.5,303.5,729.5,1912.5,2373.5,2635.5,2681,2595,1361.5,567.5,204,3548,4,32,45,30.5,0.793467164,2.640996602,-0.718057394
Peru,Huánuco,Stable_Forest,-66.56924989,-5.483720736,2021,229.938858,264,249.5,424.5,230,722,2167.5,2819.5,2713.5,3069.5,3204.5,1442,580,71,3842.5,4,23,43,26.5,0.843723476,2.792645901,-0.729445517
Peru,Huánuco,Stable_Forest,-68.37675007,-6.426233132,2021,413.641357,272,279,482,262,781,2485,3115,3488,3607,3145,1561,663,82,4081,4,27,49,29,0.860266685,2.716860367,-0.757178843
Peru,Huánuco,Stable_Forest,-67.47205675,-8.135098297,2021,239.384064,205,247.5,368,225,653,2160.5,2758.5,2679,3146,2688,1340.5,542,70,3380,4,23.5,38.5,25,0.845041335,2.822311673,-0.758450925
Peru,Huánuco,Stable_Forest,-66.39075464,-5.442667728,2021,241.595932,220.5,242.5,411,217.5,673.5,1930,2454,2552,2802,2822,1341,534,73,3770,4,22,42,24,0.842931926,2.861959054,-0.722578466
Peru,Huánuco,Stable_Forest,-71.30453924,-6.668149438,2021,179.816895,231,224,401.5,205.5,600,1917,2495,2562.5,2879,2986.5,1293.5,525.5,64,3661.5,4,21,41,22.5,0.85151732,2.784077486,-0.729082346
Peru,Huánuco,Stable_Forest,-68.56997769,-6.439528198,2021,288.528687,203,193,360,195,639,2003,2701,2524,3093,3099,1275,518,82,3847,4,20,37,20,0.856564939,2.590656285,-0.75034672
Peru,Huánuco,Stable_Forest,-69.47943208,-6.494235599,2021,149.080429,256,267,424.5,257,743.5,2119,2660,2818,3039.5,2989,1353,553,137.5,3998.5,4,26.5,43.5,28.5,0.832845509,2.714649141,-0.738165021
Peru,Huánuco,Stable_Forest,-67.37494887,-9.309286205,2021,160.653778,244,262,404,223,652,2133,2694,2661,3049,2930,1377,567,76,3298,4,23,41,26,0.845353663,2.995085995,-0.736378491
Peru,Huánuco,Stable_Forest,-73.16854346,-8.882586445,2021,201.1721802,285,296,462,264,812,2346,3033,3007,3455,2905,1666,714,69,3622,4,26,47,31,0.838581502,2.891020236,-0.73364079
Peru,Huánuco,Stable_Forest,-71.68246049,-7.781790896,2021,186.000031,207.5,234.5,390.5,212.5,659,2080,2738.5,2823.5,3066,2872,1308.5,536.5,69,3471.5,4,21.5,40,24.5,0.860013187,2.788636121,-0.757000625
Peru,Huánuco,Stable_Forest,-70.63331806,-7.160875372,2021,216.440659,220,242,405.5,198,753,2474,3140,3018,3479,3098,1495.5,578,136,3976.5,4,21.5,43,24,0.876865685,2.947324415,-0.763107955
Peru,Huánuco,Stable_Forest,-65.0754414,-9.946730731,2021,2.122205019,472,417,617.5,429,1037,2152.5,2620.5,2779.5,2972.5,2746.5,2303.5,1220,103,3126.5,4,45,63.5,44,0.732585311,2.638639425,-0.636443913
Peru,Huánuco,Stable_Forest,-65.56699953,-6.526934276,2021,183.312958,257.5,252.5,468,253.5,795.5,2388,3032,3259.5,3412,3258.5,1599.5,647,65,3938.5,4,26,48,26,0.855678916,2.602372089,-0.74889338
Peru,Huánuco,Stable_Forest,-71.98159947,-5.227161891,2021,128.518738,252,257,418,235,683,2199,2851,2768,3153,3119,1671,673,94,3779,4,24,43,27,0.843489826,2.812569398,-0.737601995
Peru,Huánuco,Stable_Forest,-66.87027534,-6.405212555,2021,230.254852,247,264,429,201.5,689,2269.5,2926,2622.5,3268,3287.5,1369,538.5,77,3860.5,4,21,44,26.5,0.857294619,3.267206478,-0.71882683
Peru,Huánuco,Stable_Forest,-74.65085351,-8.247297876,2021,93.41876984,263,274,435.5,230.5,674,2226.5,2846.5,2682.5,3086.5,3360.5,1471,610.5,88,3671.5,4,25,44,30,0.841743886,3.047477007,-0.720654249
Peru,Huánuco,Stable_Forest,-66.02837426,-9.775691501,2021,125.753357,203.5,223,360.5,183.5,648,2121,2624.5,2623.5,2998,3116.5,1370.5,566,114.5,3319,4,19,37,22,0.869255424,2.971261568,-0.758378029
Peru,Huánuco,Stable_Forest,-68.26697594,-9.256285603,2021,165.384125,242,287,454,263,753,2332,3070,3099,3371,3151,1568,626,64,3562,4,27,47,30,0.843545496,2.807364878,-0.74444133
Peru,Huánuco,Stable_Forest,-72.7549591,-5.146942336,2021,200.011734,289,302,500,262,826,2420,3040,3266,3394,3567,1702,725,59,4114,4,27,51,31,0.851473927,2.917637918,-0.734466255
Peru,Huánuco,Stable_Forest,-68.55246054,-4.722668027,2021,107.910896,244.5,241,365,213.5,576.5,1837.5,2378.5,2353,2629.5,2823.5,1188,476,196.5,3522.5,4,22,37.5,25.5,0.833625555,2.926812585,-0.731420159
Peru,Huánuco,Stable_Forest,-67.957147,-7.412044325,2021,282.128082,273,304.5,477.5,278.5,818,2352,2984.5,3010.5,3351,3357,1516.5,591,73,3654,4,28.5,48.5,32.5,0.830647588,2.847316311,-0.726204157
Peru,Huánuco,Stable_Forest,-68.10941144,-6.372244384,2021,298.111206,298.5,293,477.5,247.5,757,2371,3007.5,3255,3359,3361,1600.5,673,71,3941,4,25.5,49,30,0.85867238,2.956064478,-0.744139314
Peru,Huánuco,Stable_Forest,-69.61238274,-9.049583256,2021,231.028473,222,219,352,218,556,1654,2166,2237,2447,2713,1236,513,70,3690,4,23,36,22,0.822403252,2.651694247,-0.728080332
Peru,Huánuco,Stable_Forest,-68.21433467,-4.565103527,2021,22.05780602,172.5,188,380,210,688.5,1866.5,2306.5,2364,2638.5,2782.5,1150.5,434.5,91,3888,4,22,39,19,0.836829841,2.431151242,-0.723032057
Peru,Huánuco,Stable_Forest,-70.30776861,-10.03629276,2021,103.978912,227,241.5,432.5,221.5,662,2325,3264.5,3497,3529.5,3301.5,1733,733,72.5,3422,4,22.5,45,23.5,0.880865932,2.715327862,-0.779870212
Peru,Huánuco,Stable_Forest,-74.15156987,-8.630698839,2021,52.10754395,179.5,268.5,433,258.5,656.5,2032.5,2657,2972,2972.5,2823,1468,597.5,82,3762.5,4,27,45,27.5,0.83996284,2.702420078,-0.745668113
Peru,Huánuco,Stable_Forest,-74.93328384,-5.45335768,2021,336.984619,264.5,286,470.5,233.5,743,2438,3099,3179,3550.5,3297,1596.5,626.5,88,3937.5,4,24.5,47.5,30,0.863150179,3.022885878,-0.742156446
Peru,Huánuco,Stable_Forest,-72.80463594,-8.729154195,2021,53.40180206,303,198,300,178.5,592,1843,2352,1977.5,2634.5,3019,1283,518.5,71,3771.5,4,17.5,31,19,0.834415555,2.874720358,-0.736553252
Peru,Huánuco,Stable_Forest,-71.11643202,-9.995149925,2021,20.29383278,165.5,167.5,272.5,180,562,1846,2307,2172,2659.5,2814,1246,525.5,66,3025,4,18,28.5,18.5,0.846938789,2.494052836,-0.777050495
Peru,Huánuco,Stable_Forest,-70.89463798,-7.152790534,2021,158.989349,264.5,265.5,483,272,776,2208,2872,3010,3206,3262,1486.5,599,127.5,3596.5,4,28.5,50,27.5,0.83424741,2.581314226,-0.723446906
Peru,Huánuco,Stable_Forest,-68.6389683,-7.623687406,2021,118.963783,241,267.5,419,218.5,695.5,2252.5,2970,3276,3332.5,3110,1477,570.5,70,3585,4,23,43,28,0.874946356,2.960685581,-0.773207009
Peru,Huánuco,Stable_Forest,-70.07690158,-9.654778263,2021,335.608612,243,176,276,163.5,543.5,1748.5,2215,2020.5,2549.5,2775,1299.5,558.5,72.5,3160.5,4,17,28.5,18.5,0.850274742,2.759286776,-0.759634197
Peru,Huánuco,Stable_Forest,-74.66774184,-7.612009307,2021,351.7900696,271.5,228,363,172,650.5,2180.5,2832,2904,3277.5,3071.5,1352,541.5,86.5,3796.5,4,18.5,37,22,0.888166428,3.066906152,-0.777777791
Peru,Huánuco,Stable_Forest,-68.14714068,-8.313863039,2021,408.876495,249.5,254.5,410,239,802.5,2416,3105,3096,3689.5,3402,1626,665,73,3616.5,4,25,42,27.5,0.856671691,2.723805892,-0.766115248
Peru,Huánuco,Stable_Forest,-68.11444201,-4.93556875,2021,215.356598,266,272,440,249,778,2164,2678,2752,3019,2836,1439,561,100,3824,4,26,45,28,0.834055305,2.835296783,-0.724310756
Peru,Huánuco,Stable_Forest,-68.60222721,-9.694663462,2021,159.224457,274,268,410,256,654,2098,2722,2819,3004,2922,1509,635,69,3441,4,27,41,28,0.833495915,2.731244672,-0.746051431
Peru,Huánuco,Stable_Forest,-71.28280002,-5.853826633,2021,243.082687,219,208,331,168,638,1995,2559,2554,2955,2890,1240,500,70,3745,4,17,34,22,0.876561344,2.978032951,-0.770537257
Peru,Huánuco,Stable_Forest,-67.42723082,-7.343323206,2021,208.8396301,249,247,380.5,210,643.5,1871.5,2474,2436,2806.5,3040.5,1287,496.5,73,3597,4,22.5,39.5,26,0.841269851,3.017077799,-0.729806483
Peru,Huánuco,Stable_Forest,-69.91035392,-8.122521883,2021,222.164764,248.5,260.5,450.5,281,698.5,2019,2657,2864.5,3004,3131,1415,587,174.5,3504.5,4,29,47,27,0.821332037,2.486286209,-0.728205144
Peru,Huánuco,Stable_Forest,-66.37907654,-8.197351546,2021,366.442871,213.5,204.5,277.5,174,478.5,1492,2039.5,1960,2317.5,2722.5,1024,398.5,61.5,3388,4,18,28.5,21,0.836925983,3.034834325,-0.75195533
Peru,Huánuco,Stable_Forest,-68.55183172,-5.398829942,2021,63.85363388,201,230,368,198,660,2039,2664,2850,2987,2864,1299,492,176,3519,4,21,38,24,0.870078743,2.865168539,-0.771286488
Peru,Huánuco,Stable_Forest,-71.82358582,-9.197176458,2021,37.88738251,243,260,380,259,707,2028,2678,2578,2875,3584,1441,641,74,3078,4,28,40,25,0.817412734,2.655748969,-0.743069649
Peru,Huánuco,Stable_Forest,-65.63149856,-7.028823025,2021,51.83247757,304.5,300.5,519,257,796,2329.5,3016,3313.5,3418,3173.5,1517,613,65,3873,4,27,53,32,0.856042564,2.935837095,-0.729158521
Peru,Huánuco,Stable_Forest,-70.6334079,-8.608510452,2021,149.626404,345,401,599,463,984,2403,3052,3093,3403,3208,1781,826,336,3364,4,47,61,45,0.739595056,2.295339501,-0.675514638
Peru,Huánuco,Stable_Forest,-65.40763839,-7.886534458,2021,205.189529,239.5,243.5,361,244,736.5,2057,2596.5,2396,3055.5,3125.5,1520.5,642.5,65,3602,4,25.5,37,24,0.815151513,2.644059467,-0.738121152
Peru,Huánuco,Stable_Forest,-73.12174123,-7.044004553,2021,200.383881,263.5,288,432,263,717,2217.5,2753,2784,3136,3149,1586.5,684.5,66.5,3712.5,4,27,44.5,30,0.82737118,2.860871539,-0.731343269
Peru,Huánuco,Stable_Forest,-66.98247492,-9.047067974,2021,78.417542,264,299,443,283,767,2259,2813,2928,3236,3250,1436,608,64,3192,4,29,46,31,0.823730946,2.773118054,-0.737169981
Peru,Huánuco,Stable_Forest,-65.38545001,-7.06969637,2021,28.64334488,296,275,464,281.5,753.5,2430,3064.5,3316,3578,3274,1576.5,648,65,3774.5,4,29,47.5,28.5,0.843502462,2.577288942,-0.754497349
Peru,Huánuco,Stable_Forest,-74.54009124,-7.779365445,2021,181.5825195,257.5,255,429,229,722.5,2301.5,2997.5,2838.5,3352,3136.5,1575,651.5,90.5,3990.5,4,22.5,44,27.5,0.850692749,2.835180356,-0.737413943
Peru,Huánuco,Stable_Forest,-73.74741783,-8.987779165,2021,30.10894966,238,187,311,163,637,2035,2745,2297,3124,3415,1401,553,64,3798,4,17,33,18,0.867479682,2.847611422,-0.761503041
Peru,Huánuco,Stable_Forest,-65.32229844,-6.746213036,2021,96.37606049,253,258,430.5,268.5,696.5,2052,2566.5,2730.5,2864.5,3056,1544.5,641.5,65,3864.5,4,28,44,28,0.820940316,2.556593977,-0.72761786
Peru,Huánuco,Stable_Forest,-66.19321511,-8.55317423,2021,143.295898,251,275,388,221,696,2151,2756,2780,3141,3008,1413,575,65,3424,4,23,40,28,0.85271579,3.129126926,-0.75505048
Peru,Huánuco,Stable_Forest,-70.00548551,-8.343687106,2021,262.728119,256,321.5,498.5,326.5,818.5,2155.5,2793.5,2549,3109,3019.5,1435,654,362,3207,4,33.5,51,34,0.772909045,2.648671195,-0.672846615
Peru,Huánuco,Stable_Forest,-72.54511265,-8.182080187,2021,144.2193298,245,246,435,216,664,2156,2801,2996,3170,2935,1457,585,76,3716,4,23,45,24,0.865504384,2.839052288,-0.746429622
Peru,Huánuco,Stable_Forest,-73.86374966,-9.674092042,2021,169.156754,285,249,469,238,789,2427,3100,3133,3458,3280,1388,535,70,3678,4,24,48,27,0.858795583,2.686027092,-0.739589095
Peru,Huánuco,Stable_Forest,-72.24139225,-4.148734392,2021,280.550995,299,261.5,437.5,223,859.5,2478,3099,2748.5,3498.5,3552,1606.5,646.5,62,4325.5,4,23,45,27,0.849907458,2.969429747,-0.72536093
Peru,Huánuco,Stable_Forest,-66.46055374,-7.505738609,2021,45.20319366,208,228,358,194,616,2033,2606,2698,2880,3084,1306,562,72,3802,4,20,37,24,0.865836799,2.907570831,-0.765706778
Peru,Huánuco,Stable_Forest,-65.20758358,-4.231828556,2021,111.884613,287,263,457,271,656,2087,2843,2938,3156,3370,1552,661,78,3940,4,28,47,27,0.831100047,2.571841851,-0.730780542
Peru,Huánuco,Stable_Forest,-66.21585266,-3.393161407,2021,78.730583,234,252,372,211,618,1880,2650,2327,2693,3282,1346,538,108,4051,4,22,39,26,0.83372736,3.104460094,-0.724342346
Peru,Huánuco,Stable_Forest,-73.77993684,-9.127467192,2021,114.725197,283.5,225.5,417,220,800,2282.5,2921.5,2925,3347.5,3214.5,1463.5,584.5,70,3812,4,22.5,43,24,0.860095382,2.647030042,-0.750448823
Peru,Huánuco,Stable_Forest,-68.03646824,-4.482189026,2021,60.16001511,198,172,356,207,663,1752,2244,2219,2554,2610,1209,480,65,3745,4,22,38,20,0.829348743,2.315837937,-0.723495126
Peru,Huánuco,Stable_Forest,-71.08247571,-5.779266465,2021,188.680725,177,213,348,198,496,1606,2086,2185,2184,2633,1012,415,70,3575,4,21,36,22,0.833822906,2.796228539,-0.725226998
Peru,Huánuco,Stable_Forest,-70.2783937,-8.149920499,2021,1.996078968,404,584,885,993,1646,2583,2924,2918,3370,3682,3276,1965,268,3347,4,101,90,60,0.492201477,1.070157883,-0.534577966
Peru,Huánuco,Stable_Forest,-67.01903635,-8.988138491,2021,112.0820847,217,238,375,216,668,2410,3055,2962,3461,3571,1545,653,64,3417,4,22,39,25,0.864065468,2.774858529,-0.775247216
Peru,Huánuco,Stable_Forest,-66.96172384,-8.091080848,2021,196.914215,196,247,381,218,685,2291,2933,2912,3235,3013,1436,546,65,3624,4,23,40,25,0.860702872,2.843571881,-0.768600047
Peru,Huánuco,Stable_Forest,-69.17858629,-9.647951067,2021,252.966843,289.5,279.5,405.5,285,769,1992.5,2492.5,2170,2877,2891,1541,668.5,72.5,3472,4,29.5,42,29,0.767820776,2.64042583,-0.685109675
Peru,Huánuco,Stable_Forest,-68.77129014,-8.748378142,2021,320.321381,337.5,369.5,550,359.5,892.5,2504.5,3150.5,3218.5,3540.5,3203,1764,802.5,67,3655.5,4,36.5,56.5,37,0.799049735,2.743498705,-0.708106697
Peru,Huánuco,Stable_Forest,-65.4370133,-5.408352084,2021,92.83399963,292.5,290.5,477.5,261.5,839,2636.5,3220,3463,3610.5,3370,1715,686.5,71,3718,4,27,49,30,0.85957849,2.804151704,-0.757644951
Peru,Huánuco,Stable_Forest,-65.21584808,-5.189252986,2021,112.350296,302.5,258.5,463.5,267.5,800,2486.5,3123,2968,3522.5,3300,1523,599,71,3695.5,4,28.5,47,26.5,0.834646881,2.561901148,-0.729855776
Peru,Huánuco,Stable_Forest,-66.60428418,-9.180108467,2021,209.923965,197.5,241.5,394.5,215,655,1900.5,2401.5,2730,2786.5,2784.5,1324,548,69.5,3306.5,4,22,41,25.5,0.85398984,2.845344496,-0.747479618
Peru,Huánuco,Stable_Forest,-70.23069315,-7.226182893,2021,142.693283,263.5,307.5,467,300,778,2391,2998,2733.5,3348.5,3133,1526,625.5,128.5,3911.5,4,31.5,48.5,31.5,0.802208662,2.730281611,-0.708170593
Peru,Huánuco,Stable_Forest,-66.09880217,-6.293372302,2021,89.661484,196.5,219,390.5,199,676,2088,2637.5,2700,2910,2836,1306.5,504,65,3808,4,21,40,23,0.862711251,2.775804661,-0.747290075
Peru,Huánuco,Stable_Forest,-66.0096893,-8.647587167,2021,45.987091,249,276,450,244,702,2245,2843,3106,3224,3079,1415,592,65,3292,4,25,47,28,0.854328334,2.860855658,-0.746906638
Peru,Huánuco,Stable_Forest,-73.27885658,-9.302818335,2021,151.070145,228,226,430,228,693,2249,3012,2956,3397,3238,1749,740,75,3902,4,24,43,23,0.856783926,2.593155894,-0.746012986
Peru,Huánuco,Stable_Forest,-67.33757895,-6.196533914,2021,82.56908417,206,208,325,181,638,1986,2404,2338,2915,2891,1330,505,65,3767,4,19,35,21,0.856292188,2.891420912,-0.75591439
Peru,Huánuco,Stable_Forest,-74.17510574,-8.643454917,2021,73.274696,171.5,248.5,406.5,203.5,669,2333,3100,3470,3362.5,3393,1499,581,85,3633.5,4,21,42,26.5,0.889206469,2.887386193,-0.790274739
Peru,Huánuco,Stable_Forest,-72.17222198,-8.607881631,2021,199.728302,235,211,280,176,545,1886,2517,2206,2736,3081,1226,497,69,3499,4,19,29,22,0.852225006,3.019934543,-0.77473855
Peru,Huánuco,Stable_Forest,-65.28573701,-9.321772788,2021,113.692368,250,225,375,232,668,1907,2446,2441,2792,3171,1306,544,172,2924,4,24,39,24,0.826412261,2.572792919,-0.733664751
Peru,Huánuco,Stable_Forest,-72.49336969,-9.038533978,2021,136.955399,256,224.5,370,193.5,579.5,2013.5,2687.5,2924.5,3101,3009,1501,621,72,3645,4,20.5,38,23,0.87588197,2.84153574,-0.775383234
Peru,Huánuco,Stable_Forest,-67.14192588,-8.463432534,2021,45.19378281,241,250,408,209,637,2228,2926,3168,3272,3501,1389,546,64,3380,4,21,42,27,0.876221478,2.903257457,-0.771812081
Peru,Huánuco,Stable_Forest,-70.45841608,-8.899295109,2021,231.876297,220,281,414,316,728,1873,2449,2543,2765,2676,1563,702,334,3206,4,33,44,28,0.778943658,2.386923901,-0.719986498
Peru,Huánuco,Stable_Forest,-72.70456362,-8.591262798,2021,144.973038,279,273,430.5,251.5,686,2208,2951.5,3027,3271,3123.5,1489,602,69.5,3761,4,26,44.5,28,0.846576154,2.787206266,-0.750976145
Peru,Huánuco,Stable_Forest,-65.78879357,-6.040227055,2021,74.821373,253,255,418.5,231,731.5,2265.5,2911,2801,3266.5,3239.5,1490,588,68,3795.5,4,24,43,26,0.847625315,2.823555263,-0.740021765
Peru,Huánuco,Stable_Forest,-67.86030861,-6.814215503,2021,226.098969,261,265,408,259,666,1950,2498,2358,2790,3087,1515,627,76,3736,4,26,43,25,0.802063406,2.725266165,-0.704989135
Peru,Huánuco,Stable_Forest,-67.09144056,-6.094754792,2021,234.254318,297,301,467,229,796,2240,2842,2957,3224,2973,1409,572,71,3862,4,24,48,32,0.856246054,3.287539166,-0.727219641
Peru,Huánuco,Stable_Forest,-72.11832306,-8.37270269,2021,101.8194656,208,238,366,203,612,2036,2605,2665,3012,2824,1441,599,70,3949,4,22,38,25,0.858437955,2.932348737,-0.758495569
Peru,Huánuco,Stable_Forest,-66.87467708,-7.914651726,2021,250.5433502,201,255,365,231,638,1993,2563,2542,2942,2971,1319,513,65,3579,4,25,38,26,0.833393455,2.865112819,-0.748881996
Peru,Huánuco,Stable_Forest,-69.32501168,-9.295901307,2021,91.49705505,197,169,313,212,640,1736,2316,2193,2680,2691,1447,641,200,3056,4,22,32,20,0.823700607,2.252672277,-0.750199497
Peru,Huánuco,Stable_Forest,-72.07152083,-8.08883506,2021,66.073822,289.5,292,548,265.5,912.5,2718.5,3348,3295,3632,3385,1775,752,76,3601,4,28,55.5,30,0.850863636,2.806131901,-0.714806139
Peru,Huánuco,Stable_Forest,-65.33559351,-8.966489093,2021,242.24823,256,231,415,204,672,2276,2995,3166,3331,3116,1420,573,65,3201,4,21,43,23,0.878931761,2.785405304,-0.76822114
Peru,Huánuco,Stable_Forest,-68.92822582,-8.460917251,2021,344.879761,297,290,443,262,704,2297,2896,3284,3259,3072,1593,687,70,3533,4,27,46,31,0.852227867,2.816927666,-0.762275279
Peru,Huánuco,Stable_Forest,-65.91608484,-5.7725291,2021,36.783661,169.5,240.5,402.5,196.5,636,2067.5,2602,2845,2899,2879.5,1294.5,501,72,4064,4,20.5,41.5,25,0.870787442,2.980866629,-0.752117038
Peru,Huánuco,Stable_Forest,-68.59719664,-5.593674527,2021,265.247894,227,232,412.5,227.5,687,1897,2376,2532,2722.5,2855,1208.5,462.5,82,3842,4,23.5,41.5,23.5,0.835115075,2.669717331,-0.719816625
Peru,Huánuco,Stable_Forest,-69.48509147,-7.685491498,2021,189.211411,287.5,268,468.5,297,771,2302.5,2957.5,2802.5,3313,2941,1477.5,616.5,215.5,3596.5,4,30.5,48.5,27.5,0.808356166,2.432052029,-0.713543236
Peru,Huánuco,Stable_Forest,-72.77418305,-6.705788849,2021,54.16313553,256,252,399,235.5,730.5,2107,2834.5,2522.5,3143.5,3196,1435.5,582.5,78.5,3943.5,4,24.5,41,26.5,0.82922405,2.793794283,-0.726852655
Peru,Huánuco,Stable_Forest,-65.35652425,-9.9449341,2021,192.563843,225.5,231.5,416.5,220,620,2193.5,2796,3244,3106.5,2798,1284,512.5,114.5,3287,4,23,43,24,0.872979224,2.672558551,-0.772435486
Peru,Huánuco,Stable_Forest,-70.89095489,-5.569959003,2021,129.422043,193,268,422,227,673,1905,2501,2598,2826,2798,1344,557,70,3636,4,23,42,29,0.839292049,3.038185546,-0.720529795
Peru,Huánuco,Stable_Forest,-66.22178154,-7.901087166,2021,232.048157,229.5,250,399,234,730,2214,2783.5,2716.5,3133,3080.5,1384,546,65,3560.5,4,24,41,26,0.841382802,2.762630759,-0.743861318
Peru,Huánuco,Stable_Forest,-70.45176855,-7.756368573,2021,448.137024,332.5,283.5,438.5,282.5,775.5,2206,2821,2377.5,3214.5,3221.5,1529.5,625,176.5,3666.5,4,29.5,44.5,32,0.787593961,2.689690589,-0.688565314
Peru,Huánuco,Stable_Forest,-71.36805014,-5.080467005,2021,306.955566,218,259,396,264.5,640.5,1990.5,2560.5,2667,2893.5,3127,1349,571.5,76,3937,4,27.5,41,27.5,0.819546282,2.597297297,-0.741429985
Peru,Huánuco,Stable_Forest,-69.15954201,-8.431632173,2021,84.944641,233,218,374,223,535,1847,2425,2434,2787,3071,1254,489,197,2819,4,21,39,24,0.832141519,2.58536015,-0.733618259
Peru,Huánuco,Stable_Forest,-67.21675554,-5.935393661,2021,326.082581,232,281,437,268,659,1969,2471,2253,2949,3062,1414,550,71,4237,4,28,45,29,0.787385941,2.828441151,-0.675092936
Peru,Huánuco,Stable_Forest,-67.59036487,-6.940518632,2021,300.208893,220,312,466,309,755,2151,2744,2764,3150,3134,1427,586,76,3636,4,33,48,32,0.798893571,2.693067135,-0.711455107
Peru,Huánuco,Stable_Forest,-74.84848287,-8.576979585,2021,1.126001954,341.5,335,597.5,418.5,964,2545,3088,3044,3387,3444.5,2029.5,995.5,84,3547,4,43,61,35.5,0.758267164,2.15664531,-0.671838522
Peru,Huánuco,Stable_Forest,-69.37882077,-8.505024531,2021,54.91501236,252,246,375,242,758,2118,2721,2709,3114,2928,1641,754,203,3149,4,25,39,24,0.835987806,2.661847216,-0.756809354
Peru,Huánuco,Stable_Forest,-66.61928605,-7.840181389,2021,42.09280396,245,268,411,264,692,1954,2506,2587,2873,2760,1319,572,65,3501,4,28,42,29,0.814801812,2.686170213,-0.725817204
Peru,Huánuco,Stable_Forest,-65.67659399,-2.816802321,2021,150.722565,222,262.5,420,224.5,629.5,2127,2783.5,3014,3080.5,3078.5,1462,573,108,3963,4,23,43,26.5,0.861355543,2.91392458,-0.755387306
Peru,Huánuco,Stable_Forest,-66.28062119,-5.994143481,2021,229.0235901,221,254,406,244,723,2058,2595,2578,2972,3040,1388,593,71,3811,4,24,42,26,0.827072978,2.729186155,-0.727882028
Peru,Huánuco,Stable_Forest,-69.05587643,-9.508981693,2021,88.211739,275,316.5,423.5,329.5,660,1703.5,2170.5,2204,2505.5,2752,1379.5,629.5,78,3401.5,4,34,43.5,33,0.739885509,2.591594083,-0.677640319
Peru,Huánuco,Stable_Forest,-72.07008353,-7.076074409,2021,379.838043,230.5,235,359,206,656,1888,2460.5,2406,2759,2900.5,1381.5,580,70,3874,4,22.5,37,24,0.84226644,2.924754055,-0.740325511
Peru,Huánuco,Stable_Forest,-71.648594,-8.536016409,2022,154.400208,146,191,292,152.5,438.5,1501.5,2005,1957,2329,2842,1007,403.5,63,2833,4,16,30,19,0.855416,3.131725095,-0.740329027
Peru,Huánuco,Stable_Forest,-71.74372559,-8.89345606,2022,164.669662,145,184,316,202,584,1640,2101,2389,2405,2604,1225,495,57,2861,4,21,33,20,0.84407562,2.460621062,-0.766358614
Peru,Huánuco,Stable_Forest,-69.13654514,-8.570152389,2022,85.578812,225,261,407,235,616,2098,2584,2723,3001,2902,1345,544,87,3098,4,25,41,28,0.841108859,2.857799219,-0.739936113
Peru,Huánuco,Stable_Forest,-72.13898431,-6.242258162,2022,26.72677803,264,276,410,256,618,2080,2416,2474,2893,2679,1312,562,58,3382,4,27,42,29,0.812454224,2.856774858,-0.715672672
Peru,Huánuco,Stable_Forest,-65.49288851,-7.299934578,2022,7.590269089,271,269,425,263,630,1815,2352,2242,2699,3094,1272,511,71,3742,4,27,43,29,0.790019989,2.743276961,-0.681289852
Peru,Huánuco,Stable_Forest,-71.26438455,-8.407736986,2022,100.756187,266,309.5,489,260.5,789,2263,2995.5,3089,3238,3299,1566.5,664.5,104.5,3156,4,27,50.5,31.5,0.844454408,3.032593546,-0.726662934
Peru,Huánuco,Stable_Forest,-69.09728876,-8.756373148,2022,125.9797745,263,295,361,212,560,1728,2216,2104,2510,2813,1246,506,117,2946,4,23,37,31,0.816925704,4.061829111,-0.707099378
Peru,Huánuco,Stable_Forest,-71.84146229,-7.248730606,2022,195.761505,204,245,368,202,580,1994,2589,2881,2847,3033,1083,402,64,3170,4,22,38,25,0.868958831,2.968092178,-0.773468733
Peru,Huánuco,Stable_Forest,-70.97261175,-9.938017072,2022,174.175323,304,298,456,324,750,1889,2488,2482,2892,3099,1672,769,87,3430,4,33,47,30,0.769066274,2.461222628,-0.689584732
Peru,Huánuco,Stable_Forest,-71.56002011,-7.854464602,2022,322.164307,164,192,318,151,516,1788,2232,2350,2560,2980,1150,437,64,2942,4,16,33,21,0.879248321,3.025591635,-0.76161921
Peru,Huánuco,Stable_Forest,-69.61238274,-9.049583256,2022,189.375443,371,345,494,309,756,1964,2621,3008,2892,2951,1412,576,128,3050,4,33,51,36,0.813687086,2.965282356,-0.717875481
Peru,Huánuco,Stable_Forest,-69.42661114,-7.359492881,2022,49.91104507,328.5,338.5,497,269,702.5,2100,2672.5,2990,3042,3080,1489,621.5,91,3174,4,28,50,37,0.834918678,3.292196007,-0.714941204
Peru,Huánuco,Stable_Forest,-69.29024688,-8.217743303,2022,196.887466,292,290,407,236,683,2312,3133,3121,3541,3513,1624,711,76,3161,4,25,42,30,0.859398246,3.052264071,-0.769274354
Peru,Huánuco,Stable_Forest,-65.98175169,-8.854109851,2022,48.11498642,283,286,389,242,672,2214,2899,2891,3146,3216,1484,577,112,3376,4,24,40,30,0.84551549,3.01159618,-0.762804866
Peru,Huánuco,Stable_Forest,-70.91359243,-7.88312086,2022,341.989288,303,266,394.5,274.5,803,2177,2758,2446,3196.5,3209,1524.5,661.5,71,3508,4,28.5,40.5,27.5,0.798198879,2.586350643,-0.722231984
Peru,Huánuco,Stable_Forest,-71.0063884,-8.7006776,2022,288.500885,591,657,808,1118,1381,1785,2028,2334,2571,2503,3106,2517,122,2897,5,114,83,67,0.352259547,0.738670878,-0.485677898
Peru,Huánuco,Stable_Forest,-73.85126308,-7.770382292,2022,448.103058,234.5,320,463,273,722,2286.5,2789,3039,3158.5,2765,1377.5,588.5,71.5,3407,4,28.5,47.5,33,0.835144937,3.035557507,-0.735579669
Peru,Huánuco,Stable_Forest,-70.17751289,-9.881513041,2022,14.82116413,357,392,473,367,716,1849,2445,2676,2803,3114,1740,846,277,2513,4,40,51,41,0.758790672,2.977050026,-0.699587166
Peru,Huánuco,Stable_Forest,-73.97307463,-7.343502869,2022,450.139038,256,247.5,384,224,652,2025.5,2739,2789,3050,3217,1264,512.5,69,3475,4,23,39.5,26,0.851310968,2.815278235,-0.757957757
Peru,Huánuco,Stable_Forest,-65.32229844,-6.746213036,2022,192.310898,271,335,470,322,717,2086,2719,2736,3146,3183,1553,682,65,3858,4,33,48,35,0.789404869,2.798516114,-0.706799746
Peru,Huánuco,Stable_Forest,-65.41554357,-5.998365562,2022,100.024338,301,322,466.5,259,807.5,2403.5,3091,3272,3445.5,3163.5,1572.5,662,198.5,4131,4,27.5,48.5,31.5,0.85329932,3.122927032,-0.750434637
Peru,Huánuco,Stable_Forest,-71.35385675,-7.775053531,2022,99.79590607,161,258,424,223,786,2558,3230,3797,3672,3195,1433,571,64,3186,4,23,44,27,0.889054716,2.791315214,-0.799099743
Peru,Huánuco,Stable_Forest,-71.69952848,-8.280984699,2022,249.602036,200,225.5,404,235,720,2158.5,2768,2846.5,3071.5,2865.5,1357.5,588.5,64,3002,4,25.5,42,23,0.8474769,2.544081831,-0.751422882
Peru,Huánuco,Stable_Forest,-71.67698076,-8.221156901,2022,114.571579,229.5,306.5,575,372,899,2313.5,2938,3085.5,3392.5,2965,1614,744,64,3102.5,4,38.5,59,32,0.784815609,2.2464608,-0.685835242
Peru,Huánuco,Stable_Forest,-70.22916602,-9.140133437,2022,362.255768,496,448,622,384,809,2065,2658,3076,3031,3171,1853,787,195,2668,4,39,65,47,0.778034687,3.330034636,-0.663601935
Peru,Huánuco,Stable_Forest,-65.66823966,-8.788173509,2022,110.906937,302,254,366,190,691,2105,2690,2290,3072,3226,1361,558,112,3351,4,20,38,27,0.84677422,3.440366972,-0.7243976
Peru,Huánuco,Stable_Forest,-70.43308359,-9.788357746,2022,146.957932,357,407,466,310,748,1879,2437,2258,2762,3022,1398,655,245,2363,4,32,48,42,0.758566976,4.56633849,-0.657856107
Peru,Huánuco,Stable_Forest,-69.94826283,-7.467290715,2022,119.11306,315.5,288.5,438.5,252,744,2348.5,3012,2834.5,3424.5,3156.5,1587.5,653.5,73,3490,4,25.5,45.5,31,0.836708248,2.956496852,-0.732050121
Peru,Huánuco,Stable_Forest,-71.5425928,-8.268228622,2022,220.369431,129.5,151,284.5,155.5,486,1742,2418.5,2103.5,2630,2904.5,1146.5,466.5,63,2937.5,4,16,29,16,0.86232847,2.556430446,-0.761725307
Peru,Huánuco,Stable_Forest,-69.58866722,-8.244692762,2022,82.967331,271,205,304,170,552,1974,2628,2416,2968,3329,1378,566,70,3218,4,17,31,23,0.868522823,2.956041063,-0.776470602
Peru,Huánuco,Stable_Forest,-65.5051056,-6.324813337,2022,129.7455597,394,330.5,535,289.5,884,2611,3319,3362,3673,3556,1589.5,653.5,171,4009,4,29.5,55,34,0.841435015,2.930376729,-0.725429833
Peru,Huánuco,Stable_Forest,-65.27325043,-4.119269651,2023,164.854309,280,246,394,220,714,2107,2671,2460,3003,3065,1358,514,108,3901,4,23,41,25,0.835820913,2.892561983,-0.723896265
Peru,Huánuco,Stable_Forest,-71.78397011,-2.831714354,2023,472.590118,244,214,424,217,732,2307,2764,2725,3157,3140,1595,633,88,4416,4,23,44,23,0.852481306,2.587701197,-0.730708182
Peru,Huánuco,Stable_Forest,-70.05893527,-8.26750997,2023,257.077057,273,260.5,385,237,657,2031.5,2616.5,2336,2943,2849.5,1499,620,75.5,3698,4,25,39.5,26,0.815779269,2.906799612,-0.717015803
Peru,Huánuco,Stable_Forest,-74.75658522,-2.563657074,2023,212.249176,309,295,501,259,853,2670,3357,3269,3756,3442,1807,759,76,4143,4,27,51,31,0.853174627,2.881485736,-0.734217525
Peru,Huánuco,Stable_Forest,-67.68756258,-7.193574048,2023,268.2293701,278,236,394,211,721,2139,2675,2684,3118,3098,1374,556,111,4154,4,22,41,25,0.854231417,2.834708849,-0.743989587
Peru,Huánuco,Stable_Forest,-71.70321157,-8.79176677,2023,197.989349,214,283,428,278,727.5,1981.5,2611.5,2662,2899,2679.5,1525,672.5,75,3447,4,29,44,29,0.810884356,2.698664252,-0.72297734
Peru,Huánuco,Stable_Forest,-74.3907014,-4.581991854,2023,122.566483,258.5,246,443.5,216.5,844.5,2656.5,3271,2871,3651,3552.5,1796.5,756.5,94,4298.5,4,22.5,46,25.5,0.859757066,2.853073947,-0.73238802
Peru,Huánuco,Stable_Forest,-69.44269099,-6.104097271,2023,223.453796,257,239.5,392.5,210.5,632,1865,2406,2610,2684,2879.5,1260,502,73.5,3804,4,22,40.5,25.5,0.850735664,2.887137529,-0.738551199
Peru,Huánuco,Stable_Forest,-74.99913035,-7.723580066,2023,41.3582077,352,331,579,278,985,3393,4196,4277,4594,4347,2164,897,94,4423,4,30,59,34,0.877936363,2.886530966,-0.761532128
Peru,Huánuco,Stable_Forest,-72.17222198,-8.607881631,2023,233.309387,219,241.5,331.5,214,580,1872,2461,2027,2681.5,3054.5,1219.5,527,72,3506.5,4,22.5,35,26.5,0.809013844,3.020156588,-0.718889117
Peru,Huánuco,Stable_Forest,-67.61964995,-7.070235359,2023,84.525719,276,315,476,272,782,2126,2737,3062,3083,3098,1432,561,105,4156,4,28,49,31,0.836832643,2.990353698,-0.730921447
Venezuela,Amazonas,Stable_Forest,-61.59608664,-2.335125665,2019,21.72529984,237,269,407.5,235,720,2149,2669.5,2664.5,3040,3281,1576,630.5,168,4047.5,4,24,42,28,0.837903082,2.951287658,-0.734700501
Venezuela,Amazonas,Stable_Forest,-61.79497365,-1.065716337,2019,260.054413,213,227,400.5,202,693.5,2344,3101,3223.5,3551,3410,1892.5,808,156,3892.5,4,20.5,41,25,0.882061005,2.762893197,-0.77897352
Venezuela,Amazonas,Stable_Forest,-64.8682899,-4.90502603,2019,161.227921,315.5,314.5,497,298,784,2231.5,2793.5,2959,3192.5,3236,1585,632.5,182.5,3813.5,4,30.5,51,33,0.817009509,2.784346552,-0.712384284
Venezuela,Amazonas,Stable_Forest,-66.67022053,-4.635082287,2019,151.088257,210,204,452,214,745,2315,2913,3083,3332,3107,1445,568,156,4165,4,21,45,23,0.870185018,2.527307963,-0.744271576
Venezuela,Amazonas,Stable_Forest,-65.06367347,-4.584417305,2019,120.8766403,290,272,465.5,263.5,749,2172,2699.5,2915,3040,3053.5,1449.5,569.5,161,3980.5,4,27.5,47.5,28.5,0.834198534,2.697903948,-0.724596977
Venezuela,Amazonas,Stable_Forest,-60.2858938,-3.636335354,2019,159.402206,280.5,276,470,255,793,2179,2762.5,2836.5,3111.5,3311,1482.5,612.5,192,4018.5,4,27,49.5,28.5,0.835031509,2.809031556,-0.715711474
Venezuela,Amazonas,Stable_Forest,-60.47400102,-4.886251241,2019,116.386391,227,247,382,219.5,688.5,2045,2589.5,2579,2925.5,2974.5,1415.5,579.5,96,3684,4,22.5,39,25.5,0.843130231,2.885179751,-0.741979063
Venezuela,Amazonas,Stable_Forest,-63.57300909,-4.485422961,2019,83.452911,257.5,242,409.5,205.5,703,2246.5,2899.5,2733,3213,3407,1488,570,156,3508.5,4,21.5,42,25.5,0.860132694,2.936222119,-0.739379466
Venezuela,Amazonas,Stable_Forest,-64.05297895,-4.133373201,2019,221.024582,231,232.5,391,224,706.5,2159.5,2726,2445,2988.5,2989,1466,580.5,123,3946.5,4,23,40.5,24,0.832146883,2.713500305,-0.724259496
Venezuela,Amazonas,Stable_Forest,-63.92649615,-4.938263696,2019,176.139267,250,235,412,231,745,2237,2851,2872,3241,3079,1533,616,168,3869,4,24,43,26,0.851111829,2.644702584,-0.749086499
Venezuela,Amazonas,Stable_Forest,-67.75026499,-3.697690288,2019,211.240585,251,267,383,216,690,1891,2422,2418,2736,2905,1430,578,165,3770,4,22,39,28,0.835990906,3.21459854,-0.72652626
Venezuela,Amazonas,Stable_Forest,-63.15969423,-4.738208882,2019,233.439575,209,235,347,187,603,1787,2592,2240,2794,2920,1220,476,150,3656,4,18,36,24,0.845900297,3.206810372,-0.731735587
Venezuela,Amazonas,Stable_Forest,-63.29578899,-4.514079218,2019,198.719559,244.5,264.5,442,248.5,665.5,1919.5,2395.5,2671,2781,2985,1383.5,574.5,159,3415,4,25,45,26.5,0.829765379,2.779052426,-0.716029525
Venezuela,Amazonas,Stable_Forest,-66.65764411,-4.195716282,2019,175.114517,303,243,424,258,823,2324,2849,2643,3307,2987,1597,614,142,4025,4,27,44,25,0.822130322,2.516353661,-0.723508298
Venezuela,Amazonas,Stable_Forest,-63.14532118,-4.210538484,2019,137.799118,275.5,294.5,449,280,707,1896.5,2495.5,2642,2729.5,2839.5,1402.5,579,123,3650,4,29.5,46.5,30.5,0.808350444,2.792952584,-0.709479153
Venezuela,Amazonas,Stable_Forest,-63.82184242,-4.670745404,2019,133.104263,269,265.5,440.5,253,716.5,2204.5,2803.5,2936.5,3153.5,3109.5,1547.5,607,156,3667,4,26,45,28,0.84135443,2.72243076,-0.739117563
Venezuela,Amazonas,Stable_Forest,-61.57291011,-1.987118324,2019,131.446274,225,250.5,544,242.5,902.5,2535.5,3219,3269,3507,3327,1702.5,690.5,161,4049,4,25.5,56,26,0.861882389,2.658322354,-0.714660347
Venezuela,Amazonas,Stable_Forest,-61.87618135,-1.970948649,2019,142.846985,248,314.5,528.5,290,861,2460,3104,3255.5,3426.5,3378,1760.5,739.5,168,4199,4,30.5,54,31.5,0.83641237,2.810634063,-0.720665991
Venezuela,Amazonas,Stable_Forest,-63.50033538,-4.963865681,2019,168.036514,272,271,410,236,726,2129,2709,2630,3027,3072,1369,549,150,3711,4,24,43,28,0.835310519,2.970960536,-0.730263174
Venezuela,Amazonas,Stable_Forest,-63.8576852,-4.643706114,2019,414.3697205,287,296.5,466.5,276,818.5,2381.5,2978,2936.5,3358.5,3239,1581.5,635,159,3822.5,4,28.5,48,30,0.828171194,2.806730668,-0.725830138
Venezuela,Amazonas,Stable_Forest,-62.0529698,-0.894497444,2019,181.577118,223,293.5,435.5,273.5,773.5,2464,3228.5,3293,3548.5,3528.5,1831.5,769.5,126,3823.5,4,28.5,44.5,30.5,0.846628368,2.761316872,-0.766394019
Venezuela,Amazonas,Stable_Forest,-61.22741805,-1.432857794,2019,120.4936905,127,197.5,371,194.5,661.5,2157,2772.5,2721.5,3109.5,3023,1498,589,153,3710,4,21.5,38.5,20,0.86659807,2.623274162,-0.760064662
Venezuela,Amazonas,Stable_Forest,-64.8816748,-4.975813275,2019,199.194336,304.5,313.5,482,291.5,835,2212.5,2845.5,2967.5,3178,3076,1520,601.5,179,3822.5,4,30,49,31.5,0.821110785,2.82725832,-0.720539212
Venezuela,Amazonas,Stable_Forest,-62.96242419,-4.650623142,2019,279.827454,253,302,488,292,763,2249,2704,2938,3151,3064,1493,604,156,3899,4,30,50,31,0.819195032,2.726710635,-0.71511966
Venezuela,Amazonas,Stable_Forest,-63.75590608,-4.847623683,2019,129.351288,269,250,427,232,737,2174,2626,2642,2916,2957,1228,455,150,3763,4,24,45,26,0.838552535,2.789351852,-0.721733451
Venezuela,Amazonas,Stable_Forest,-65.27666403,-3.686461347,2019,189.660355,319,311,556,297,808,2329,2967,3040,3262,3306,1661,658,138,4131,4,31,57,32,0.821995795,2.75346316,-0.690767527
Venezuela,Amazonas,Stable_Forest,-65.10733159,-4.839538846,2019,135.3275604,223,238,357,192.5,689,2120.5,2627.5,2381,3022,2999.5,1479,584,176.5,4000,4,20,36.5,24.5,0.850398302,3.122859589,-0.739225686
Venezuela,Amazonas,Stable_Forest,-65.77711547,-4.202363815,2020,182.791061,249,258,421,229.5,689,2123,2632.5,2839,3000,3005.5,1311,500.5,258.5,3562.5,4,24,43,27.5,0.850415528,2.858786152,-0.741717815
Venezuela,Amazonas,Stable_Forest,-64.77387696,-0.014238297,2020,142.048676,185.5,183,289.5,170.5,487,1512.5,2017,1988,2346,2495.5,1182.5,431.5,60,3710.5,4,18,30,19.5,0.842019916,2.771424215,-0.745773852
Venezuela,Amazonas,Stable_Forest,-61.57389826,-3.374656112,2020,102.715736,277,265,419,214,687,2101,2560,2764,2891,3239,1418,572,108,3733,4,24,43,27,0.856279373,3.09240844,-0.736726344
Venezuela,Amazonas,Stable_Forest,-60.1813299,-2.173428914,2020,60.87330627,200,210,399,267,700,1860,2378,2580,2722,2872,1367,527,65,3657,4,28,41,22,0.812434137,2.217216258,-0.732124865
Venezuela,Amazonas,Stable_Forest,-69.08264622,-3.360642394,2020,0.496960998,188,222,409,221,821,2497,3194,2918,3532,3452,1771,736,174,4296,4,23,43,24,0.859190822,2.613372093,-0.754132867
Venezuela,Amazonas,Stable_Forest,-61.88669164,-3.270451539,2020,131.406937,299,259,474,270,782,2373,2953,3207,3287,2934,1501,582,90,3843,4,28,48,28,0.84469372,2.54461965,-0.742461264
Venezuela,Amazonas,Stable_Forest,-64.52360632,-0.568768322,2020,23.0571022,285,269,452,273,837,2204,2692,2846,3035,2937,1456,570,79,3783,4,28,46,28,0.8249439,2.606889564,-0.725894511
Venezuela,Amazonas,Stable_Forest,-65.3096322,-4.179995764,2020,241.050232,313.5,281,472,255.5,708.5,2071.5,2683,3025,3064.5,3096,1362.5,528.5,269,3775.5,4,26.5,48.5,29,0.844231069,2.82429125,-0.730054319
Venezuela,Amazonas,Stable_Forest,-67.24756776,-4.342680662,2020,11.78614712,312.5,335,489.5,301,815.5,2339,2868,2882,3263.5,3102,1526,599,266,3702,4,31,50,34,0.81087023,2.9646221,-0.709624767
Venezuela,Amazonas,Stable_Forest,-68.61695958,-1.15698517,2020,162.068893,243.5,196.5,461.5,214.5,874,2362.5,2824.5,2769.5,3171,3053,1217,449.5,140,4308.5,4,22.5,47.5,19.5,0.856233239,2.472181906,-0.714329958
Venezuela,Amazonas,Stable_Forest,-68.52901451,-1.51137055,2020,166.221176,224,211.5,441.5,225,773,2298,2773,2793.5,3059.5,3007.5,1441.5,559,123.5,4102,4,23,45.5,23,0.850919306,2.510016613,-0.72704792
Venezuela,Amazonas,Stable_Forest,-69.61885061,-2.999519649,2020,169.4708405,258,323,432,340,788,2063,2697,2329,2906,3158,1757,798,171,4426,4,35,44,35,0.745222926,2.553273427,-0.687069893
Venezuela,Amazonas,Stable_Forest,-60.68285933,-3.715656594,2020,63.81752777,231,212,389,184,732,2169,2725,2688,3051,3064,1286,511,175,3362,4,20,39,21,0.871866286,2.841579664,-0.747156322
Venezuela,Amazonas,Stable_Forest,-68.26733527,-4.350046848,2020,203.945099,269,256,403,240,683,2027,2569,2726.5,2936.5,2846,1271.5,496.5,205.5,3429.5,4,25,41.5,25,0.838193178,2.765850945,-0.742450893
Venezuela,Amazonas,Stable_Forest,-65.26920801,-0.318228189,2020,107.929749,197,201.5,310.5,180,548.5,1995,2622,2429,2857,3091,1370.5,518,74.5,3537.5,4,18.5,32,21,0.862016082,2.81300813,-0.773316324
Venezuela,Amazonas,Stable_Forest,-69.84837017,-3.786623501,2020,27.86042595,256,288,375,243,754,1964,2433,2318,2780,2806,1470,682,94,2971,4,25,39,30,0.810230374,3.208101422,-0.721500158
Venezuela,Amazonas,Stable_Forest,-62.4943121,-4.11271195,2020,155.110001,257,273,437,234,812,2314,2969,3396,3340,3198,1614,640,143,3689,4,24,45,29,0.871074378,2.870891593,-0.771980166
Venezuela,Amazonas,Stable_Forest,-62.00922184,-3.384986738,2020,104.564323,331,307,565,329,887,2371,2906,2996,3191,3103,1518,593,96,3931,4,34,58,31,0.802105248,2.498594716,-0.682673395
Venezuela,Amazonas,Stable_Forest,-61.33997696,-4.023688905,2020,243.884018,200.5,204,383.5,244,655.5,1910.5,2402,2514.5,2680,2908,1335.5,532.5,147,3466,4,26,40.5,20.5,0.823092282,2.317309655,-0.735334694
Venezuela,Amazonas,Stable_Forest,-69.04689327,-3.012275726,2020,0.072172999,242,323,521,302,863,2249,2746,2827,3197,3450,2075,984,180,4154,4,31,52,32,0.80696708,2.846674183,-0.6887694
Venezuela,Amazonas,Stable_Forest,-61.35318219,-4.809085958,2020,93.16228485,269,248,414,227,703,2131,2694,2628,2976,3001,1377,530,258,3778,4,23,43,28,0.840980709,2.816752698,-0.727810621
Venezuela,Amazonas,Stable_Forest,-60.31859248,-3.417505751,2020,6.452113152,244.5,284,519.5,230,880.5,2765,3384,3097.5,3605,3025.5,1390,558,172.5,4309,4,24,53,28.5,0.861758053,3.052480307,-0.712745368
Venezuela,Amazonas,Stable_Forest,-62.06545638,-3.808003405,2020,68.760712,340,329,528,283,908,2847,3541,3520,3941,3933,1871,753,144,3745,4,29,54,34,0.851170123,2.941123024,-0.739130437
Venezuela,Amazonas,Stable_Forest,-68.88869995,-2.348241068,2020,161.2155304,311,303,495,279,781,2155,2674,2857,2901,2958,1512,593,118,3347,4,29,51,32,0.822066307,2.852400974,-0.704653919
Venezuela,Amazonas,Stable_Forest,-67.61390073,-4.005722599,2020,96.97438049,357,366,565.5,356,869.5,2322.5,2868,3020,3228,3174.5,1643,688,228,3765,4,36.5,58,38,0.789099514,2.76119403,-0.684562802
Venezuela,Amazonas,Stable_Forest,-64.14406812,-2.483257856,2020,224.422134,205,227.5,452,234,774.5,2504.5,3130.5,3452,3557.5,3240,1603.5,613.5,264,3378,4,24.5,46,24,0.873033106,2.553360311,-0.768442631
Venezuela,Amazonas,Stable_Forest,-67.84719321,-3.765243598,2020,239.123077,278,347,517,283,853,2462,3111,3188,3389,3501,1755,726,224,4057,4,29,53,36,0.836934626,3.179032611,-0.720917702
Venezuela,Amazonas,Stable_Forest,-61.58099495,-4.351124826,2020,49.66618729,238.5,243,477.5,266,746,2017.5,2509.5,2770,2825.5,2913,1325.5,521,204,3373.5,4,27,49,26,0.824769437,2.460208292,-0.70592761
Venezuela,Amazonas,Stable_Forest,-68.40253172,-4.922543178,2020,459.592621,242,253.5,401,204,725,2116.5,2709.5,2546.5,2934.5,2989.5,1243.5,496,216.5,3459,4,20,40.5,28,0.851663351,3.131265874,-0.727904975
Venezuela,Amazonas,Stable_Forest,-68.09045699,-2.688522898,2020,95.60462952,294,274.5,396,232.5,698.5,2019,2527.5,2356,2833,2917.5,1358,514.5,148,4141,4,24,40.5,28.5,0.82035929,3.135242876,-0.712209284
Venezuela,Amazonas,Stable_Forest,-61.0754231,-2.626718807,2020,163.5291595,204,219,402,235,694,2046,2501,2709,2860,2958,1349,531,66,3576,4,24,40,21,0.840353251,2.496468214,-0.741562188
Venezuela,Amazonas,Stable_Forest,-62.20810885,-3.602289205,2020,133.623077,230,235,500,226,882,2702,3340,3372,3571,3128,1522,603,78,3658,4,23,51,24,0.874374628,2.651272543,-0.741735518
Venezuela,Amazonas,Stable_Forest,-65.24692979,-3.496108339,2020,230.228516,274,301.5,468.5,260.5,776,2277.5,2937.5,2934,3293.5,3184,1486,573,256.5,3971.5,4,27,48,31,0.836907208,2.988152453,-0.724614263
Venezuela,Amazonas,Stable_Forest,-66.06978659,-5.015878136,2020,198.503265,218,222,419,221,755,2145,2685,3100,3049,2952,1460,585,195,3566,4,24,43,23,0.866907537,2.605901521,-0.761864185
Venezuela,Amazonas,Stable_Forest,-67.40010169,-3.866932888,2020,210.2945404,300,332.5,527,284,792.5,2403.5,3143.5,3179,3512,3413.5,1722,689.5,202,3864,4,29,54,34.5,0.835980356,3.027925949,-0.715596318
Venezuela,Amazonas,Stable_Forest,-68.52003136,-1.209626446,2020,137.651505,224.5,228.5,464,225.5,844,2473.5,3043.5,2931,3322,3145,1474.5,562.5,118,4195,4,23,47.5,23,0.857120216,2.630529898,-0.726656854
Venezuela,Amazonas,Stable_Forest,-66.73867215,-4.182960205,2020,180.277161,323,297,508,283,825,2248,2756,2871,3178,3105,1458,584,224,3491,4,28,52,31,0.820545316,2.762006403,-0.699319303
Venezuela,Amazonas,Stable_Forest,-65.99738238,-1.90222753,2020,130.769913,274,335,498.5,302.5,867.5,2155,2754.5,2819.5,3118,3150.5,1430,600.5,229,3615.5,4,31.5,51.5,34,0.806213975,2.963966086,-0.699517787
Venezuela,Amazonas,Stable_Forest,-66.34287444,-4.744676752,2020,120.9273758,338,296,469,266,763,2374,3030,3219,3386,3237,1550,596,242,3186,4,29,48,31,0.847345769,2.843798151,-0.745661616
Venezuela,Amazonas,Stable_Forest,-60.07326257,-0.711959778,2020,191.3231201,256.5,247,388,218.5,666.5,1968.5,2523.5,2502,2773,2767.5,1347.5,531,69.5,3490,4,23,40.5,26,0.839367747,2.910400204,-0.73148787
Venezuela,Amazonas,Stable_Forest,-60.6922018,-1.664892632,2020,175.789246,439.5,472,564,372.5,843,2319,2952,2896.5,3315,3326,1636.5,688.5,114,3877,4,38.5,57.5,48.5,0.772101581,3.962323391,-0.674035549
Venezuela,Amazonas,Stable_Forest,-66.42848388,-4.401430482,2020,170.973526,283,270,431,265,708,2012,2612,2835,2971,3164,1620,669,258,3620,4,28,44,29,0.829032242,2.675968347,-0.736068606
Venezuela,Amazonas,Stable_Forest,-66.18495061,-4.872776511,2020,464.671997,190,218,373,188,736,2301,2942,2918,3232,2986,1419,531,201,3722,4,20,38,23,0.87894398,2.82960199,-0.773321152
Venezuela,Amazonas,Stable_Forest,-61.64279904,-3.432866942,2020,208.782944,276,290,470,272,757,2364,2954,2957,3290,3251,1521,601,108,3887,4,28,47,30,0.831526816,2.779503106,-0.725707591
Venezuela,Amazonas,Stable_Forest,-65.26166216,-2.692295822,2020,25.67298317,312.5,354,511.5,325,860,2244,2738.5,2716,3114,3552.5,1424.5,618,189,3113.5,7,33.5,52.5,36.5,0.786254525,2.970924453,-0.683036387
Venezuela,Amazonas,Stable_Forest,-65.37188545,-4.590076692,2020,246.093765,387.5,388.5,482.5,309.5,768,2107.5,2731,2575,3067,3214,1519.5,616,271.5,3643,4,32,49.5,40,0.785404742,3.727990785,-0.684382677
Venezuela,Amazonas,Stable_Forest,-60.19381648,-1.389379334,2020,178.264313,198,156,130,126,139,125,130,111,159,242,109,74,72,3791,6,13,14,16,-0.06329114,0.124172185,0.078838177
Venezuela,Amazonas,Stable_Forest,-62.4692491,-3.326147087,2020,321.098053,289,254,456,250,789,2511,3178,3252,3584,3285,1580,637,78,3788,4,26,47,26,0.857224464,2.635182584,-0.754045308
Venezuela,Amazonas,Stable_Forest,-62.66175806,-3.317433428,2020,139.9554901,301,281,408,250,670,1983,2570,2552,2858,2935,1507,602,102,3433,4,26,42,29,0.821556032,2.958108455,-0.724324346
Venezuela,Amazonas,Stable_Forest,-69.83148184,-4.046685776,2020,125.619545,256,366,467,306,720,2078,2682,2412,3017,2905,1483,609,88,3028,4,32,48,38,0.774834454,3.500664894,-0.675581813
Venezuela,Amazonas,Stable_Forest,-66.92094032,-4.785819592,2020,231.359665,292,285,477,261,808,2403,2991,3206,3383,3178,1560,618,242,3445,4,27,50,29,0.849437535,2.793587555,-0.740972042
Venezuela,Amazonas,Stable_Forest,-65.55756721,-2.554224763,2020,73.358887,339.5,353.5,492.5,289.5,780,2352.5,3014,3078.5,3396,3261,1350,541.5,211,3444.5,4,29.5,50.5,36.5,0.828087866,3.220182427,-0.72416693
Venezuela,Amazonas,Stable_Forest,-60.34419446,-1.981638601,2020,260.2034302,241,205,381,208,650,1893,2379,2348,2777,2779,1341,525,70,3567,4,22,39,21,0.837245703,2.597717893,-0.720776856
Venezuela,Amazonas,Stable_Forest,-67.73885639,-3.431878796,2020,124.769524,354,361,520,295,827,2176,2690,2670,3014,3350,1493,563,222,4015,4,30,53,37,0.801011801,3.425151428,-0.67398119
Venezuela,Amazonas,Stable_Forest,-69.95589851,-4.538154068,2020,219.261673,249,298,428,226,735,2256,2946,2858,3340,3159,1501,599,88,3821,4,23,44,31,0.853437066,3.323232323,-0.73950094
Venezuela,Amazonas,Stable_Forest,-67.73472414,-3.098064836,2020,84.634552,261,262,434,238,691,2249,2863,2856,3096,3126,1357,532,210,4237,4,25,45,27,0.846153855,2.82112069,-0.736170232
Venezuela,Amazonas,Stable_Forest,-67.20058587,-4.502490951,2020,200.888123,337.5,330.5,504.5,309,845.5,2264.5,2856.5,3121,3190.5,3205,1607.5,689,270,3671.5,4,32,52,33.5,0.819825053,2.815096606,-0.721693575
Venezuela,Amazonas,Stable_Forest,-68.28763719,-2.071020972,2020,124.777428,237,226,417,217,773,2390,2894,2786,3323,3076,1346,510,145,4114,4,23,43,22,0.85547787,2.682748538,-0.739619136
Venezuela,Amazonas,Stable_Forest,-67.99433725,-3.426309241,2020,138.791595,233,278,473,266,769,2130,2844,2980,2947,2972,1389,535,216,4369,4,28,49,29,0.836106002,2.722712681,-0.726035357
Venezuela,Amazonas,Stable_Forest,-68.98248407,-2.06976333,2020,201.8145599,251,266,357,207,715,1995,2391,2280,2801,2898,1238,482,124,4009,4,22,37,28,0.83353436,3.391688482,-0.729237795
Venezuela,Amazonas,Stable_Forest,-68.8116245,-1.836560683,2020,114.5538254,275,274,501,302,984,2319,2936,2927,3201,3588,1444,555,130,4000,4,34,53,27,0.812945187,2.444134078,-0.707701266
Venezuela,Amazonas,Stable_Forest,-68.39031463,-4.86154757,2020,213.641693,260,216,392,210,670.5,2023.5,2518.5,2349.5,2831.5,2866.5,1215.5,483.5,220,3453,4,21,40.5,23.5,0.835905433,2.68713891,-0.71402514
Venezuela,Amazonas,Stable_Forest,-68.4150183,-4.285008821,2020,255.796432,265,258,429,237,707.5,2158.5,2716,2893.5,3078.5,2792.5,1306,512.5,200,3527,4,25,43.5,27,0.8485865,2.788683603,-0.741760731
Venezuela,Amazonas,Stable_Forest,-61.06554164,-4.725632468,2020,188.217072,226,254,424,233,727,2196,2703,2614,3036,2964,1348,520,156,3901,4,25,44,26,0.83631891,2.823766603,-0.720869005
Venezuela,Amazonas,Stable_Forest,-66.41554814,-0.870063268,2020,155.748199,211,252,412,213,754,2117,2555,2664,2928,2989,1538,600,90,4026,4,23,42,26,0.851929069,2.9846566,-0.73211962
Venezuela,Amazonas,Stable_Forest,-68.44457287,-1.864498288,2020,194.174133,248,211,345,232,710,1982,2494,2284,2836,2940,1363,547,136,3955,4,24,36,20,0.815580308,2.449271903,-0.737542808
Venezuela,Amazonas,Stable_Forest,-62.71412985,-3.527010384,2020,10.14742947,321,358,643,320,966,2270,2643,2884,2850,2782,1447,644,102,3688,4,33,66,37,0.800249696,3.023584906,-0.635384202
Venezuela,Amazonas,Stable_Forest,-62.39477876,-3.158072297,2020,124.051102,276,289,454,304,774,2323,2969,2874,3323,3212,1571,628,78,4100,4,31,47,30,0.808684707,2.538020936,-0.727163434
Venezuela,Amazonas,Stable_Forest,-64.32130572,-2.260026508,2020,149.301239,277,203,409.5,237,745,2202,2690.5,2486.5,3029.5,3120,1478,577,270,3417,4,24.5,42.5,20.5,0.825959265,2.355990783,-0.717196107
Venezuela,Amazonas,Stable_Forest,-68.41789291,-3.703529338,2020,215.558487,272,310,507.5,301.5,792,1955,2449,2817.5,2761.5,2874,1512,670,182.5,3601.5,4,31,52.5,30,0.806668818,2.731813246,-0.694736838
Venezuela,Amazonas,Stable_Forest,-61.79865674,-2.804675064,2020,149.6308899,287,263,462,295,865,2353,2974,2717,3300,2967,1684,662,108,3844,4,30,47,27,0.804116845,2.407076128,-0.709342539
Venezuela,Amazonas,Stable_Forest,-65.29067774,-3.383818928,2021,253.469147,335,243,377,216,690,2175,2812,2872,3177,3126,1523,557,108,3832,4,22,39,25,0.860103607,2.829746431,-0.7679286
Venezuela,Amazonas,Stable_Forest,-68.73032697,-5.002672901,2021,75.96335602,180.5,166,328,191.5,647.5,2007,2560.5,2645.5,2953,3004,1347,511.5,195,3762,4,19,33.5,18,0.864998221,2.405410704,-0.779384553
Venezuela,Amazonas,Stable_Forest,-62.34546125,-1.522060502,2021,192.498718,321,278,455,226,693,2165,2770,2908,3070,3112,1481,571,102,4424,4,23,47,29,0.855775356,3.075688073,-0.729408264
Venezuela,Amazonas,Stable_Forest,-65.73184038,-3.555307316,2021,156.421478,357,354,484,292,814,2162,2759,2792,3063,3029,1333,537,114,3946,4,30,50,37,0.810635567,3.306878307,-0.704517722
Venezuela,Amazonas,Stable_Forest,-65.76022714,-3.491526931,2021,241.803925,270,267,381,243,674,2040,2586,2219,2861,3001,1373,550,108,3821,4,24,39,28,0.80259949,2.94837362,-0.706923068
Venezuela,Amazonas,Stable_Forest,-67.00906505,-0.233517058,2021,182.953934,221,253.5,339,192.5,603,1821,2266,2355,2593,2746,1353.5,566,90,4044,4,20,35,26.5,0.848871469,3.358440752,-0.748329639
Venezuela,Amazonas,Stable_Forest,-68.50718545,-4.511114778,2021,264.329773,218,179,353.5,195,623,1963.5,2509.5,2478,2838.5,2860.5,1283,490.5,79,3618.5,4,20.5,36.5,19,0.854096532,2.474528506,-0.75030905
Venezuela,Amazonas,Stable_Forest,-68.48149363,-3.691671576,2021,120.760132,161.5,189.5,404.5,200.5,738,2266.5,2872,2991.5,3161,2903.5,1347,524.5,65,3865,4,21.5,42,20,0.874373436,2.51509417,-0.761778533
Venezuela,Amazonas,Stable_Forest,-63.92658598,-4.636878918,2021,77.494011,231.5,234.5,426.5,237,681.5,2114,2583.5,2912.5,2958,3014.5,1409,557,92.5,3633,4,25,44,23.5,0.849499941,2.595808674,-0.744534314
Venezuela,Amazonas,Stable_Forest,-62.94373923,-2.555123078,2021,216.972046,256,234,466,248,772,2158,2749,2836,3094,3027,1392,577,84,3895,4,24,47,26,0.839169919,2.517509728,-0.717746794
Venezuela,Amazonas,Stable_Forest,-64.79858063,-4.404574585,2021,45.86683655,355.5,295,458,245,647.5,1653,2161,2590.5,2354.5,2622,1132,487.5,99,3859,4,25.5,46.5,30.5,0.827190995,3.171308816,-0.699524343
Venezuela,Amazonas,Stable_Forest,-64.54094381,-4.641190831,2021,111.992889,240.5,200.5,319.5,188.5,663,1761.5,2363.5,1537,2467.5,2689.5,1133.5,457.5,83.5,4216,4,19.5,33,20.5,0.781512618,2.893155975,-0.655803919
Venezuela,Amazonas,Stable_Forest,-63.82579501,-3.231913813,2021,235.727783,269.5,308.5,464.5,264,703.5,2181,2838,3006,3028.5,3251.5,1407.5,559.5,78,3787.5,4,27.5,47,33.5,0.83853209,3.010209683,-0.732315242
Venezuela,Amazonas,Stable_Forest,-63.11468863,-1.385516578,2021,80.726997,237,234,363,208,664,2115,2702,2485,2970,2936,1358,512,120,4292,4,22,38,24,0.845525444,2.876452754,-0.745084286
Venezuela,Amazonas,Stable_Forest,-62.91813725,-1.711694858,2021,148.312256,236,224.5,394.5,197,700,2507,3203.5,3125,3532,3438,1511.5,583,114,4261.5,4,21,40.5,23.5,0.88139677,2.789368391,-0.775820434
Venezuela,Amazonas,Stable_Forest,-62.0529698,-0.894497444,2021,157.259888,196,254,425,210,732,2390,2970,3066,3264,3370,1637,658,114,4489,4,23,44,26,0.871794879,2.947976879,-0.756516755
Venezuela,Amazonas,Stable_Forest,-65.73669128,-3.02601995,2021,176.120605,201,245,371,202,702,2079,2621,2329,2871,2821,1366,515,108,3999,4,21,38,26,0.840379298,3.119683192,-0.725185156
Venezuela,Amazonas,Stable_Forest,-62.83037184,-2.399624703,2021,15.49296856,249.5,233.5,434.5,234,731,2328,2942.5,3037,3308,3188,1459.5,569.5,75,4177,4,24.5,44.5,24,0.856924474,2.604292484,-0.74967593
Venezuela,Amazonas,Stable_Forest,-68.2543097,-4.521894561,2021,277.722565,162.5,169,314,180.5,595,1784.5,2315,2260.5,2646.5,2718,1239.5,483.5,82,3742.5,4,18,32.5,17.5,0.85210979,2.503610977,-0.756069124
Venezuela,Amazonas,Stable_Forest,-66.92606072,-0.155004302,2021,18.3228569,244,324.5,584,285.5,1045,3088.5,3894,3704,4217.5,3907,1983.5,855,96,4348,4,29.5,60,33.5,0.856874287,2.863784871,-0.727611959
Venezuela,Amazonas,Stable_Forest,-65.64919537,-4.888047871,2021,221.403961,236,181,270,157,531,1695,2110,1690,2448,2922,1126,426,71,4031,4,16,28,19,0.829994559,3.004704038,-0.724489808
Venezuela,Amazonas,Stable_Forest,-67.1656414,-0.074605084,2021,35.63276291,181,232,473.5,212.5,742.5,2607,3510.5,3916,3635,3307,1756.5,774.5,94.5,4345,4,22,48.5,25.5,0.897057056,2.682140788,-0.784257889
Venezuela,Amazonas,Stable_Forest,-63.83765277,-1.558352439,2021,94.99042511,242,268,486,257,849,2331,2937,2862,3227,3273,1671,633,120,4367,4,27,50,28,0.835203588,2.719206681,-0.709677398
Venezuela,Amazonas,Stable_Forest,-67.49047221,1.130844195,2023,253.646973,224,274.5,477.5,241,763,2113,2633,2798.5,2927.5,2993.5,1416,560,91,4225.5,4,24.5,49,29,0.841421306,2.923859609,-0.708485961
Venezuela,Amazonas,Stable_Forest,-67.65109098,1.90456315,2023,46.806751,225,256,391,200.5,666.5,2024.5,2551,2540,2919.5,2918.5,1453,558.5,94,4002,4,21,40,27,0.853676319,3.206551535,-0.733196855
Venezuela,Amazonas,Stable_Forest,-69.36974779,-1.759664894,2023,73.73106384,228,293.5,449.5,253,777.5,2388.5,3002.5,2990,3352.5,2990,1597.5,625.5,150.5,4226,4,26,46,30.5,0.84397161,2.965009208,-0.738624811
Venezuela,Amazonas,Stable_Forest,-60.59096167,-1.0576315,2023,189.358383,232,242,453,250,751,2100,2566,2518,2883,2996,1432,590,90,3944,4,26,47,25,0.81936419,2.572595281,-0.695052147
Venezuela,Amazonas,Stable_Forest,-62.07623616,-1.613419166,2023,171.252579,293,274,473,246.5,779.5,2375,3003,3148,3346.5,3384.5,1589.5,647.5,93,4120,4,24.5,48,28.5,0.854765058,2.819179946,-0.738746226
Venezuela,Amazonas,Stable_Forest,-67.55443226,1.049816157,2023,150.588837,260.5,279.5,409.5,228,694,1854,2334,2252,2633.5,2700.5,1182,490.5,111.5,4333.5,4,24,42.5,29,0.816129029,3.318576816,-0.692278802
Venezuela,Amazonas,Stable_Forest,-68.44583052,-1.103625242,2023,26.83484459,234.5,296,472,258.5,784,2389,2910.5,2860.5,3227.5,3075.5,1505,585.5,88,4163.5,4,26.5,48.5,30.5,0.834241748,2.966932725,-0.716729164
Venezuela,Amazonas,Stable_Forest,-62.85597383,-3.341867604,2023,125.593559,248.5,268,402,247.5,712,2067.5,2708.5,2538,3097,3137.5,1395,541.5,126,3873.5,4,25.5,41.5,28,0.822293997,2.843222443,-0.726530612
Venezuela,Amazonas,Stable_Forest,-60.35488442,1.387762367,2023,70.298241,290,303,552,275,866,2525,3174,3172,3533,3556,1457,597,88,4194,4,29,57,32,0.840440989,2.839639286,-0.703544557
Venezuela,Amazonas,Stable_Forest,-60.18375535,1.420011885,2023,112.9406738,239,244,436,223,797,2512,3062.5,3127,3417.5,3362,1665,664,76,3790.5,4,23.5,45,25.5,0.866865695,2.754172989,-0.755262434
Venezuela,Amazonas,Stable_Forest,-64.22806059,0.551161343,2023,171.643127,283,285,448,301,800,1911,2348,2332,2668,2748,1533,652,118.5,3761,4,31,46,29,0.771363437,2.536847364,-0.677697837
Democratic Republic of the Congo,Maniema,Stable_Forest,16.59408417,-4.012549795,2019,20.27587128,103,270,400,306,714,1885,2487,2170,2669,2739,1348,554,459,2808,4,32,41,28,0.752827168,2.351160444,-0.688715935
Democratic Republic of the Congo,Maniema,Stable_Forest,22.8604621,-3.654121997,2019,52.60455322,267,301.5,372.5,276,627.5,1575.5,1968.5,1713,2241.5,2405,1272,546,441.5,3134.5,4,29,38.5,32,0.722473621,3.240135287,-0.642771542
Democratic Republic of the Congo,Maniema,Stable_Forest,18.90832401,-4.522882708,2019,14.2833004,560,544,757,799,1305.5,1782,2018,2104.5,2315.5,2256,2781.5,2244,506,3102,5,83,77,60,0.449629754,1.157563398,-0.470906854
Democratic Republic of the Congo,Maniema,Stable_Forest,19.78247461,-3.085129096,2019,73.974121,90.5,279.5,484,316,770,2007.5,2609.5,2920,3075,2502,1619.5,672.5,655,3550,4,32.5,49.5,34,0.804697156,2.392722595,-0.715628684
Democratic Republic of the Congo,Maniema,Stable_Forest,17.06111829,-3.085308759,2019,10.39423275,303,502,673,716,1074,1352,1479,1484,1496,1828,1954,1482,624,3066,5,73,69,52,0.349090904,0.952380952,-0.375985175
Democratic Republic of the Congo,Maniema,Stable_Forest,22.70855698,-2.782935834,2019,96.54932404,131,223.5,337,264,580.5,1616,2236.5,2109.5,2495.5,2308,1367,561.5,469,3026,4,28,34,24,0.777543724,2.286015112,-0.724504411
Democratic Republic of the Congo,Maniema,Stable_Forest,19.46042858,-3.452001058,2019,13.12078762,128.5,309,565,390,1089,2649.5,3213.5,3191,3623.5,3220.5,2268,1073,661,3652,4,40.5,58.5,30.5,0.782183766,2.178410328,-0.699148059
Democratic Republic of the Congo,Maniema,Stable_Forest,20.33601649,-4.115406895,2019,18.29990768,296,461.5,589.5,584,889,1707,2044.5,2071,2379,2616,1748.5,873,488,2872.5,4,60,60.5,46.5,0.560075343,1.757891004,-0.556850195
Democratic Republic of the Congo,Maniema,Stable_Forest,18.30124254,-1.303410561,2019,97.880997,208.5,274,429.5,365.5,765.5,1948.5,2496.5,2482,2901.5,2742,1493,617,578,3808.5,4,37.5,44,28,0.74328357,2.018790538,-0.704963088
Democratic Republic of the Congo,Maniema,Stable_Forest,18.59786624,-2.96897693,2019,15.78978157,256.5,338.5,517,371.5,912.5,2417.5,3071.5,3234.5,3601,3023.5,2136.5,1028,612,3512.5,4,38,53.5,35.5,0.793954492,2.44638127,-0.724376917
Democratic Republic of the Congo,Maniema,Stable_Forest,16.2058323,-4.568427293,2019,23.684139,473,577,751,597,1111,2295,2920,2700,3299,2815,2216,1161,416,2701,4,60,77,59,0.637852609,2.688570698,-0.564763844
Democratic Republic of the Congo,Maniema,Stable_Forest,21.33566173,-3.62726237,2019,168.073975,222,288,363.5,268,637.5,1771.5,2292.5,2443,2630.5,2691,1488.5,635,407.5,3089.5,4,27,37.5,29.5,0.802286983,2.873942918,-0.740958512
Democratic Republic of the Congo,Maniema,Stable_Forest,17.88675986,-2.404385774,2019,10.59412766,191,408.5,610,572,1058.5,1818,2116.5,2091,2390,2351.5,2111.5,1111.5,514,3246,4.5,59,62.5,42,0.570409298,1.543542323,-0.548315465
Democratic Republic of the Congo,Maniema,Stable_Forest,15.95322605,-2.306469408,2019,2.299227953,290,441,766.5,906,1367,1754,1966,1957,2220,2209,2808,2240,597,2970.5,5,92.5,78.5,45,0.367097437,0.642970757,-0.437121361
Democratic Republic of the Congo,Maniema,Stable_Forest,17.16038213,-1.96924185,2019,50.14060593,190.5,257,468,404.5,833,1764,2100.5,1910,2355.5,2222.5,1879.5,961,584.5,3264.5,4,42,48,27.5,0.650464475,1.56139805,-0.606391907
Democratic Republic of the Congo,Maniema,Stable_Forest,16.98727677,-3.199574463,2019,160.530365,188,368,429,326,723,2057,2663,2508,3050,2917,1449,604,617,3156,4,34,44,35,0.769936502,3.19941349,-0.707865179
Democratic Republic of the Congo,Maniema,Stable_Forest,19.23872437,1.635068564,2019,260.696808,413.5,399,531,393.5,812.5,1965,2457,2492,2731,2644,1827.5,832,126,3895,4,40.5,54.5,41,0.727256954,2.8182917,-0.648693323
Democratic Republic of the Congo,Maniema,Stable_Forest,24.51497919,-4.24853722,2019,10.64611721,165,339,488,384,776,2089,2650,2678,2943,2783,1677,731,485,2959,4,40,50,36,0.749183536,2.349928293,-0.691724598
Democratic Republic of the Congo,Maniema,Stable_Forest,22.50562756,-3.983534212,2019,14.59271717,353,363,538,621,968,1387,1622,1638,1839,1808,1944,1185,443,2611,5,65,55,36,0.450199217,0.962157048,-0.505514681
Democratic Republic of the Congo,Maniema,Stable_Forest,17.52994903,-3.69194107,2019,11.90769768,254,450,605,640,1100,1572,1819,2036,2138,1936,2327,1662,567,3100,5,66,62,46,0.521674156,1.394884093,-0.541840196
Democratic Republic of the Congo,Maniema,Stable_Forest,19.39790583,-4.940778978,2019,12.89663982,415,460,741,760,1147,1621,1852,1856,2064,1934,1897,1294,453,3060,5,79,76,46,0.418960243,0.923491743,-0.429341555
Democratic Republic of the Congo,Maniema,Stable_Forest,17.71607996,-4.233625187,2019,265.084381,244.5,336.5,462.5,385,688.5,1696.5,2186,2504,2404.5,2588.5,1349,553,489.5,3040.5,4,40.5,47.5,34.5,0.733471811,2.312056738,-0.688184738
Democratic Republic of the Congo,Maniema,Stable_Forest,22.64567491,-4.171910927,2019,246.360168,306,317,410,326,694,2056,2591,2624,2963,2405,1426,563,442,2599,4,34,42,33,0.778983057,2.607215793,-0.729729712
Democratic Republic of the Congo,Maniema,Stable_Forest,16.45304867,-4.979226873,2019,13.95598316,609,490,761,700,1083,1807,2004,2080,2167,2089,1790,1217,321,2269,4,72,78,51,0.496402889,1.323867997,-0.464273155
Democratic Republic of the Congo,Maniema,Stable_Forest,23.43322792,-4.45541923,2019,24.13372993,18,124,305,238,474,1496,1884,1931,2147,2730,1220,525,612,2625,4,26,31,14,0.780544043,1.741769547,-0.727191389
Democratic Republic of the Congo,Maniema,Stable_Forest,15.36572785,-3.796774464,2019,12.67304325,325,408.5,564,645,887.5,1819.5,2039,2098,2297,1990,1912,1354.5,444,2438,5,66,58,42,0.529712021,1.250322692,-0.576258481
Democratic Republic of the Congo,Maniema,Stable_Forest,17.87813604,-1.938339804,2019,121.400429,75.5,208,367,278.5,632,1411,1757,1855,2006,1942.5,1153.5,519.5,515.5,3348,4,28.5,38,21.5,0.738926649,2.003685816,-0.669666946
Democratic Republic of the Congo,Maniema,Stable_Forest,18.22228062,-3.593934873,2019,11.98930168,344,403,683,555,1121,1998,2299,2354,2574,2733,2038,1365,603,3189,4,56,70,41,0.618425548,1.689201878,-0.550214052
Democratic Republic of the Congo,Maniema,Stable_Forest,20.17737401,1.491877108,2019,186.044617,412,454,535.5,333.5,760.5,2266,2901,2825,3158.5,3202,1750,747,220.5,3808.5,4,34,55,46,0.788823783,4.380274262,-0.681297421
Democratic Republic of the Congo,Maniema,Stable_Forest,18.19218706,-3.762638483,2019,11.24436092,437.5,497,752.5,655,1138,1818,1999,2121,2300.5,2086,2404,1334.5,515,3272,5,66,77,55,0.528097987,1.576683158,-0.476248473
Democratic Republic of the Congo,Maniema,Stable_Forest,17.09489494,-3.153311226,2019,11.14809132,297,424,645,675,1054,1489,1688,1682,1864,1995,2053,1242,622,3155,5,69,66,44,0.427238017,0.98609479,-0.44563815
Democratic Republic of the Congo,Maniema,Stable_Forest,23.58719916,-1.226963931,2019,302.852386,626.5,612.5,677.5,527.5,849.5,2230.5,2828.5,2866,3160.5,3166,1684.5,749,301.5,3397,4.5,54,69,63,0.689111531,4.064835738,-0.61760968
Democratic Republic of the Congo,Maniema,Stable_Forest,19.20988845,-2.330544257,2019,104.8143997,68,245,419,319,705,1789,2291,2268,2719,2325,1414,584,710,3607,4,33,43,26,0.753382325,2.077382221,-0.688127995
Democratic Republic of the Congo,Maniema,Stable_Forest,17.46553983,-1.974272416,2019,251.465836,29,182.5,366,288.5,713,2087.5,2752.5,2793.5,3110,2767,1550,631,585.5,3383,4,29,37.5,20.5,0.812783897,1.983844144,-0.768317759
Democratic Republic of the Congo,Maniema,Stable_Forest,15.38459247,-2.08386688,2019,53.11346436,142.5,276.5,449.5,293,735,1933.5,2472.5,2490,2815.5,2548,1428,602,565,3543,4,30.5,46,28.5,0.789435863,2.524997127,-0.694165647
Democratic Republic of the Congo,Maniema,Stable_Forest,16.9144234,-4.006261588,2019,13.56159496,166.5,367,578.5,497.5,949.5,2163,2596,2717,2961,2877.5,2082,1122,495.5,2925.5,4,51.5,59.5,37,0.690465093,1.880613455,-0.648915172
Democratic Republic of the Congo,Maniema,Stable_Forest,16.53596317,-2.684210985,2019,10.46325874,100,338,590,599,1066,1698,1962,1974,2230,2141,2331,1531,580,2883,5,60,60,35,0.534395635,1.132992749,-0.53978157
Democratic Republic of the Congo,Maniema,Stable_Forest,21.04119398,-0.362155807,2019,235.035629,208,294,424.5,287.5,665,2126,2852.5,3160.5,3167.5,2915,1480,603,401,3905,4,29.5,43.5,30,0.833236635,2.678538132,-0.763179898
Democratic Republic of the Congo,Maniema,Stable_Forest,20.77044176,-3.667147569,2019,263.271301,150,251,334,255,680,1849,2293,2304,2653,2535,1360,574,496,2897,4,26,34,25,0.800703406,2.623559539,-0.746777833
Democratic Republic of the Congo,Maniema,Stable_Forest,22.40447726,-4.220689447,2019,120.820503,248,261,374,255,613,1655,2161,2062,2535,2414,1333,547,441,2478,4,26,38,27,0.779887795,2.762152247,-0.692939222
Democratic Republic of the Congo,Maniema,Stable_Forest,17.36169458,-2.088807614,2019,109.0247955,99.5,245.5,399.5,265.5,697,1817.5,2367.5,2525.5,2751.5,2433,1318,528.5,594.5,3420.5,4,28,41,27,0.80974561,2.479973664,-0.726837635
Democratic Republic of the Congo,Maniema,Stable_Forest,18.94704139,-1.650429756,2019,54.413219,425,492,582,377,861,1869,2347,2354,2689,2661,1582,692,344,3917,4,39,60,50,0.72391063,5.33171521,-0.603542209
Democratic Republic of the Congo,Maniema,Stable_Forest,18.4156879,-3.226793416,2019,67.537857,111.5,217.5,378.5,315,731.5,1847,2327.5,2478,2734.5,2435,1379.5,587.5,612.5,3367.5,4,33,39,22,0.774436116,1.975162086,-0.734990358
Democratic Republic of the Congo,Maniema,Stable_Forest,22.43717594,-3.843846185,2019,121.246513,254,268,350,267,547,1619,2125,2136,2566,2603,1253,560,437,2643,4,28,36,28,0.777777791,2.70242915,-0.718423188
Democratic Republic of the Congo,Maniema,Stable_Forest,19.57801805,-4.937095886,2019,1.271942019,439,600,865,1072,1444,1709,1919,1792,2116,2147,3163,2995,446,2744,5,108,88,60,0.251396656,0.483221477,-0.348889738
Democratic Republic of the Congo,Maniema,Stable_Forest,19.40185842,-2.546589083,2019,83.904678,336,375,513,352,817,2136,2744,2856,3073,2797,1467,599,609,3781,4,36,53,39,0.780548632,2.902851843,-0.695458591
Democratic Republic of the Congo,Maniema,Stable_Forest,19.86332298,-4.035277172,2019,82.612297,140.5,218.5,380,272,695,1827.5,2370.5,2220.5,2633,2879.5,1264,531,491.5,3251.5,4,28.5,38.5,22,0.781745255,2.199458178,-0.707748532
Democratic Republic of the Congo,Maniema,Stable_Forest,18.60801721,-0.023580776,2019,77.881248,379.5,381,497,332,772.5,1973.5,2464.5,2400,2751,2831,1641.5,707,260,3677,4,34,51,39,0.75695461,3.366981439,-0.656886458
Democratic Republic of the Congo,Maniema,Stable_Forest,16.89699608,-2.100485713,2019,127.109741,152,196.5,365,250,633,1787.5,2342,1995.5,2638.5,2630.5,1367.5,539,592,3322,4,25,37.5,29,0.777332425,2.157335311,-0.690743506
Democratic Republic of the Congo,Maniema,Stable_Forest,18.51279579,-0.31652139,2019,108.433739,279,321,421,313,717,1925,2500,2614,2907,2743,1661,721,268,3702,4,32,45,33,0.786129117,2.758331335,-0.722570002
Democratic Republic of the Congo,Maniema,Stable_Forest,16.13181112,-1.842489563,2019,10.15463638,151,329,643,510,1077,2192,2516,2488,2754,2701,1915,1029,594,3405,4,52,66,34,0.659773171,1.604737952,-0.589268625
Democratic Republic of the Congo,Maniema,Stable_Forest,22.47050343,-4.762553226,2019,202.038284,245,318,402,298,564,1448,1705,2050,2042,2094,1111,502,287,2382,4,31,41,33,0.746166945,3.012379642,-0.672104418
Democratic Republic of the Congo,Maniema,Stable_Forest,16.40588712,-4.425595163,2019,1.500722051,320,413,625,780,1066,1310,1490,1474,1670,1574,2388,2143,463,2352,5,80,64,43,0.307897061,0.567457073,-0.404478312
Democratic Republic of the Congo,Maniema,Stable_Forest,16.89088754,-2.38004143,2019,143.862183,91.5,219,385,301.5,668.5,1785,2281.5,2249,2656,2328,1353.5,549,593.5,3209.5,4,31.5,39,23.5,0.763575792,2.014794124,-0.70766896
Democratic Republic of the Congo,Maniema,Stable_Forest,16.98682761,-1.726247566,2019,92.556328,274.5,323.5,449,326,728,1962,2494,2229,2804.5,2631.5,1538,626.5,460.5,3430.5,4,33.5,45.5,33.5,0.744814098,2.703509021,-0.664675117
Democratic Republic of the Congo,Maniema,Stable_Forest,22.1418997,-4.376187822,2019,40.58886337,298,289,516,302,784,2045,2496,2562,2814,2673,1604,794,442,2444,4,31,53,30,0.789106131,2.559456399,-0.664717376
Democratic Republic of the Congo,Maniema,Stable_Forest,15.04781407,-2.102102681,2019,14.31490231,396.5,495,698.5,550.5,980,1869,2091,2102,2256,2172.5,1846,1245.5,562,3265,4.5,56.5,71.5,50.5,0.58491987,2.290374963,-0.501160502
Democratic Republic of the Congo,Maniema,Stable_Forest,16.93652196,-3.683317244,2019,11.01922226,278,434,662,672,1027,1556,1702,1694,1891,1982,1900,1218,557,2780,5,70,68,45,0.431952655,1.033576052,-0.438030571
Democratic Republic of the Congo,Maniema,Stable_Forest,17.50201143,-1.051253461,2019,187.48703,208,266.5,365,246.5,627.5,1713,2209,1944.5,2517.5,2477,1330.5,538.5,459,3512,4,26,37.5,27.5,0.774988592,2.977380326,-0.683914244
Democratic Republic of the Congo,Maniema,Stable_Forest,17.82738122,-1.142342631,2019,142.505768,309,333,486,364,727,1635,1973,2148,2307,2205,1243,560,547,3476,4,37,50,34,0.710191071,2.429855625,-0.630979478
Democratic Republic of the Congo,Maniema,Stable_Forest,15.87309632,-2.804675064,2019,1.697227001,343,487,744,854,1239,1592,1665,1646,1787,1823,2398,2075,521,2871,5,87,76,50,0.316799998,0.634920635,-0.377405852
Democratic Republic of the Congo,Maniema,Stable_Forest,15.90301022,-3.846990288,2019,57.56398773,469,441.5,570.5,450.5,819,1777,2343.5,2420,2732,2739,1740.5,805,458,2879,4,46,58.5,45.5,0.686117411,2.716177079,-0.61845845
Democratic Republic of the Congo,Maniema,Stable_Forest,17.64690968,-4.790490831,2019,13.5227747,303,472,711.5,808,1183,1677,1904,1950,2141,2073.5,2193.5,1430.5,514,2873,5,82.5,72.5,48.5,0.414068162,0.876035594,-0.465339094
Democratic Republic of the Congo,Maniema,Stable_Forest,24.5970852,-4.37313355,2019,15.1820879,187,383,612,622,1024,1611,1793,1786,1964,1935,2170,1543,483,2663,5,64,63,38,0.483388692,1.099565464,-0.489574641
Democratic Republic of the Congo,Maniema,Stable_Forest,15.6852586,-4.73928686,2019,13.80926323,727,814,885,747,1113,2058,2509,2586,2850,2640,1955,982,339,2537,4,76,90,83,0.55175519,4.769190871,-0.490060508
Democratic Republic of the Congo,Maniema,Stable_Forest,22.79713087,-1.830092813,2019,30.62769127,128,223.5,407.5,307,677.5,1769,2276,2415,2784,2507.5,1435.5,633.5,659,3207,4,31.5,42,24,0.774430573,2.041251089,-0.711248875
Democratic Republic of the Congo,Maniema,Stable_Forest,15.59560673,-2.594648951,2019,10.20936203,288,420,668,574,1126,2041,2333,2310,2635,2451,2013,1114,555,2806,4,59,68,43,0.601941764,1.666026871,-0.55137676
Democratic Republic of the Congo,Maniema,Stable_Forest,20.02196546,-1.378419888,2019,494.684082,292,336.5,424.5,280,615,1686.5,2153.5,2096.5,2454,2665,1453.5,610.5,306.5,3580,4,29,43.5,34.5,0.764359355,3.622133599,-0.663228869
Democratic Republic of the Congo,Maniema,Stable_Forest,19.97902599,-1.410489743,2019,110.294701,302,366.5,474,325.5,699,2007,2596,2595,2939.5,2704,1594.5,678.5,309.5,3574.5,4,33.5,48.5,37.5,0.777092993,3.151645605,-0.691104591
Democratic Republic of the Congo,Maniema,Stable_Forest,18.79028538,-1.670013029,2019,164.750961,441,541,578,499,841,1629,1979,2020,2192,2174,1486,657,308,3841,4,50,59,57,0.603811026,3.971279373,-0.555042326
Democratic Republic of the Congo,Maniema,Stable_Forest,21.27834922,-2.102192512,2020,116.1099548,134.5,244,382.5,306,616.5,1654,2134,2261.5,2484.5,2366,1367.5,607,415.5,3469,4,31,39.5,24.5,0.76163584,2.155058409,-0.710665643
Democratic Republic of the Congo,Maniema,Stable_Forest,20.67890343,-2.546229757,2020,262.066864,155,220,354,271,665,1744,2375,2388,2657,2532,1389,587,571,3346,4,28,36,23,0.796163976,2.237843552,-0.741794288
Democratic Republic of the Congo,Maniema,Stable_Forest,23.59546366,-4.820314899,2020,424.889008,387,468.5,537.5,413.5,670,1474,1878.5,1911.5,2184.5,2291.5,1194,515,302.5,2927.5,4.5,42.5,54.5,48.5,0.644301057,4.256891162,-0.561045349
Democratic Republic of the Congo,Maniema,Stable_Forest,21.35129242,-2.859831623,2020,248.568451,141,206.5,328,238.5,617,1797,2339.5,2319,2679.5,2736,1450,574.5,376.5,3280,4,25,33.5,21.5,0.813489735,2.361789079,-0.752172291
Democratic Republic of the Congo,Maniema,Stable_Forest,18.06821955,-4.533752323,2020,14.40692616,742,793,883,792.5,1058,1550.5,1704,1642,1848.5,2076.5,1658.5,1190,286.5,2763,4,81,89.5,81.5,0.34894228,4.714206437,-0.300594062
Democratic Republic of the Congo,Maniema,Stable_Forest,16.09399205,-5.006984815,2020,10.27319813,570,681,764,800,1028,1360,1505,1494,1598,1588,1634,1196,203,2667,7,83,79,70,0.302528322,1.461052632,-0.323294938
Democratic Republic of the Congo,Maniema,Stable_Forest,15.09910787,-3.321116521,2020,2.924632072,864,941,1040,1090,1316,1473,1562,1530,1701,1678,2287,2264,187,2559,5,111,106,96,0.167938933,1.085347805,-0.190661475
Democratic Republic of the Congo,Maniema,Stable_Forest,16.09003946,-4.900354791,2020,10.57432842,590,692,716,753,955,1319,1387,1410,1505,1426,1632,1274,204,2729,7,77,73,70,0.303744793,2.222598106,-0.326434612
Democratic Republic of the Congo,Maniema,Stable_Forest,17.92664506,-4.477517786,2020,16.28362846,571.5,662.5,764.5,613.5,1008.5,1865.5,2247.5,2398,2569.5,2411,2057,1128.5,462.5,2834.5,4,63.5,79,66.5,0.592561841,4.014623172,-0.516521752
Democratic Republic of the Congo,Maniema,Stable_Forest,15.29961185,-3.578933008,2020,5.694789886,804,816.5,885.5,828,1089,1453,1604.5,1636,1786.5,1990.5,1944,1324,318.5,2757.5,7,84.5,90.5,83.5,0.327922076,4.197402597,-0.297640294
Democratic Republic of the Congo,Maniema,Stable_Forest,23.13705337,-4.767763455,2020,153.520523,459,545,581,443,759,1704,2136.5,1977,2331,2269,1366.5,566,298,2927,4.5,45,59,56.5,0.633884311,6.991795807,-0.545738876
Democratic Republic of the Congo,Maniema,Stable_Forest,20.31221113,-3.800727051,2020,143.090179,62,266,375,270,605,1581,1878,2038,2120,2248,1208,496,480,3118,4,28,39,27,0.766031206,2.65625,-0.689183593
Democratic Republic of the Congo,Maniema,Stable_Forest,15.34641407,-3.388579999,2020,10.63214493,853.5,852.5,925.5,917.5,1233,1664,1861,1852,2035.5,2172,1934.5,1231.5,327,2709,6,94,94.5,87.5,0.33742553,2.422867514,-0.333573371
Democratic Republic of the Congo,Maniema,Stable_Forest,15.59803218,-2.518831141,2020,44.62265015,240.5,397,589,641.5,1043.5,1593,1823,1655,1981.5,2118.5,1820.5,1124,621.5,3018.5,7,66,60.5,41,0.441323757,1.002472799,-0.475044549
Democratic Republic of the Congo,Maniema,Stable_Forest,23.10228857,-4.604898894,2020,495.654388,492.5,596.5,623,499,747.5,1714,2101.5,2242,2321,2598,1312.5,557,332,3036.5,6,50,64,61,0.635899305,5.709138552,-0.565095961
Democratic Republic of the Congo,Maniema,Stable_Forest,16.08393092,-4.687723563,2020,2.772066116,674,764,786,808,1074,1409,1546,1446,1568,1643,1994,1562,205,2695,7,83,80,78,0.283052355,2.82300885,-0.295698911
Democratic Republic of the Congo,Maniema,Stable_Forest,21.07892323,-1.84347771,2020,374.0235596,347,361,481,417,741,1961,2467,2380,2816,2797,1549,655,531,3132,4,44,49,38,0.701823354,2.255803264,-0.663753927
Democratic Republic of the Congo,Maniema,Stable_Forest,20.51918297,-3.980569771,2020,158.971436,177.5,264.5,370.5,304.5,676,1644,2083,2047,2414.5,2433.5,1376.5,581,521.5,3026.5,4,31.5,38,27.5,0.741016388,2.303370787,-0.693485022
Democratic Republic of the Congo,Maniema,Stable_Forest,17.66406751,-4.682154008,2020,11.20316601,845,959,1082,979,1384,1978,2183,2126,2337,2199,2207,1497,300,2737,7,100,110,98,0.369404197,3.546691404,-0.325436413
Democratic Republic of the Congo,Maniema,Stable_Forest,20.44022106,-3.713141311,2020,12.31778526,244.5,443,623.5,675.5,1031,1712,2050.5,2111,2364.5,2308.5,2252,1317.5,565.5,3272,6,69,63.5,45,0.515162408,1.262532982,-0.543975115
Democratic Republic of the Congo,Maniema,Stable_Forest,20.58511931,-4.081630241,2020,50.34071732,119,179,313.5,229.5,570,1523.5,2030,1816,2291.5,2564,1312,543.5,546,3106.5,4,23,32.5,18,0.775604963,2.142182015,-0.705564678
Democratic Republic of the Congo,Maniema,Stable_Forest,20.70037317,-4.140110566,2020,2.665563107,109,207.5,429.5,320.5,800,2020,2494,2347,2818.5,2941.5,1627,678.5,569.5,3149,4,33,44.5,21,0.759700119,1.866193941,-0.690617681
Democratic Republic of the Congo,Maniema,Stable_Forest,15.13989139,-1.684655568,2020,2.279659986,184,332,652,750,1136,1662,1889,1904,2137,2069,2265,1579,725,3131,5,78,67,34,0.434815377,0.736909323,-0.489827842
Democratic Republic of the Congo,Maniema,Stable_Forest,15.36959061,-3.357588122,2020,14.23064232,878,921.5,991.5,1012,1226.5,1528,1638.5,1693,1804.5,1977.5,1992,1522.5,335,2775,7,103.5,101,94,0.251756012,1.991810471,-0.261314958
Democratic Republic of the Congo,Maniema,Stable_Forest,23.97590019,-4.687633731,2020,301.343475,444,510,535.5,421.5,649,1506,1921.5,1679,2142.5,2302.5,1038.5,453.5,227,2769,4.5,43,55,52.5,0.598666966,8.186848958,-0.516369402
Democratic Republic of the Congo,Maniema,Stable_Forest,20.69112052,-3.941942214,2021,202.2703705,598,619,743.5,610,918.5,1761,2129,2179,2465,2579.5,1389.5,581.5,348.5,3141.5,4.5,62.5,76,63,0.562567234,3.275574113,-0.491189063
Democratic Republic of the Congo,Maniema,Stable_Forest,21.00265626,-0.690490043,2021,240.048889,297,280,409.5,288,650.5,1900.5,2551,2507.5,2852,3086.5,1466.5,630,364,3683.5,4,29.5,42,30,0.793954551,2.59712146,-0.719232082
Democratic Republic of the Congo,Maniema,Stable_Forest,16.28362641,-4.771266884,2021,10.57264042,471,575,816.5,848.5,1236,1645.5,1796.5,1870,2047,1996.5,2501.5,1981,417,2669.5,5,86.5,83.5,59,0.375758678,0.963861106,-0.392145902
Democratic Republic of the Congo,Maniema,Stable_Forest,16.85926684,-3.573363453,2021,13.90009975,382,411,612,424,973,2371,2927,3062,3236,3076,2272,1168,504,3367,4,44,63,42,0.756741226,2.612398495,-0.666848123
Democratic Republic of the Congo,Maniema,Stable_Forest,15.3066187,-0.681596722,2021,83.08555603,85,228,390,278,699,1742,2262,2381,2577,2452,1357,602,610,4058,4,29,40,26,0.79089886,2.246794872,-0.718513191
Democratic Republic of the Congo,Maniema,Stable_Forest,22.11629772,-3.809530541,2021,30.57533646,753,827,926,1006.5,1267,1574,1772.5,1762.5,1973.5,1926.5,2610,1722.5,527,3065,5,103.5,95,85,0.273022741,1.18125,-0.311140031
Democratic Republic of the Congo,Maniema,Stable_Forest,16.74760625,-4.591963154,2021,17.13248253,447,444,634,549,1058,2359,2876,3046,3265,2906,1890,926,432,3056,4,56,65,45,0.694575787,2.073231485,-0.655434787
Democratic Republic of the Congo,Maniema,Stable_Forest,23.61163334,-2.013798288,2021,128.587723,29.5,208.5,496.5,327.5,771,1961,2602,3037,3008.5,2801.5,1561.5,645,565.5,3314.5,4,33.5,51,21.5,0.805320263,1.969542778,-0.718975544
Democratic Republic of the Congo,Maniema,Stable_Forest,21.1418053,-3.021438542,2021,216.203949,299.5,326,442.5,278,679,1873,2424.5,2406.5,2825,2709,1561.5,676,420,3443,4,29,45.5,33.5,0.792885065,3.263569457,-0.689364672
Democratic Republic of the Congo,Maniema,Stable_Forest,18.79774139,-4.001770012,2021,15.6537056,416,429,613,383,969,2231,2679,2939,3068,2920,1938,870,514,3116,4,40,63,58.5,0.769416034,3.162583519,-0.654842317
Democratic Republic of the Congo,Maniema,Stable_Forest,15.15965432,-3.988474946,2021,1.271942019,481,544,789,809,1209,1737,1960,1994,2253,2182,2298,1411,474,3258,5,83,81,56,0.422761321,1.069880823,-0.432985991
Democratic Republic of the Congo,Maniema,Stable_Forest,16.83797677,-4.941587462,2021,62.32982254,288,374,571,456,1022,1477,1683,1770,2000,1913,1727,937,491,2609,4,47,58,38,0.590296507,1.930082256,-0.512174308
Democratic Republic of the Congo,Maniema,Stable_Forest,19.36871059,-4.035367004,2021,132.741592,115,188,328,274.5,547.5,1583.5,2136.5,2010,2434.5,2406,1333.5,561.5,576,2589,4,28.5,33.5,20.5,0.759684861,1.930048932,-0.719418287
Democratic Republic of the Congo,Maniema,Stable_Forest,16.44595198,1.252296422,2021,10.14109516,366.5,483,735,937,981,558,577,516,394,1426,195.5,103.5,276.5,3671,6,95.5,75.5,49.5,-0.289745361,-0.418239619,0.175059959
Democratic Republic of the Congo,Maniema,Stable_Forest,16.66523074,2.77619847,2021,342.388336,323,297,468,329,890,2490,3104,3016,3396,3382,1682,817,117,4048,4,34,48,31,0.803288519,2.430794283,-0.731343269
Democratic Republic of the Congo,Maniema,Stable_Forest,20.18698598,-2.479664595,2021,38.86568451,330,515.5,678.5,579.5,970.5,1809.5,2238.5,2012,2581,2423,1463.5,597.5,711,3056,4.5,59.5,69.5,53,0.552768648,2.205542725,-0.495632768
Democratic Republic of the Congo,Maniema,Stable_Forest,20.79721155,-4.688172721,2021,59.279362,409,447,549.5,406.5,817.5,1881,2543.5,2699.5,2838.5,2681,1419,600.5,384,3200.5,4,42.5,57,46,0.738248527,3.207890319,-0.661742091
Democratic Republic of the Congo,Maniema,Stable_Forest,17.97084217,-4.742700458,2021,103.109657,657,732,877,766.5,1037.5,1819,2164,2236,2361,2366.5,1376,648.5,259.5,2635,4,78.5,89.5,75,0.48942548,2.729383358,-0.436556369
Democratic Republic of the Congo,Maniema,Stable_Forest,15.46409337,0.34706411,2021,68.89962006,43,135,394,225,841,3126,4116,4151,4517,3789,1774,676,516,3711,4,24,41,14,0.897166371,2.186212273,-0.826622665
Democratic Republic of the Congo,Maniema,Stable_Forest,22.0458698,-4.97437597,2021,101.288353,382,571,630,640,955,1804,2180,2204,2488,2292,1588,813,464,2922,4,66,65,59,0.549929678,2.218439716,-0.555398703
Democratic Republic of the Congo,Maniema,Stable_Forest,20.21115066,-2.111714654,2021,222.972824,451.5,695,849,716,1030,1793,2207.5,2026,2390,2457,1290.5,523,705,2988.5,4.5,73.5,87,70,0.47775346,2.949122017,-0.409391314
Democratic Republic of the Congo,Maniema,Stable_Forest,16.97577833,-3.687718989,2021,20.53315353,330,490,666.5,542,990.5,2062.5,2432.5,2458,2736,2799,1795.5,856,490.5,3190,4,55.5,68,50.5,0.638666689,2.352652259,-0.573371768
Democratic Republic of the Congo,Maniema,Stable_Forest,23.99790891,-4.650802805,2021,212.826431,176,231,343,260,592,1691,2132,2155,2566,2498,1274,541,382,2899,4,27,36,23,0.784679115,2.388454752,-0.725380301
Democratic Republic of the Congo,Maniema,Stable_Forest,21.83251992,-3.435112731,2021,115.5172348,271,354,490.5,395.5,823,2016,2473.5,2393.5,2903.5,2575.5,1667.5,718,417,3401.5,4,40.5,50,36,0.716385782,2.364497041,-0.659847438
Democratic Republic of the Congo,Maniema,Stable_Forest,21.24035048,-4.351484152,2021,14.71684742,516,566.5,706.5,762,1046.5,1535.5,1726,1725,1964.5,1971,2029.5,1443,387,3034,5,78,72,58,0.387213498,1.174820056,-0.418877244
Democratic Republic of the Congo,Maniema,Stable_Forest,24.39945584,-4.557827173,2021,10.72071743,415,529,717,735,1111,1577,1745,1880,1868,1764,2181,1599,323,2524,5,74,73,54,0.437858522,1.23197762,-0.447824419
Democratic Republic of the Congo,Maniema,Stable_Forest,24.27099676,-3.397113994,2021,79.663658,186.5,283,455,285,775.5,2384.5,3080.5,3171,3449.5,2913,1444,563.5,405,3125.5,4,29.5,47,29.5,0.835069418,2.614604095,-0.749034762
Democratic Republic of the Congo,Maniema,Stable_Forest,21.34266859,-3.010658759,2021,256.594604,322.5,370.5,461.5,306,617.5,1682,2017.5,2216.5,2332.5,2265.5,1349,570,420,3236.5,4,32,47.5,38,0.757383525,3.746813101,-0.655339777
Democratic Republic of the Congo,Maniema,Stable_Forest,23.63822347,-2.004994798,2021,127.4964752,1,161.5,356,233.5,715.5,2233.5,2874,2999,3377.5,3289,1621.5,669.5,561.5,3396,4,24.5,37,17,0.855529785,2.167489615,-0.78777945
Democratic Republic of the Congo,Maniema,Stable_Forest,15.93678688,0.958637155,2021,139.1742401,55,278,389,325,654,1844,2583,2766,2916,2876,1397,602,517,3367,4,33,39,29,0.789712071,2.318579027,-0.7534073
Democratic Republic of the Congo,Maniema,Stable_Forest,19.20997828,-4.024048231,2021,12.40583515,166,300,517,513,988,1863,2197,2342,2615,2766,2271,1424,545,2848,4,53,54,30.5,0.640630484,1.441974141,-0.638335109
Democratic Republic of the Congo,Maniema,Stable_Forest,22.83099736,-1.466993775,2021,223.158737,160,287,428,262,658,2020,2838,2952,3125,2978,1586,680,377,3944,4,27,44,31,0.836963296,2.834562698,-0.746745586
Democratic Republic of the Congo,Maniema,Stable_Forest,17.79755716,-3.110820913,2021,11.92890072,313.5,501.5,672,670,1048.5,1947.5,2299,2564,2670.5,2536.5,2059,1179,451,3384.5,4,68.5,69,51.5,0.585652471,1.676848163,-0.584672451
Democratic Republic of the Congo,Maniema,Stable_Forest,15.95241756,0.990976506,2021,14.47296619,145,236,408,216,662,2357,3156,3408,3676,3600,1684,673,523,3440,4,22,41,25,0.880794704,2.71890971,-0.786163509
Democratic Republic of the Congo,Maniema,Stable_Forest,15.7017876,-4.00931586,2021,16.5112896,364.5,463.5,654.5,521,1134.5,2137.5,2500.5,2512,2881.5,2798,2154,1099,325.5,3615.5,4,53.5,67,48,0.656445742,2.301468038,-0.58660984
Democratic Republic of the Congo,Maniema,Stable_Forest,22.79811902,-1.412196542,2021,298.885925,355,286,403,267,748,2125,2896,2702,3221,3068,1484,589,381,3755,4,28,41,31,0.820141435,2.818287037,-0.740418673
Democratic Republic of the Congo,Maniema,Stable_Forest,20.65186414,-3.683586738,2021,116.063187,657,542,660.5,493.5,905.5,1883.5,2288,2101,2571,2502,1534.5,694,392,2994.5,4,50.5,67.5,56,0.619579852,4.026803607,-0.521636784
Democratic Republic of the Congo,Maniema,Stable_Forest,24.32992624,0.673422053,2021,20.75285339,199,304.5,601,284,946,3015,3682.5,3668.5,3931.5,3749,1981.5,846,299,4042,4,30,62,31.5,0.856293499,2.738490169,-0.718468189
Democratic Republic of the Congo,Maniema,Stable_Forest,15.71184873,-0.677733966,2021,81.611931,203,288,412,310,695,1931,2595,2718,2825,2817,1265,515,624,4044,4,32,41,29,0.795244396,2.488631666,-0.736741185
Democratic Republic of the Congo,Maniema,Stable_Forest,20.76891462,-3.842229217,2021,66.080711,560,593.5,697.5,548.5,835.5,1691,2103.5,2234,2368,2201.5,1414.5,614,315.5,3147.5,4,56,71,61,0.605750203,3.920679228,-0.524134398
Democratic Republic of the Congo,Maniema,Stable_Forest,16.10432268,-4.74512591,2021,0.507133007,481,563,720.5,659.5,929,1212.5,1327.5,1304,1436,1400.5,1669.5,1245,407.5,2524.5,7,67.5,73.5,57.5,0.328240395,1.55002405,-0.288219303
Democratic Republic of the Congo,Maniema,Stable_Forest,20.97642545,-4.436105452,2021,85.965248,427.5,459.5,597.5,473.5,827,1877.5,2282,2181,2565.5,2424.5,1725.5,777.5,360,3248,4,48.5,61,48,0.643247306,2.707309339,-0.569911838
Democratic Republic of the Congo,Maniema,Stable_Forest,16.9611358,-3.021618205,2021,0.698346019,380,528,778,919,1184,1571,1764,1756,1984,1960,2306,1716,499,3100,5,94,80,55,0.312897205,0.631984295,-0.385951072
Democratic Republic of the Congo,Maniema,Stable_Forest,24.36963177,-3.704158158,2021,99.698639,286,356,475,302,667,2004,2588,2635,2910,2843,1337,606,309,2941,4,31,49,37,0.794348001,3.280371204,-0.694533765
Democratic Republic of the Congo,Maniema,Stable_Forest,16.7665607,-0.439410921,2021,155.741501,333,318,507,318,776,2025,2433,2454,2773,2661,1406,618,524,3320,4,33,52,32,0.770562768,2.699696663,-0.65754813
Democratic Republic of the Congo,Maniema,Stable_Forest,16.52230878,-0.149434748,2021,78.927483,7,218,354,258,720,1785,2247,2292,2593,2551,1506,610,524,3593,4,27,37,23,0.797647059,2.305077063,-0.732426286
Democratic Republic of the Congo,Maniema,Stable_Forest,20.66803382,-3.770453826,2021,48.10778809,530,521,676.5,497,792.5,1795.5,2244.5,2625,2550.5,2503,1518,652.5,305.5,3125,4,51,69.5,53.5,0.681614339,3.12849162,-0.590186298
Democratic Republic of the Congo,Maniema,Stable_Forest,24.84771517,-4.219252142,2021,0.666137993,447,498,618,754,990,1452,1641,1594,1806,1855,2042,1646,287,2747,5,77,63,50,0.35775128,0.880872483,-0.441229671
Democratic Republic of the Congo,Maniema,Stable_Forest,16.81506973,0.334847022,2021,82.060547,235,235.5,387.5,233,683,2034,2504,2276,2922,2914,1415.5,577,291.5,4011.5,4,24,39.5,24,0.814268649,2.675834971,-0.709029496
Democratic Republic of the Congo,Maniema,Stable_Forest,16.38980727,-4.671464056,2021,10.85087872,388.5,510,730.5,729.5,1195.5,1670,1865,1885,2056.5,1997.5,2175,1500.5,410,2628.5,5,74.5,74.5,53,0.441958308,1.184885152,-0.441406995
Democratic Republic of the Congo,Maniema,Stable_Forest,23.72913298,-4.57058325,2021,189.161942,194,323,468,323,672,1812,2274,2391,2642,2478,1426,622,398,2762,4,33,49,33,0.761974931,2.710353866,-0.672612786
Democratic Republic of the Congo,Maniema,Stable_Forest,15.74715252,-0.252741005,2021,161.921814,102,209,396,267,700,1747,2269,2354,2457,2393,1343,581,605,4045,4,29,41,21,0.796260953,2.183511195,-0.712000012
Democratic Republic of the Congo,Maniema,Stable_Forest,17.69883231,0.30592127,2021,117.156303,260.5,227,375,264,673,1720,2125,2040,2418.5,2479,1335.5,589,362,3681,4,27,38.5,23.5,0.770833313,2.309492848,-0.689440966
Democratic Republic of the Congo,Maniema,Stable_Forest,15.12462003,-0.364760921,2021,177.433884,91,128,310,170,627,1895,2488,2394,2887,2842,1360,557,580,3977,4,19,32,13,0.867394686,2.264765784,-0.770710051
Democratic Republic of the Congo,Maniema,Stable_Forest,15.35737352,-0.623116397,2021,97.360161,108,249,387,221,650,2036,2598,2486,2825,2786,1338,557,610,4118,4,23,40,26,0.836719632,2.910562837,-0.730595171
Democratic Republic of the Congo,Maniema,Stable_Forest,16.53910727,-3.630586137,2021,11.30251503,372,474,660,635,998,1763,2032,1942,2323,2454,1871,1062,422,3065,4,65,68,48,0.507178903,1.486578708,-0.492697924
Democratic Republic of the Congo,Maniema,Stable_Forest,21.39800482,-3.30638415,2021,188.908707,293,334,461,323.5,722.5,1816,2282,2415,2705,2647,1491,626.5,422,3445.5,4,32.5,47,34,0.763739288,2.823299136,-0.679415882
Democratic Republic of the Congo,Maniema,Stable_Forest,19.57649091,-4.702545765,2021,3.013622999,649.5,652.5,742,664.5,981.5,1469.5,1678,1835,1860.5,1857.5,1885.5,1464.5,387,2118.5,7,68,75.5,66,0.468293667,3.149044929,-0.424136579
Democratic Republic of the Congo,Maniema,Stable_Forest,15.58797105,-2.284550515,2021,10.74261761,293,414,624,630,1148,1744,1992,2126,2298,2174,2097,1157,542,3020,4,65,64,43,0.542815685,1.334760885,-0.546181798
Democratic Republic of the Congo,Maniema,Stable_Forest,20.26846318,-3.030062369,2021,194.31987,112,289.5,433.5,340,681.5,1671.5,2062.5,2053,2351.5,2293.5,1290,524,799,3133,4.5,35,44.5,29.5,0.715837836,2.227278637,-0.65131712
Democratic Republic of the Congo,Maniema,Stable_Forest,15.20340228,-1.918307373,2021,2.772066116,308,432,678,659.5,1120,1576,1788.5,1786,1999.5,1961,1987.5,1466,488.5,2945.5,6,67.5,69.5,44,0.46064201,1.124700479,-0.449675322
Democratic Republic of the Congo,Maniema,Stable_Forest,21.88183743,-3.893343357,2021,10.35960674,577,625,759.5,771,1136,1619,1787.5,1782,1956.5,1935.5,2366.5,1685,388,2980.5,5,78.5,77.5,63.5,0.396004707,1.46819634,-0.402321458
Democratic Republic of the Congo,Maniema,Stable_Forest,23.08378328,-1.455495339,2021,157.934357,178,306.5,465.5,259.5,894.5,2648.5,3168.5,3228,3663,3442.5,1834.5,800.5,434,4015,4,26.5,48,31.5,0.851182818,2.983716956,-0.747935534
Democratic Republic of the Congo,Maniema,Stable_Forest,15.96454482,-3.095819048,2021,10.43158913,456,519.5,664,781.5,1019,1325,1445.5,1410,1547,1547,1949.5,1488,421,2997,5,79.5,68,53.5,0.286789864,0.712989223,-0.359691411
Democratic Republic of the Congo,Maniema,Stable_Forest,15.07602117,-0.263700452,2021,78.37380981,245,284,438,242,697,2167,2793,3232,3329,2846.5,1577.5,665,513,4048.5,4,25,45,29,0.860679328,2.925636008,-0.761307895
Democratic Republic of the Congo,Maniema,Stable_Forest,19.21042744,-3.783659061,2021,144.686234,177,297,469,332,752,1900,2362,2222,2634,2667,1479,615,551,3117,4,34,48,31,0.740015686,2.377358491,-0.651430666
Democratic Republic of the Congo,Maniema,Stable_Forest,23.25033093,-3.985330842,2021,67.73926544,170.5,261,379.5,257,810,2122,2653,2404.5,3070,3060,1815,962,411.5,3099.5,4,27,39,26.5,0.806875825,2.697864322,-0.727370679
Democratic Republic of the Congo,Maniema,Stable_Forest,16.78255072,1.40914227,2021,38.23810196,264,266,445,266,730,1937,2495,2568,2807,2953,1453,612,234,3944,4,28,46,28,0.812279463,2.652073733,-0.704613328
Democratic Republic of the Congo,Maniema,Stable_Forest,15.46337472,-4.251321998,2021,0.742465973,742.5,856,1041,1265,1633,1854.5,2073,1993,2295.5,2133.5,3219,2896,330.5,3664,5,129,106.5,87.5,0.223449975,0.575221239,-0.313777179
Democratic Republic of the Congo,Maniema,Stable_Forest,15.93445126,-0.651592991,2021,10.48489857,303,439,650,542,947,1700,2024,2084,2219,2404,1705,938,515,3481,4,57,67,45,0.587204874,1.885546588,-0.524506211
Democratic Republic of the Congo,Maniema,Stable_Forest,17.64717918,0.617367179,2021,139.303986,196,176,334,238,654,1920,2406,2551,2682,2656,1255,509,314,3975,4,25,35,17,0.829329491,2.17387218,-0.768457532
Democratic Republic of the Congo,Maniema,Stable_Forest,15.35413958,-0.454951776,2021,10.35437584,160,290,576,511,994,1728,1989,1974,2253,2401,2066,1113,612,3969,4,52,59,31,0.588732421,1.276168876,-0.548235297
Democratic Republic of the Congo,Maniema,Stable_Forest,23.91104182,0.158058574,2021,35.34488678,289,297.5,419,255.5,698.5,2291.5,2955,2742.5,3223.5,3506.5,1578.5,678.5,301,3822.5,4,26,43,31,0.829553008,3.039970664,-0.734935939
Democratic Republic of the Congo,Maniema,Stable_Forest,20.08457804,-3.636155691,2021,141.473236,185,328,443,412,740,1605,2010,2061,2185,2234,1313,559,633,2845,5,43,46,34,0.666801453,1.987704918,-0.646166146
Democratic Republic of the Congo,Maniema,Stable_Forest,23.90196884,-2.616747507,2021,10.25069046,231,305,481,294,781,2374,2996,3114,3392,3445,1728,771,439,3275,4,31,49,32,0.827464759,2.720432182,-0.732406139
Democratic Republic of the Congo,Maniema,Stable_Forest,19.40886528,-4.403586439,2021,20.2133503,156,305,477,534.5,815,1170.5,1308.5,1341,1445.5,1818.5,1676,1350,559.5,2480,5,55,49.5,32,0.430018663,0.891554278,-0.475247532
Democratic Republic of the Congo,Maniema,Stable_Forest,16.24248357,-2.965383669,2021,18.91514778,365,367,606.5,357.5,973,2490.5,3219.5,3483,3732.5,3431.5,1727,712.5,423.5,3228,4,37,62.5,38.5,0.813826323,2.71640883,-0.703386724
Democratic Republic of the Congo,Maniema,Stable_Forest,20.46932647,-3.941582888,2021,83.302223,590,604,742.5,583,983,2048,2575,2846,2920,2734,1725,800,320,3126,4,59.5,76,62,0.659959197,3.11707989,-0.586178064
Democratic Republic of the Congo,Maniema,Stable_Forest,16.8728314,-0.601466998,2021,81.506439,262,260,408,268,684,1984,2448,2344,2806,2807,1424,568,321,3856,4,27,42,27,0.794793248,2.59111333,-0.70348835
Democratic Republic of the Congo,Maniema,Stable_Forest,15.5921033,-0.057177768,2021,15.9864912,286.5,311,526,292,851.5,2354.5,2925,2969,3306.5,3249,1600,677,567.5,3593,4,30.5,54.5,32,0.820913851,2.800795145,-0.69899857
Democratic Republic of the Congo,Maniema,Stable_Forest,21.53966914,-2.490085052,2021,126.196358,244,272,380,311,748,1979,2548,2352,3040,2850,1469,585,754,3416,4,31,38,27,0.766428828,2.341670491,-0.721815526
Democratic Republic of the Congo,Maniema,Stable_Forest,20.76972311,-4.153225969,2021,240.750961,423,521,649,482,937,2037.5,2510.5,2312,2938,2673,1639,726.5,365,3365,4,49.5,66.5,53.5,0.654974937,3.526011561,-0.5616346
Democratic Republic of the Congo,Maniema,Stable_Forest,21.4649293,-2.950471635,2021,214.677612,279.5,346.5,438,305.5,690,1768,2269.5,2513.5,2680.5,2391,1587,691.5,414,3422.5,4,31,45,42,0.783256471,3.156540386,-0.703201771
Democratic Republic of the Congo,Maniema,Stable_Forest,18.7624376,-4.497011228,2021,13.5424614,406,532,672,559,1072,1858,2188,2245,2563,2510,2124,1156,511,2950,4,57,69,55,0.601283908,2.618012422,-0.539252639
Democratic Republic of the Congo,Maniema,Stable_Forest,16.88100607,0.591495699,2021,52.40583801,355.5,219,428.5,284.5,695.5,1900.5,2512,2751,2726,2817,1362.5,634,293,3947,4,29.5,44,23,0.812551498,2.18933073,-0.730460763
Democratic Republic of the Congo,Maniema,Stable_Forest,24.37888442,-4.191404368,2021,25.8398037,409,390,525,372,842,2155,2639,2624,2890,2677,1893,1057,305,2768,4,38,54,40,0.75166887,2.914078675,-0.666560829
Democratic Republic of the Congo,Maniema,Stable_Forest,18.19434302,-3.811506835,2021,0.970350027,484.5,652,843,925,1166,1558.5,1723.5,1793,1946.5,1881,2396.5,1767.5,524.5,2602.5,5,95,86,67,0.319352478,0.884270579,-0.360394537
Democratic Republic of the Congo,Maniema,Stable_Forest,23.76560458,-4.953265561,2021,0.919861972,431,540.5,729,856,1160,1362,1509.5,1467.5,1669,1610,2268.5,1915,437.5,2635.5,5,87.5,75,55.5,0.263180554,0.599333529,-0.336216718
Democratic Republic of the Congo,Maniema,Stable_Forest,15.68858236,-1.710077891,2021,11.90769768,353,425,666.5,659.5,1101.5,1653,1913,1947,2153.5,2211,2095,1324,507,3347.5,4.5,67.5,68,44,0.4939574,1.184452622,-0.489955992
Democratic Republic of the Congo,Maniema,Stable_Forest,15.73763038,-0.263700452,2021,10.19325447,111,318,571,404,966,1894,2272,2341,2557,2603,1540,732,607,4058,4,42,59,33,0.705646634,2.033809324,-0.60782969
Democratic Republic of the Congo,Maniema,Stable_Forest,18.0207885,-4.9861439,2021,86.759148,745,768,878.5,824.5,1171.5,2010.5,2351.5,2328,2671,2560,2113.5,1112,263,2542,4.5,84,89.5,78.5,0.476923078,2.479386544,-0.452050537
Democratic Republic of the Congo,Maniema,Stable_Forest,21.08278598,-3.532400276,2021,82.2146759,420,430.5,586,433,853.5,2027.5,2524.5,2817.5,2991.5,2904,1522,617.5,528.5,3332.5,4,44.5,60,44.5,0.733579457,2.724831448,-0.655648589
Democratic Republic of the Congo,Maniema,Stable_Forest,20.5446053,-3.369984873,2021,10.24894905,553.5,594,676.5,591.5,774.5,1024,1108.5,762.5,1179.5,1861.5,674.5,299,540,3359.5,3.5,60.5,69.5,61,0.126292467,-3,-0.059763726
Democratic Republic of the Congo,Maniema,Stable_Forest,19.69803297,-4.889934333,2021,14.46348667,404.5,472,617.5,475,845,1745,2204.5,2213,2537,2544,1701.5,861,384.5,2169.5,4,47.5,63,50,0.646577358,2.851049869,-0.563681304
Democratic Republic of the Congo,Maniema,Stable_Forest,16.71733303,-3.173882646,2021,11.20637798,465,524,714.5,640.5,1051,1697.5,1898.5,1890,2064.5,2033,1997,1364.5,487.5,3083.5,7,66,73,53,0.493775934,1.731568736,-0.451334238
Democratic Republic of the Congo,Maniema,Stable_Forest,24.91886174,-2.946339385,2022,101.521843,250,272,465,272,749,2267,2714,3272,3238,2602,1440,569,218,3230,4,28,48,30,0.846501112,2.617801047,-0.751137257
Democratic Republic of the Congo,Maniema,Stable_Forest,24.34429928,-4.684399796,2022,13.30736828,312,378,492,518,746,1108,1234,1242,1373,1304,1907,1636,358,2584,5,53,50,40,0.411363631,1.193931398,-0.432525963
Democratic Republic of the Congo,Maniema,Stable_Forest,23.18960482,-2.892081141,2022,15.06318855,996,916.5,1036.5,1011.5,1323.5,2296,2610,2672,2884,3145.5,2111.5,1285.5,378.5,3006,5.5,103,106,93.5,0.450794071,2.221999197,-0.441013873
Democratic Republic of the Congo,Maniema,Stable_Forest,17.78066883,-3.797493116,2022,10.39662647,453,482,669,601,916,1404,1539,1620,1662,1796,1747,1183,501,2674,5,62,68,49,0.458802342,1.580334988,-0.415465266
Democratic Republic of the Congo,Maniema,Stable_Forest,24.4346698,0.659857492,2022,63.58820724,324.5,358,623,334.5,989,3086.5,4066,4198,4313,3664.5,2106,954,251,3881,4,34.5,64,36,0.852399349,2.743183755,-0.741547406
Democratic Republic of the Congo,Maniema,Stable_Forest,23.44382804,-4.889934333,2022,22.07081985,221,307,534.5,327.5,950,2473.5,2996.5,3122,3352,3136.5,1828.5,814.5,359.5,2898.5,4,32.5,55,30.5,0.810117424,2.508077544,-0.707643926
Democratic Republic of the Congo,Maniema,Stable_Forest,21.93411938,-3.774316582,2022,0.410315007,339,400,536,660,1017,1468,1628,1716,1916,2111,2171,1349,487,2663,5,68,55,42,0.444444448,0.986178558,-0.52397871
Democratic Republic of the Congo,Maniema,Stable_Forest,23.41068021,-4.135798652,2022,160.641647,196.5,238.5,356.5,253,616,1751.5,2406.5,2694,2770.5,2669,1374,555,360,2677.5,4,25.5,36.5,24.5,0.82829994,2.517273384,-0.766267836
Democratic Republic of the Congo,Maniema,Stable_Forest,22.19445115,-4.214940229,2022,2.902590036,300,418,604,672,1016,1342,1532,1564,1830,1741,2131,1368,491,2606,5,69,62,44,0.398926646,0.905767669,-0.442804426
Democratic Republic of the Congo,Maniema,Stable_Forest,23.13534657,-2.955951358,2022,244.594009,638,639,663.5,510,812,1831,2277,2126,2492,2162,1133,479,386.5,2991.5,3.5,52.5,68,65,0.613050103,10.24081115,-0.524287522
Democratic Republic of the Congo,Maniema,Stable_Forest,23.77359958,-3.926311528,2022,15.96212864,254,322,429,412,587,662,733,697,842,1842,1161,901,347,2535,7,42,44,34,0.256988287,0.943708609,-0.23801066
Democratic Republic of the Congo,Maniema,Stable_Forest,24.69778635,-3.102017423,2022,245.5793304,243,236,380,233,575,1765,2322,2570,2610,2648,1236,501,221,2668,4,25,39,24,0.833749533,2.656889495,-0.74237287
Democratic Republic of the Congo,Maniema,Stable_Forest,23.84789026,-4.848971156,2022,44.9161377,323,388,642,422,1016,2423,2784,2966,3107,3105,1830,832,423,2632,4,43,66,39,0.750885487,2.456546929,-0.64412415
Democratic Republic of the Congo,Maniema,Stable_Forest,22.66894128,-3.719070192,2022,30.89377403,140,248,388,219,672,2128,2708,3058,3124,2727,1454,599,524,2960,4,23,40,26,0.866341174,2.824313569,-0.774811387
Democratic Republic of the Congo,Maniema,Stable_Forest,17.77015854,-4.742430964,2022,14.83809757,424.5,550.5,771,814,1197,1565,1762.5,1756,2063,1964.5,2535.5,1773.5,554.5,2495,5,83.5,79,56.5,0.366536975,0.937406707,-0.389790267
Democratic Republic of the Congo,Maniema,Stable_Forest,17.75515667,-4.587381746,2023,18.8603363,445,585,784,744,1258,2001,2168,2166,2368,2329,2210,1613,502,3140,5,76,80,60,0.488659799,1.584577669,-0.468474567
Democratic Republic of the Congo,Maniema,Stable_Forest,15.62138838,-1.117459298,2023,127.0958405,189.5,212,407,257,718,2188,2884.5,2846,3365.5,2945.5,1562,632,557,3856,4,26,41.5,21,0.834353864,2.312433012,-0.749769449
Democratic Republic of the Congo,Maniema,Stable_Forest,15.07215842,-1.695165857,2023,1.271942019,264,354,615,668,1200.5,1733.5,1917.5,1899,2142,1994.5,2095,1340,583.5,3213.5,5,68.5,63,36.5,0.479548097,0.9460498,-0.510739863
Democratic Republic of the Congo,Maniema,Stable_Forest,18.22344843,-2.211427651,2023,158.900543,102.5,218.5,367,241.5,708,2142.5,2811,2893,3334,3106,1573,625.5,593,3873.5,4,25,38,23,0.845908463,2.451234168,-0.774846613
Democratic Republic of the Congo,Maniema,Stable_Forest,18.42197611,-3.238112189,2023,35.98217773,307.5,398,468.5,338.5,777,1878,2421.5,2180,2830.5,2738.5,1491,607,514,3550.5,4,35,48.5,42,0.731189191,3.75203749,-0.646214843
Democratic Republic of the Congo,Maniema,Stable_Forest,15.21687701,-4.150620855,2023,1.630395055,505,619,838,968,1368,1780,2038,2114,2377,2209,2992,2484,438,3030,5,99,86,63,0.371836483,0.873342478,-0.432249308
Indonesia,Papua,Stable_Forest,145.9581326,-4.57705112,2021,50.03089523,218,304,594,308,876,3646,4848,5068,5159,4867,1487,539,92,4408,4,32,61,31,0.885416687,2.566314427,-0.790180147
Brazil,Mato Grosso,Deforestation_Hotspot,-56.45332147,-11.03683633,2019,57.98587036,291,356,608.5,475.5,1085,2323.5,2692.5,2666,2993,3178,1900.5,894,63,2289.5,4,49,62,37,0.69727838,1.921491228,-0.628340185
Brazil,Mato Grosso,Deforestation_Hotspot,-57.64287057,-10.20032514,2019,0.870712996,567,715,952,1280,1687,2092,2357,2460,2774,2841,4233,2739,64,2445,5,131,97,70,0.315508008,0.61734854,-0.441969514
Brazil,Mato Grosso,Deforestation_Hotspot,-52.57080282,-8.574733797,2019,81.71043396,230,272,475,322,801,2105,2591,2643,2930,2915,1598,714,69,2712,4,33,49,28,0.782799304,2.28805205,-0.695317507
Brazil,Mato Grosso,Deforestation_Hotspot,-50.44314306,-6.793823747,2019,0.022275001,323,348,684,521,1281,2397,2793,2842,3107,3087,2360,1228,69,2660,4,54,70,38,0.690157592,1.727448645,-0.612024963
Brazil,Mato Grosso,Deforestation_Hotspot,-53.67707809,-6.037262614,2019,48.14774704,209.5,227.5,453.5,227.5,798,2760,3550,3301,3803.5,3785.5,1690.5,728.5,57,3443.5,4,24,46.5,23.5,0.87105,2.595203918,-0.758423209
Brazil,Mato Grosso,Deforestation_Hotspot,-52.68920077,-7.551552689,2019,126.913292,203.5,254,436.5,240,619.5,2064.5,2633.5,2961,2849,3051,1438,586.5,69,2878,4,24.5,44.5,25.5,0.850046873,2.724269123,-0.743046343
Brazil,Mato Grosso,Deforestation_Hotspot,-53.21785931,-8.78646671,2019,168.6833496,159,221,400,201,660,2174,2732,3046,3103,3152,1366,546,63,2616,4,21,40,21,0.876193404,2.740319784,-0.767846763
Brazil,Mato Grosso,Deforestation_Hotspot,-57.36026058,-10.3067755,2019,160.842346,173,208,403,204,756,2416,3101,2961,3434,3198,1406,578,62,2468,4,21,40,22,0.871090055,2.624714395,-0.760404289
Brazil,Mato Grosso,Deforestation_Hotspot,-55.29458459,-8.657109309,2019,1.635871053,156.5,220.5,411,223.5,770,2274.5,2820,2902,3172,3005,1758,783,57,2668.5,4,23.5,42.5,23,0.856982887,2.585175176,-0.751886487
Brazil,Mato Grosso,Deforestation_Hotspot,-51.74902399,-8.987330007,2019,34.28716278,515.5,686,936,1208,1678.5,2251.5,2592,2746,3005.5,3044,3696,2487.5,68,2423.5,5,123,95.5,70.5,0.388973206,0.792783505,-0.491580665
Brazil,Mato Grosso,Deforestation_Hotspot,-53.13350751,-11.03378206,2019,334.511841,182.5,193,361.5,203.5,597.5,2103.5,2754.5,2746.5,3036.5,3123,1236,473,63,2259,4,21.5,37.5,20.5,0.862033904,2.521816739,-0.767374516
Brazil,Mato Grosso,Deforestation_Hotspot,-52.80454445,-11.72862893,2019,82.81290436,173,227,404,244,672,1976.5,2433.5,2714.5,2747,2817,1521,680,63,2239,4,25,42,24,0.835051537,2.493439645,-0.740901053
Brazil,Mato Grosso,Deforestation_Hotspot,-57.14448525,-6.99738199,2019,446.514282,157.5,182.5,319.5,174.5,499,1852.5,2442,2459,2592,3026.5,1302.5,540.5,105,3002,4,17.5,33,19,0.867476761,2.670992634,-0.77001977
Brazil,Mato Grosso,Deforestation_Hotspot,-50.65649294,-7.999093363,2019,28.80670547,212,243,463,245,758,2163,2680,2908,3000,3083,1681,722,75,2652,4,25,46,26,0.844592452,2.604146294,-0.725304067
Brazil,Mato Grosso,Deforestation_Hotspot,-54.2868545,-7.796792761,2019,122.3911896,120,197,382,159,583,2048,2685,3200,3007,2979,1238,489,63,2801,4,17,38,21,0.905328989,2.839402428,-0.786711335
Brazil,Mato Grosso,Deforestation_Hotspot,-53.11572087,-6.795620377,2019,10.59938812,213,245,476,247,814,2701,3385,3544,3711,3719,1821,772,64,3145,4,26,49,25,0.869691372,2.584260856,-0.763184071
Brazil,Mato Grosso,Deforestation_Hotspot,-57.98333207,-6.626826935,2019,93.94591522,293,248,480,241,832,2601,3279,3254,3547,3550,1701,681,94,3455,4,25,49,26,0.86208868,2.651355157,-0.742903054
Brazil,Mato Grosso,Deforestation_Hotspot,-51.11562189,-9.643639154,2019,2.534800053,490,591,910,1258,1893,2553.5,2936.5,2950,3339,3203,3791.5,2341.5,64,2403,5,128,93,60.5,0.402091265,0.697271903,-0.528497398
Brazil,Mato Grosso,Deforestation_Hotspot,-53.64132514,-8.567637107,2019,109.3608856,179,230,458,224,734.3333333,2405.5,3064,3478,3395.666667,3424,1522,618.5,63,2663.666667,4,23,47,24,0.878984332,2.625887669,-0.767276406
Brazil,Mato Grosso,Deforestation_Hotspot,-56.52994777,-10.25925462,2019,1.153185964,435,634,898,1216,1616,2101,2426,2586,2864,2902,3544,2209,69,2375,5,124,92,65,0.360336661,0.667901716,-0.484500587
Brazil,Mato Grosso,Deforestation_Hotspot,-52.74669295,-7.350779223,2019,90.642387,253,312,462,409,796,1871,2332,2298,2628,2969,1758,839,67,2510,4,42,48,31,0.697820485,1.957107335,-0.6652174
Brazil,Mato Grosso,Deforestation_Hotspot,-56.64618976,-8.018227479,2019,338.452087,178,170,309,162,590,1950,2486,2221,2775,2891,1274,507,63,2929,4,17,33,19,0.864036918,2.68238666,-0.755731225
Brazil,Mato Grosso,Deforestation_Hotspot,-54.97298772,-11.15361731,2019,1.228435993,578.5,771,1116,1701,1975.5,2172.5,2354.5,2400,2520.5,2418.5,4134.5,3685.5,71,2183.5,5,173,113,79,0.170446232,0.256062715,-0.365187705
Brazil,Mato Grosso,Deforestation_Hotspot,-57.80995722,-11.39759975,2019,0.215303004,221,232,412.5,241.5,706.5,2005,2460.5,2626.5,2762,3139.5,1161.5,479.5,69,2683,4,25,42,24.5,0.831589937,2.551893858,-0.728529096
Brazil,Mato Grosso,Deforestation_Hotspot,-53.89635685,-8.414384519,2019,83.36190033,156,239,412.5,257.5,680,2299.5,3012.5,3120,3356,3362,1500.5,606.5,60,2789,4,27,42.5,25,0.847520351,2.490429789,-0.766454339
Brazil,Mato Grosso,Deforestation_Hotspot,-57.09525758,-8.341261655,2019,389.574219,207,231,409,255,549,1955,2650,3354,2843,3138,1363,561,68,2436,4,27,41,23,0.858686626,2.457573354,-0.782620251
Brazil,Mato Grosso,Deforestation_Hotspot,-51.81379253,-10.60654331,2019,27.96211624,146.5,236,485.5,277,848.5,2077.5,2429,2714,2771,2720.5,1572,717,64,2535.5,4,28.5,50,24,0.814777672,2.336977369,-0.696515083
Brazil,Mato Grosso,Deforestation_Hotspot,-52.96803783,-11.09432851,2019,90.29777527,142.5,190.5,358,214.5,718.5,2163,2771,2877.5,3076,3119,1443,591,63,2322,4,22,36.5,18.5,0.861254871,2.432629944,-0.778705001
Brazil,Mato Grosso,Deforestation_Hotspot,-54.70942201,-7.755021101,2019,150.681549,326,304,613,340,904,2653,3293,3432,3734,3281,1839,831,64,3022,4,35,63,29,0.819724262,2.420920764,-0.696909785
Brazil,Mato Grosso,Deforestation_Hotspot,-56.71607869,-6.727168752,2019,335.655945,254,271,428,229,716.5,2579,3436.5,3345.5,3815.5,3481,1406,549,71.5,3081,4,23.5,44.5,27,0.87187022,2.898530506,-0.773154914
Brazil,Mato Grosso,Deforestation_Hotspot,-53.20240829,-8.011310451,2019,75.456459,261,314,544,293,981,3151,3884,3964,4257,4019,1986,862,68,2896,4,29,56,33,0.862344384,2.724910926,-0.758651316
Brazil,Mato Grosso,Deforestation_Hotspot,-54.92932959,-6.168506477,2019,215.750626,179,200,352,194,618,2237,2872,2487,3119,3235,1446,595,58,3407,4,20,36,18,0.855277896,2.663801115,-0.752025366
Brazil,Mato Grosso,Deforestation_Hotspot,-56.08573086,-9.047606963,2019,66.920761,264.25,244,475.8333333,238,810,2418,2959,3038,3223,3156,1552,659,69,2832,4,25,48,25,0.854700863,2.654531665,-0.729165673
Brazil,Mato Grosso,Deforestation_Hotspot,-52.26214168,-9.681548059,2019,0.963817,157,229,408,243,788,2191,2603,2601,2948,2886,1453,601,69,2656,4,26,43,24,0.829113901,2.516542156,-0.728813589
Brazil,Mato Grosso,Deforestation_Hotspot,-57.17071606,-11.77857526,2019,2.378324032,522.5,743,1072,1627,2077.5,2340.5,2599,2787,3069,3096.5,4227.5,2786.5,63,2358.5,5,165,109,76.5,0.262800187,0.415621641,-0.444415659
Brazil,Mato Grosso,Deforestation_Hotspot,-56.86016847,-6.592151965,2019,141.056534,171,192.5,386.5,197,669.5,2543.5,3244,3269,3478.5,3049.5,1565,634,73,3271.5,4,21,40,20,0.886324286,2.552979307,-0.7885378
Brazil,Mato Grosso,Deforestation_Hotspot,-55.42897255,-8.870369357,2019,88.34740448,133,200.5,402.5,222.5,709.5,2170,2725,2837,3008.5,3094.5,1412,590,56,2344.5,4,23,41.5,22,0.854551375,2.448721551,-0.751504838
Brazil,Mato Grosso,Deforestation_Hotspot,-51.21731118,-9.605460754,2019,227.970688,353,298,544.5,333,983,2666,3324,3286,3630.5,3663.5,1900.5,881,62,2351,4,34,55.5,31,0.815971255,2.420491803,-0.715702891
Brazil,Mato Grosso,Deforestation_Hotspot,-50.31378566,-6.844758223,2019,27.41767311,220,212,380,221,690,2183,2783,2808,3063,2975,1435,617,69,2754,4,24,39,21,0.85407728,2.541257367,-0.761606038
Brazil,Mato Grosso,Deforestation_Hotspot,-52.61356262,-7.165995769,2019,328.2771301,231,249,450.5,235.5,777,2520.5,3079,3165,3376,3376.5,1777.5,724.5,69,3023,4,25,47,26,0.861490965,2.700995759,-0.750795186
Brazil,Mato Grosso,Deforestation_Hotspot,-51.71982875,-7.297419295,2019,142.357239,148,214.5,484,244.5,713.5,2252,2919.5,3524.5,3340.5,3111.5,1505,615.5,67,2971,4,25,50,22.5,0.870257378,2.423346878,-0.758513153
Brazil,Mato Grosso,Deforestation_Hotspot,-55.84534169,-11.70320661,2019,179.481308,269,225,370,247,593,1914,2501,2362,2775,3024,1427,640,68,2123,4,25,37,23,0.810655415,2.450753187,-0.729136169
Brazil,Mato Grosso,Deforestation_Hotspot,-56.60962833,-7.955345409,2019,193.317963,170,177,352,174,647,2260,2948,2825,3296,3192,1348,565,63,2888,4,18,36,18,0.88396132,2.606686332,-0.778407276
Brazil,Mato Grosso,Deforestation_Hotspot,-57.62759921,-6.426592458,2019,342.509369,269.5,263,433,256,665.5,2098.5,2611.5,2510.5,3026.5,3106.5,1420.5,578,120.5,3143,4,26.5,44,27.5,0.814928591,2.71626506,-0.705792427
Brazil,Mato Grosso,Deforestation_Hotspot,-53.18480131,-7.937738429,2019,31.30550766,187,212,412,186,814,2725,3358,3123,3724,3757,1628,644,69,2874,4,20,42,23,0.887579322,2.770754717,-0.766902387
Brazil,Mato Grosso,Deforestation_Hotspot,-54.0030767,-9.586865628,2019,49.5686264,178,238,433,218,736,2269,2824,3128,3114,3089,1374,545,63,2445,4,23,44,25,0.869695187,2.74321267,-0.75680989
Brazil,Mato Grosso,Deforestation_Hotspot,-57.28147833,-11.89203248,2019,199.004913,139.5,159,308.5,168.5,530.5,1786,2346,2678,2681.5,2909,1178.5,477.5,60,2583,4,18,31.5,17.5,0.881609023,2.512012012,-0.793403625
Brazil,Mato Grosso,Deforestation_Hotspot,-51.25971166,-11.59963085,2019,3.529203892,184.5,240,526,253,863.5,2569.5,3176,3637,3526,3468.5,1589.5,657,64,2342,4,25.5,54,24.5,0.869922876,2.520858164,-0.747297645
Brazil,Mato Grosso,Deforestation_Hotspot,-53.40210378,-7.415098597,2019,159.75177,174.5,231.4,375,231.8571429,695.25,2201,2830,2905,3192.666667,3347.666667,1558.75,663.5,72,2938,4,24,38.5,24,0.852172315,2.608816886,-0.771341443
Brazil,Mato Grosso,Deforestation_Hotspot,-51.46776148,-7.879886925,2019,108.73983,155,166,321,159,652,2148,2726,2511,3121,3295,1299,531,63,2623,4,17,33,18,0.880898893,2.647456101,-0.773305058
Brazil,Mato Grosso,Deforestation_Hotspot,-51.65577887,-8.813326337,2019,42.72500992,444,609.5,1172,1030,2041.5,3210.5,3680.5,3850,3974,3696,2563.5,1394.5,68,2481.5,4,105.5,119.5,62.5,0.577868879,1.291267915,-0.53325367
Brazil,Mato Grosso,Deforestation_Hotspot,-55.48170366,-10.20805065,2019,67.689018,368.5,262,427,342,849.5,2130,2724.5,2651,3078,2983.5,1750.5,830,72,2381,4,35.5,44,28,0.771466732,2.107520993,-0.722547114
Brazil,Mato Grosso,Deforestation_Hotspot,-55.4000468,-8.869471042,2019,218.013977,118.5,195,397.5,193.5,690,2183.5,2791.5,2856.5,3041,3214.5,1340,540.5,56,2367,4,20.5,40.5,19.5,0.873114765,2.604655712,-0.755685329
Brazil,Mato Grosso,Deforestation_Hotspot,-51.43955438,-6.329933734,2019,10.20932198,226,217,366,238,666,1988,2660,2928,2929,2895,1549,706,63,2799,4,25,39,23,0.849652529,2.463821213,-0.777777791
Brazil,Mato Grosso,Deforestation_Hotspot,-54.16495312,-6.770826875,2019,258.234497,177,207,382,200,643,2027,2695,2811,2838,3063,1454,632,58,3082,4,21,39,21,0.867153764,2.653994714,-0.760726571
Brazil,Mato Grosso,Deforestation_Hotspot,-55.78686136,-9.850790658,2019,11.31885624,413,295,548,330,916,2792,3679,3628,3972,3453,1715,793,64,2646,4,34,57,31,0.833249092,2.427498896,-0.737547874
Brazil,Mato Grosso,Deforestation_Hotspot,-55.54395691,-8.351682112,2019,131.62883,201.5,200.5,386.5,219.5,676,2077,2592.5,2636,3022.5,3073,1468,640.5,58,2648.5,4,24,41,19.5,0.846261621,2.465564738,-0.74425143
Brazil,Mato Grosso,Deforestation_Hotspot,-53.95852027,-10.39103747,2019,65.759048,287,309,566,366,1025,2317,2848,2998,3131,2872,1940,964,57,2314,4,37,58,32,0.782401919,2.286707211,-0.682379365
Brazil,Mato Grosso,Deforestation_Hotspot,-52.04376124,-8.591262798,2019,74.650093,168,211,390,232,670,2316,3000,3181,3347,3327,1422,579,69,2596,4,23,40,23,0.864049196,2.464482701,-0.781573772
Brazil,Mato Grosso,Deforestation_Hotspot,-53.20150998,-6.990105636,2019,128.152176,214,229,433,216,770,2548,3103,3362,3400,3423,1289,509,64,2945,4,22,44,24,0.879262149,2.673805881,-0.771804988
Brazil,Mato Grosso,Deforestation_Hotspot,-57.03758573,-10.12639379,2019,113.721321,192,199,341,210,679,2026,2511,2314,2849,2995,1402,613,64,2641,4,22,35,21,0.833597481,2.525810324,-0.743126154
Brazil,Mato Grosso,Deforestation_Hotspot,-52.71120949,-8.269665927,2019,87.91521454,170,233,467,223,757,2456,3085,3337,3415,3038,1554,648,69,2832,4,24,48,24,0.874719083,2.658357521,-0.754468977
Brazil,Mato Grosso,Deforestation_Hotspot,-50.89140239,-10.6350199,2019,67.81306458,243,264,512,260,848,2238,2809,3222,3105,2902,1555,650,82,2377,4,27,53,28,0.850660563,2.641812344,-0.725763261
Brazil,Mato Grosso,Deforestation_Hotspot,-54.54718627,-10.77955883,2019,177.582642,198,213.5,376,218.5,659,1976.5,2591.5,2524,2834,2985.5,1211,483,65.5,2094.5,4,22.5,39,22.5,0.84065634,2.579147556,-0.740689635
Brazil,Mato Grosso,Deforestation_Hotspot,-57.83160661,-6.547146369,2019,66.39352417,223,244,464,251,783,2294,2767,2944,3076,3425,1279,487,99,3335,4,26,48,24,0.842879474,2.568676078,-0.727699518
Brazil,Mato Grosso,Deforestation_Hotspot,-50.43335143,-10.98437472,2019,0.128338993,282.5,418,624.5,725,1078,1588.5,1808.5,1899.5,2066.5,2252.5,2241,1383,87.5,2213,4,74,64,44,0.447513819,0.942465094,-0.505150557
Brazil,Mato Grosso,Deforestation_Hotspot,-53.5323595,-11.64014487,2019,353.116486,136,193,379,196,630,2142,2782,3100,3064,3089,1355,537,63,2325,4,20,39,19,0.881067932,2.565824351,-0.782121301
Brazil,Mato Grosso,Deforestation_Hotspot,-50.74264138,-6.869641556,2019,13.88073254,317,329,590,401,1054,2844,3430,3510,3743,3531,2088,980,67,2641,4,42,60,34.5,0.794937372,2.253225105,-0.712195098
Brazil,Mato Grosso,Deforestation_Hotspot,-54.00666997,-8.324912317,2019,274.380829,148,207,390,175.5,727,2299.5,2890,2948,3177,3388.5,1357.5,549.5,60,2787.5,4,18,40,21.5,0.887626052,2.829659114,-0.766327143
Brazil,Mato Grosso,Deforestation_Hotspot,-55.25972996,-6.028279461,2019,222.511963,135,217,475,187,757,2982,3945,4072,4150,3870,1562,619,68,3478,4,19,49,23,0.912185967,2.722494744,-0.791071057
Brazil,Mato Grosso,Deforestation_Hotspot,-51.97872321,-9.285031692,2019,129.861008,204,231,439.5,228.5,763,2370.5,2927,2951,3237,2851.5,1610,699.5,72,2512.5,4,22.5,45,25.5,0.856266737,2.627388535,-0.7407462
Brazil,Mato Grosso,Deforestation_Hotspot,-53.92303681,-11.1079829,2019,62.550529,193,202,367,204,610,2065,2587,2886,2945,3140,1443,582,63,2469,4,21,38,21,0.867961168,2.582819723,-0.774362147
Brazil,Mato Grosso,Deforestation_Hotspot,-53.43498212,-11.71704066,2019,115.0016251,138,192,351,196,679,2348,3023,2845,3324,3201,1375,540,57,2416,4,20,36,20,0.871095061,2.564872192,-0.780350447
Brazil,Mato Grosso,Deforestation_Hotspot,-55.44262695,-10.62280281,2019,1.271942019,315,490,859,1108,1726,2451.5,2707.5,2908,3067,3145.5,3177.5,1863.5,72,2295.5,5,113,87.5,50,0.44820717,0.765045903,-0.543934166
Brazil,Mato Grosso,Deforestation_Hotspot,-51.66449253,-9.080485302,2019,19.06154251,149.5,233,457,327.5,810.5,1904,2242,2352,2536.5,2564,1711,829,67,2333.5,4,33.5,47,24,0.755551398,1.968974908,-0.67461729
Brazil,Mato Grosso,Deforestation_Hotspot,-53.70375805,-6.424526333,2019,130.7429199,176,195.5,443.5,191.5,781,2691.5,3507.5,3574,3728,3311,1427,597.5,57,3209.5,4,19.5,45.5,21,0.898287058,2.595733251,-0.779215932
Brazil,Mato Grosso,Deforestation_Hotspot,-54.14204608,-7.624765384,2019,211.403732,159,214.5,368.5,178.5,532.5,1982,2589,2932,2879,2883.5,1248,518,65.5,3091,4,18.5,38,21.5,0.885227442,2.873917128,-0.776700497
Brazil,Mato Grosso,Deforestation_Hotspot,-51.59810703,-9.061441018,2019,145.286316,127.5,173,333.5,199.5,698,2158,2665,2447,2944,2704.5,1506,661,63,2461,4,21,34.5,18,0.849234819,2.393503727,-0.760115087
Brazil,Mato Grosso,Deforestation_Hotspot,-55.87148266,-10.9054128,2019,1.500722051,599,764,1058,1538,1981,2251,2545,2662,2950,2984,4179,2581,69,2274,5,156,106,79,0.267619044,0.45609479,-0.431182802
Brazil,Mato Grosso,Deforestation_Hotspot,-52.05283422,-11.92553964,2019,1.271942019,347,415,648,865,1386,2080,2379,2514,2660,2422,3003,1946,63,2085,5,88,66,43,0.488014191,0.897659227,-0.590132833
Brazil,Mato Grosso,Deforestation_Hotspot,-55.84022129,-10.49012165,2019,113.7457504,220,269,442,253,697,2446,3123,3285,3483,3558,1499,598,69,2485,4,25,46,27,0.856981337,2.720258389,-0.762811899
Brazil,Mato Grosso,Deforestation_Hotspot,-54.75406828,-6.061966285,2019,289.061066,164,185,364,172,697,2477,3204,3189,3456,3348,1562,625,58,3556,4,18,38,20,0.897649527,2.660963133,-0.795102715
Brazil,Mato Grosso,Deforestation_Hotspot,-56.78929139,-11.32573452,2019,141.922852,187,249,431,245,663,1922,2414,2570,2670,2640,1359,622,63,2409,4,25,44,24,0.825932503,2.674258109,-0.712762415
Brazil,Mato Grosso,Deforestation_Hotspot,-55.68023134,-10.71416148,2019,2.45874095,609.5,716,1168,1416,2132.5,2702.5,2994.5,3156,3411,3356,3705.5,2157,71.5,2225,5,144,119.5,73.5,0.380577415,0.692344421,-0.459759474
Brazil,Mato Grosso,Deforestation_Hotspot,-51.26573037,-10.42777857,2019,216.218781,269,341,607,451,1096.5,2259,2703.5,2867,3003.5,3202.5,2040.5,971.5,68,2177.5,4,46.5,62,34.5,0.728149474,2.00232057,-0.650546908
Brazil,Mato Grosso,Deforestation_Hotspot,-54.27733236,-7.881234398,2019,166.155746,144,184,349,168,617,2109,2613,2915,3022,2945,1275,517,63,2759,4,18,36,18,0.891015232,2.699488994,-0.786151946
Brazil,Mato Grosso,Deforestation_Hotspot,-51.33301419,-10.00296527,2019,67.7430954,256,293,506.5,317.5,879,2453,3008.5,3304,3343.5,3287,1819.5,873,63,2248.5,4,33,52,30,0.824658275,2.478423237,-0.734155595
Brazil,Mato Grosso,Deforestation_Hotspot,-51.17428187,-6.85104643,2019,48.997749,189,211,444,265,894,2600,3255,3306,3709,3629,1870,806,69,2619,4,27,46,22,0.85158217,2.293709458,-0.763199985
Brazil,Mato Grosso,Deforestation_Hotspot,-52.96642087,-10.53207297,2019,91.17770386,176,219,373,255,723,2113,2656,2656,3029,3195,1428,595,63,2439,4,26,39,23,0.824802458,2.359009629,-0.753714085
Brazil,Mato Grosso,Deforestation_Hotspot,-57.58906149,-8.208760151,2019,329.938843,243.5,214,330.5,208,594.5,2038.5,2726,2768,3040,3399.5,1468.5,572.5,73,2853.5,4,21,34.5,21.5,0.860215068,2.653399668,-0.786670983
Brazil,Mato Grosso,Deforestation_Hotspot,-54.768082,-8.469810572,2019,6.388912201,317,446,651,798,1233,1761,2016,2154,2383,2442,3154,1880,58,2473,4,81,67,46,0.459349602,0.942190106,-0.535828888
Brazil,Mato Grosso,Deforestation_Hotspot,-57.76387364,-10.89616015,2019,200.954834,229,231,432,204,736,2588,3268,3195,3598,3320,1472,604,63,2580,4,21,44,24,0.879964709,2.782325581,-0.76178658
Brazil,Mato Grosso,Deforestation_Hotspot,-53.55194277,-11.08543518,2019,60.51012421,206,184,288,174,660,1960,2436,1981,2735,3076,1423,594,63,2317,4,18,30,20,0.838515103,2.744532199,-0.746143699
Brazil,Mato Grosso,Deforestation_Hotspot,-57.01279223,-9.894628444,2019,139.921951,199.5,198.5,373,197,649.5,2154,2700.5,3067.5,3011.5,3070.5,1344,578.5,75,2674,4,20,38.5,21,0.879307687,2.598443016,-0.783171058
Brazil,Mato Grosso,Deforestation_Hotspot,-57.10648652,-8.878364363,2019,93.11365509,164,164,305,159,668,2298,3025,2765,3374,3291,1432,567,64,2737,4,17,31,19,0.891244888,2.616465863,-0.80130291
Brazil,Mato Grosso,Deforestation_Hotspot,-55.54341792,-8.371175554,2019,246.163162,220,240.5,406.5,305,700,1731.5,2185.5,2232,2431,2843.5,1379.5,652,58,2633.5,4,32,41.5,25,0.759558558,2.132344805,-0.691870391
Brazil,Mato Grosso,Deforestation_Hotspot,-57.34256377,-7.665818393,2019,182.414017,260,243,454,237,761,2842,3725,3646,4070,4076,1462,559,76,3113,4,25,47,24,0.877929449,2.625134761,-0.778536558
Brazil,Mato Grosso,Deforestation_Hotspot,-53.06784066,-11.50719421,2019,58.312092,159,228.5,343,251.5,617.5,1790.5,2364.5,2414.5,2659,2872,1477.5,671,63,2245,4,26,36,22.5,0.811327815,2.446002488,-0.751223922
Brazil,Mato Grosso,Deforestation_Hotspot,-56.72946359,-6.615238668,2019,124.700668,207.5,192.5,309,171,641.5,2043.5,2690.5,2425.5,3057,3107,1470.5,572.5,72.5,3053,4,18,32.5,20,0.868284225,2.805849409,-0.773998916
Brazil,Mato Grosso,Deforestation_Hotspot,-51.4433273,-9.464874412,2019,4.370386124,406,479.5,757,1027.5,1418,2064.5,2341.5,2449,2688,2663.5,3027.5,1808.5,62,2232.5,5,105,77.5,49,0.408888251,0.708094645,-0.527760446
Brazil,Mato Grosso,Deforestation_Hotspot,-56.51871883,-8.690526637,2019,115.718971,138.5,214,362,214,730.5,2080.5,2614.5,2551,2988,2962.5,1384,572.5,60.5,2872,4,22.5,37.5,22.5,0.84520793,2.618780816,-0.751459002
Brazil,Mato Grosso,Deforestation_Hotspot,-56.4867388,-6.591163818,2019,307.812531,197,258.5,404,261.5,672,1939,2483,2727,2769.5,2753.5,1412.5,595,66,2824,4,28,41.5,27,0.824995816,2.613696597,-0.741935492
Brazil,Mato Grosso,Deforestation_Hotspot,-50.70320534,-9.114531451,2019,1.11609304,374,440,638,873,1194,1600,1883,2019,2193,2163,3128,1894,70,2322,5,89,65,46,0.396265566,0.72385043,-0.519759119
Brazil,Mato Grosso,Deforestation_Hotspot,-54.3270092,-8.503677058,2019,228.552811,113,160,384,167,608,2084,2707,3000,3012,2959,1239,488,57,2643,4,18,38,18,0.894537389,2.526757046,-0.773049653
Brazil,Mato Grosso,Deforestation_Hotspot,-56.66792899,-7.759872003,2019,145.615997,213,204,384,173,659,2177,2802,2761,3199,3226,1362,554,58,2932,4,18,40,21,0.88207227,2.850220264,-0.75580287
Brazil,Mato Grosso,Deforestation_Hotspot,-51.3920335,-8.237955397,2019,18.64907646,122.5,181.5,390,202,668.5,2153,2811.5,3057,3098.5,3262.5,1377.5,564.5,69,2641.5,4,21,40,18.5,0.876035571,2.45380318,-0.773716271
Brazil,Mato Grosso,Deforestation_Hotspot,-54.06398248,-6.907819956,2019,17.79488182,130,198,358.5,191.5,635.5,2266,2968,3084,3309,3011.5,1552.5,630,58,3253.5,4,20.5,37,21,0.883071303,2.630502001,-0.791721106
Brazil,Mato Grosso,Deforestation_Hotspot,-50.70940372,-8.022090234,2019,75.870872,195,206,373,208,705,2573,3226,3254,3558,3620,1680,696,75,2748,4,22,38,21,0.879838228,2.574374577,-0.794320405
Brazil,Mato Grosso,Deforestation_Hotspot,-50.07115071,-7.051101244,2019,8.172164917,420,290,570,459,1049,2264,2678,2762,2965,3456,2273,1386,69,2757,4,47,59,29,0.714995325,1.722770796,-0.65786314
Brazil,Mato Grosso,Deforestation_Hotspot,-56.47577936,-6.839817489,2019,210.2423401,218.5,221.5,349,194,541.5,1954,2559.5,2649.5,2813,3016.5,1274.5,511,69,2946.5,4,20,36,23.5,0.863548458,2.850923023,-0.767216921
Brazil,Mato Grosso,Deforestation_Hotspot,-52.84407032,-11.79052285,2019,71.227203,179,230,416,248,708,2240,2765,2965,3094,3015,1510,652,63,2291,4,25,43,23,0.845627129,2.489006962,-0.753918946
Brazil,Mato Grosso,Deforestation_Hotspot,-50.55911557,-8.894534038,2019,0.31516099,372,456,656,794,1319,1939,2192,2184,2643,2749,2986,1982,63,2344,4,80,66,48,0.466756225,0.984698215,-0.538028181
Brazil,Mato Grosso,Deforestation_Hotspot,-52.74040474,-9.432085904,2019,88.608139,192,221,478,210,863,2726,3307,3321,3634,3404,1397,529,69,2709,4,22,49,23,0.881053507,2.659428962,-0.748354852
Brazil,Mato Grosso,Deforestation_Hotspot,-57.46042274,-7.523974409,2019,183.135269,246,247,480,242,788,2694,3464,3452,3789,3567,1539,586,82,3164,4,25,50,27,0.868976712,2.628992629,-0.755849421
Brazil,Mato Grosso,Deforestation_Hotspot,-51.95734331,-10.25045113,2019,70.080963,167,207,419,231.5,724.5,2168.5,2667,2870,2966,3090.5,1374.5,566,63,2423.5,4,23.5,43,24.5,0.850717366,2.436288089,-0.745211303
Brazil,Mato Grosso,Deforestation_Hotspot,-54.01529379,-11.41430841,2019,57.1727562,186,233,435,218,701,2206,2881,3267,3107,3318,1473,596,63,2505,4,23,44,26,0.874892414,2.694891285,-0.764991879
Brazil,Mato Grosso,Deforestation_Hotspot,-55.9060678,-8.020383435,2019,303.214722,268,277,552,316,892,2731,3497,3804,3744,3405,1773,763,69,3038,4,31,56,28,0.846601963,2.40651304,-0.746556461
Brazil,Mato Grosso,Deforestation_Hotspot,-55.68184831,-6.271722903,2019,321.711731,233,255.5,391.5,214,695,2208.5,2786.5,2724,3098.5,3197.5,1518.5,637.5,70.5,3273,4,22.5,40.5,26.5,0.854322672,2.998447019,-0.748676002
Brazil,Mato Grosso,Deforestation_Hotspot,-56.87346353,-7.148837947,2019,133.528076,222,222.5,419,210.5,691,2427,3119,3235,3484,3048,1587.5,645.5,67,3127,4,22,42.5,22,0.877811611,2.671583782,-0.770662308
Brazil,Mato Grosso,Deforestation_Hotspot,-52.21938188,-9.354471464,2019,198.387787,180.5,196,350.5,175.5,664,2217.5,2823,2844,3149,3249.5,1391,557.5,69,2697,4,18.5,36,21,0.883755565,2.747631796,-0.780560315
Brazil,Mato Grosso,Deforestation_Hotspot,-50.81540492,-6.904945347,2019,139.252472,205,240,410,234,746,2255,2793,3256,3150,3233,1461,626,67,2555,4,24,42,25,0.865902603,2.640685075,-0.776322961
Brazil,Mato Grosso,Deforestation_Hotspot,-52.91368976,-9.779284762,2019,95.122452,175,198,367,211,649,2183,2832,2995,3184,3394,1395,559,62,2387,4,22,38,20,0.868371785,2.506301764,-0.781677544
Brazil,Mato Grosso,Deforestation_Hotspot,-56.50964584,-6.337299919,2019,234.293884,184,190,371,189,663,2320,3014,3046,3353,3024,1434,572,92,3049,4,19,38,18,0.883153021,2.591618287,-0.782850444
Brazil,Mato Grosso,Deforestation_Hotspot,-51.90694782,-9.109051728,2019,96.7516861,189.5,206.3333333,412,229,744,2007,2460,2444,2757,2661,1434.5,625.25,69,2532.5,4,24,43,22,0.828656912,2.437816421,-0.711484611
Brazil,Mato Grosso,Deforestation_Hotspot,-54.80042135,-6.55190744,2019,231.163071,135,193,406,165,656,2374,3064,3409,3424,3283,1502,597,58,3411,4,17,43,19,0.907666504,2.746824725,-0.787155986
Brazil,Mato Grosso,Deforestation_Hotspot,-52.86742652,-11.81190276,2019,126.554184,180,213,429,231,752,2243,2811,2843,3096,3106,1409,589,63,2263,4,24,44,22,0.849707246,2.480531814,-0.737775087
Brazil,Mato Grosso,Deforestation_Hotspot,-57.16020577,-7.057479282,2019,102.8444595,149,173,355.5,166.5,702,2426.5,2989.5,2934,3397,3193,1460.5,569.5,105,3036,4,17,36.5,18,0.892597973,2.624217713,-0.783857703
Brazil,Mato Grosso,Deforestation_Hotspot,-56.89008236,-7.162043181,2019,334.070007,216.5,225.5,395.5,198,700,2205,2759,3013.5,3043.5,3085,1406,567.5,67,2898,4,21.5,41.5,23,0.87669313,2.802887008,-0.767967165
Brazil,Mato Grosso,Deforestation_Hotspot,-51.84765901,-8.703731872,2019,21.32126999,230,278,526,496,960,1867,2187,2504,2555,2634,1959,1091,69,2647,4,51,54,28,0.669333339,1.478209658,-0.652805269
Brazil,Mato Grosso,Deforestation_Hotspot,-57.02626696,-8.283589814,2019,59.80064011,190,199,355,184,674,2392,3017,2864,3324,3217,1464,590,63,2761,4,19,37,21,0.87926507,2.705431052,-0.779434621
Brazil,Mato Grosso,Deforestation_Hotspot,-50.29896346,-11.66853164,2019,0.716760993,317,339,460.5,530.5,805,1148,1230.5,1149,1362,1266,1771.5,1234.5,87.5,2259,5,54.5,47.5,36.5,0.368264377,0.863585591,-0.427772611
Brazil,Mato Grosso,Deforestation_Hotspot,-50.70760708,-6.852304071,2019,0.00624,334,407,614,651,1151,2050,2339,2474,2763,2780,2789,1593,68,2530,4,66,62,42,0.583360016,1.369235391,-0.602331579
Brazil,Mato Grosso,Deforestation_Hotspot,-52.13179614,-9.953108769,2019,91.65394592,150.5,204,466,211,771,2363.5,2875.5,3088.5,3180.5,3197,1354,547.5,63,2520,4,22,48,21,0.872101843,2.546009556,-0.737797141
Brazil,Mato Grosso,Deforestation_Hotspot,-54.78470083,-11.81396888,2019,175.415237,187,238,389.5,241.5,675,2024,2463.5,2555,2722.5,2735.5,1087.5,429,66,2093.5,4,25,40,25,0.827284098,2.605292793,-0.735438943
Brazil,Mato Grosso,Deforestation_Hotspot,-51.22602484,-6.983008945,2019,40.47410583,151,198,392,198,730,2450,3110,3351,3438,3224,1706,740,64,2631,4,21,40,20,0.888419271,2.580196399,-0.790542364
Brazil,Mato Grosso,Deforestation_Hotspot,-54.09192009,-7.652972484,2019,226.4617004,196,316.5,451.5,446,766,1661,2146,2013,2447,2626.5,1806.5,897,68.5,2722.5,4,45.5,46,33,0.6372509,1.691311387,-0.633597076
Brazil,Mato Grosso,Deforestation_Hotspot,-53.97873236,-9.051918876,2019,124.280937,160,209,359,206,667,2156,2779,2774,3130,3084,1497,625,57,2490,4,21,37,22,0.86174494,2.62737876,-0.770826697
Brazil,Mato Grosso,Deforestation_Hotspot,-54.16665992,-6.681264841,2019,84.4233551,162,189,365,177,603,2151,2786,2726,3039,2932,1468,607,58,3083,4,19,37,19,0.878057182,2.687117858,-0.763830483
Brazil,Mato Grosso,Deforestation_Hotspot,-50.16448566,-11.77767694,2019,2.026834011,189.5,183.5,423.5,241,816.5,2229,2656.5,2848,2966,2674,1482.5,674.5,76,2509,4,24.5,43.5,18,0.843962431,2.232976445,-0.741097331
Brazil,Mato Grosso,Deforestation_Hotspot,-53.96786275,-6.676773265,2019,174.152603,108,181,368,185,592,2128,2843,3101,3144,3118,1428,564,58,3112,4,19,38,19,0.887401104,2.553862323,-0.787835121
Brazil,Mato Grosso,Deforestation_Hotspot,-53.47864024,-9.289163943,2019,118.013817,153,205,397,174,729,2625,3371,3509,3651,3414,1496,597,63,2727,4,18,41,21,0.905511796,2.76396486,-0.796723008
Brazil,Mato Grosso,Deforestation_Hotspot,-54.18247027,-9.874236687,2019,133.791412,163,225.5,394,235.5,613.5,2004.5,2467.5,3019.5,2839,2901.5,1282,496.5,62,2280,4,23,41,23.5,0.855299532,2.538061811,-0.769151926
Brazil,Mato Grosso,Deforestation_Hotspot,-51.17769547,-9.985807446,2019,0.655646026,293.5,306.5,570,500.5,974.5,1731.5,2040,2675,2280,2826.5,1886,1046.5,64,1984,4,51.5,58,32,0.684774041,1.608239036,-0.648690283
Brazil,Mato Grosso,Deforestation_Hotspot,-56.20736275,-10.72485143,2019,27.64748383,198,256,485,246,834,2587,3133,3420,3373,3290,1314,510,80,2338,4,25,50,27,0.865793765,2.665435002,-0.751600504
Brazil,Mato Grosso,Deforestation_Hotspot,-54.39806593,-10.46362135,2019,0.919861972,636,1046,1560,2438,2912,3141,3487,3627,3945,3793,4900,3257,68,1986,5,248,159,107,0.196042866,0.28551532,-0.39849624
Brazil,Mato Grosso,Deforestation_Hotspot,-52.87919445,-11.23464535,2019,17.65797806,154,209.5,363,229,671,2159,2641,2702,2967,2951,1399,563,63,2378,4,23.5,37,21.5,0.843739331,2.467325152,-0.763132155
Brazil,Mato Grosso,Deforestation_Hotspot,-52.68686515,-11.93344481,2019,141.717621,126,180,376.5,200.5,715.5,2267,2877.5,2945,3217,3132,1399,561,63,2364,4,20.5,39,18,0.872516274,2.451321901,-0.773295224
Brazil,Mato Grosso,Deforestation_Hotspot,-55.26988092,-7.973760872,2019,19.450979,128,175,373,198,679,2197,2841,2965,3207,3000,1548,638,69,3064,4,21,37,19,0.874802411,2.434453634,-0.776512861
Brazil,Mato Grosso,Deforestation_Hotspot,-54.06703675,-7.096196671,2019,113.6077042,110,146,320.5,134.5,578,2098.5,2802,2862,3066,2979.5,1399.5,553,58,3287.5,4,15,34,15,0.91022861,2.648058252,-0.798586011
Brazil,Mato Grosso,Deforestation_Hotspot,-57.31759061,-6.936655877,2019,165.710022,231,256,501.5,233.5,854.5,2608.5,3310,3539,3665.5,3389.5,1668.5,667.5,118,3188,4,24,51.5,25.5,0.876209438,2.735435286,-0.751763403
Brazil,Mato Grosso,Deforestation_Hotspot,-55.26511985,-9.808929166,2019,12.15775681,302,343,620,639,1438,2326,2787,2702,3140,3385,3001,1834,64,2334,4,63,62,38,0.617479801,1.300920671,-0.626730859
Brazil,Mato Grosso,Deforestation_Hotspot,-55.68256696,-9.879177421,2019,24.58561516,263,176,254,154,554,1815,2318,1418,2560,1578,997,385,64,2929,4,16,26,19,0.804071248,3.088954057,-0.696172237
Brazil,Mato Grosso,Deforestation_Hotspot,-50.66107435,-6.542564962,2019,18.17089462,171,241,446,240,726,2725,3372,3452,3651,3509,1815,771,69,2867,4,25,46,25,0.869989157,2.602495544,-0.771164715
Brazil,Mato Grosso,Deforestation_Hotspot,-57.79666215,-10.79033861,2019,136.5645599,197,212,416,211,736,2406,2992,2974,3301,3066,1464,611,63,2758,4,22,43,22,0.867503941,2.605620521,-0.754572272
Brazil,Mato Grosso,Deforestation_Hotspot,-54.86968146,-11.02354126,2019,102.660721,231,232.5,376,216.5,655,2323.5,2905.5,2863,3180,3189.5,1392.5,563.5,71,2210.5,4,21,38.5,24,0.859392762,2.734835176,-0.767829597
Brazil,Mato Grosso,Deforestation_Hotspot,-52.57152147,-9.959396976,2019,13.85259342,189,205.5,464,219,875,2518,2992.5,2856,3252.5,3220,1283,493,63,2553.5,4,22.5,48,22,0.857560992,2.50689229,-0.720481932
Brazil,Mato Grosso,Deforestation_Hotspot,-54.19783146,-11.78576178,2019,111.1821747,200,202.6666667,436.6666667,210.3333333,800,2558.5,3148,3284,3462,3509,1534,611,63,2443,4,22,45,21,0.879614592,2.538542011,-0.765275061
Brazil,Mato Grosso,Deforestation_Hotspot,-57.83088796,-9.099888912,2019,177.608353,225,208,345,199,626.5,2070.5,2770,2788.5,3133,3262.5,1360.5,548,75,2618,4,21,35.5,21,0.866778255,2.671239942,-0.779798925
Brazil,Mato Grosso,Deforestation_Hotspot,-54.05365185,-6.680995347,2019,162.205521,123,164,321,145,652,2347,3124,3295,3489,3344,1415,562,58,3349,4,15,33,17,0.915697694,2.682220708,-0.822455764
Brazil,Mato Grosso,Deforestation_Hotspot,-57.91622791,-6.837302206,2019,73.767509,204,258,502,262,903,2529,3046,3176,3471,3362,1553,595,149,3249,4,27,52,27,0.847585797,2.588841507,-0.727025568
Brazil,Mato Grosso,Deforestation_Hotspot,-57.92736702,-8.129798237,2019,96.097488,221,241,459,277,823,2245,2926,2946,3208,3249,1777,776,117,3006,4,29,47,26,0.828110456,2.381759772,-0.73039645
Brazil,Mato Grosso,Deforestation_Hotspot,-57.53956431,-11.60672754,2019,160.196106,179,159.5,310,158,630.5,2197,2798,2599,3086,3390,1271,520,66,2646,4,16.5,31.5,18,0.885382652,2.594876156,-0.786868334
Brazil,Mato Grosso,Deforestation_Hotspot,-52.47297628,-9.920410093,2019,71.39863586,184.5,194.5,411.5,200.5,786.5,2374,2888.5,2761,3229.5,3279.5,1461.5,600.5,72,2533.5,4,21.5,42,20.5,0.864595652,2.554114713,-0.740583122
Brazil,Mato Grosso,Deforestation_Hotspot,-57.63101281,-7.127008885,2019,94.296822,284,266.5,474.5,259.5,765.5,2313.5,2788.5,2745.5,3111.5,3329,1406,544,114.5,2974.5,4,27,49,29.5,0.827287853,2.696604838,-0.705279529
Brazil,Mato Grosso,Deforestation_Hotspot,-50.27821238,-6.890033313,2019,0.276492,229,296,575,401,1084,2347,2695,2878,3075,3013,2202,1128,69,2837,4,42,60,30,0.755413234,2.020391517,-0.666956246
Brazil,Mato Grosso,Deforestation_Hotspot,-51.4250915,-10.69008663,2020,44.785923,250,259,474,319,872,2107,2486,2836,2819,2853,1871,965,58,2291,4,33,50,27,0.797781289,2.24051985,-0.713595152
Brazil,Mato Grosso,Deforestation_Hotspot,-50.58453789,-9.697987229,2020,96.36043549,161.5,174,322.5,182.5,697.5,2150,2815,2446,3116.5,2917.5,1474,606.5,61.5,2376.5,4,19,34,18,0.861137509,2.529615557,-0.767021835
Brazil,Mato Grosso,Deforestation_Hotspot,-55.10117731,-11.41296094,2020,169.362503,144,183,368,212,618,2062,2633,2688,2898,2746,1314,527,57,2292,4,22,38,19,0.853793085,2.39134634,-0.759162307
Brazil,Mato Grosso,Deforestation_Hotspot,-52.27040618,-8.324014001,2020,124.709831,142.5,215,427,211.5,691,2783,3523,3628,3864.5,3814.5,1582,651,62,2682,4,22,44,22,0.889829397,2.599680414,-0.789395809
Brazil,Mato Grosso,Deforestation_Hotspot,-55.10926215,-10.19340811,2020,7.503395081,383,624,904,1394,1696,2044,2316,2453,2692,2975,3736,2473,63,2216,5,142,92,64,0.275279433,0.431329423,-0.461423904
Brazil,Mato Grosso,Deforestation_Hotspot,-52.03729337,-11.52309439,2020,1.061925054,573,901,1318,2024,2376,2552,2797,2966,3241,3276,4758,3327,63,2101,5,206,134,93,0.188777551,0.281917759,-0.384687215
Brazil,Mato Grosso,Deforestation_Hotspot,-50.70446298,-10.46029758,2020,0.655569971,300.5,410.5,669.5,806.5,1310.5,2008.5,2364.5,2458,2686,2574,2969,1725,69,2317,4,83,68.5,43,0.505896747,0.97855069,-0.571862519
Brazil,Mato Grosso,Deforestation_Hotspot,-52.23734818,-10.37334066,2020,66.010513,111.5,177.5,369,188,648,1883,2324,2503,2639,2598,1340,559.5,63,2434.5,4,20,38,18.5,0.860274971,2.515484081,-0.743036211
Brazil,Mato Grosso,Deforestation_Hotspot,-57.35639783,-10.85986822,2020,96.630028,164,186.5,352.5,200,642.5,2039.5,2587,2623,2960,2894.5,1453,614,62,2622.5,4,21,37,19,0.858306766,2.497680651,-0.76306504
Brazil,Mato Grosso,Deforestation_Hotspot,-54.46894301,-6.103917608,2020,261.301544,218.5,266.5,533,276.5,908,2842,3457,3511,3784,3688,1627,701,69,3016.5,4,30,55,28,0.853993416,2.549058239,-0.736399591
Brazil,Mato Grosso,Deforestation_Hotspot,-54.66783001,-7.617848357,2020,96.496872,152,222,421,208,752,2459,3189,3238,3480,3340,1568,646,64,2971,4,22,43,23,0.879280329,2.684266478,-0.7698825
Brazil,Mato Grosso,Deforestation_Hotspot,-51.37631298,-10.65442351,2020,8.48782444,258,301,528,379,901,2052,2406,2596,2762,2663,1901,913,58,2163,4,39,54,30,0.745210111,2.120719342,-0.661971807
Brazil,Mato Grosso,Deforestation_Hotspot,-52.00962526,-8.963524652,2020,2.351366043,116,163.5,375,176.5,679.5,2386,3018.5,3124.5,3312.5,3212,1483,590.5,63,2810.5,4,19,39,17.5,0.893062711,2.491337784,-0.785683692
Brazil,Mato Grosso,Deforestation_Hotspot,-51.77750059,-6.3532001,2020,264.5412598,205,281,491,276,743,2421,3200,3173,3513,3801,1531,669,63,2917,4,28,51,29,0.839953601,2.660238751,-0.73198688
Brazil,Mato Grosso,Deforestation_Hotspot,-53.20303711,-7.822664241,2020,113.875938,147.5,228,478.5,242.5,779,2530,3125.5,3358,3502,3400.5,1675,713.5,63,3085,4,25.5,49,23,0.865296483,2.509262242,-0.750553906
Brazil,Mato Grosso,Deforestation_Hotspot,-50.06189806,-11.15137153,2020,13.22231293,140,195.5,415.5,231.5,747,2053.5,2437,2666,2669.5,2580,1470.5,687.5,64.5,2391.5,4,24,42.5,22,0.8402071,2.350130321,-0.730326116
Brazil,Mato Grosso,Deforestation_Hotspot,-51.95024662,-6.508159486,2020,7.36108923,380,528,854,1010.5,1553.5,2589,3033.5,3253.5,3515,3600.5,3425.5,2042.5,69,2809.5,4,102.5,87.5,54,0.526031911,1.046663556,-0.584175289
Brazil,Mato Grosso,Deforestation_Hotspot,-53.37371702,-10.85986822,2020,87.66563416,114.2,148.4,325.3333333,154.25,637.5,2089.5,2690,2761.5,3023.5,3112.25,1281.5,500.5,57,2357,4,16,34,15,0.894195318,2.53131068,-0.789212227
Brazil,Mato Grosso,Deforestation_Hotspot,-53.13341768,-9.779823751,2020,48.28727341,120,179,418,211,677,2067,2597,2854,2915,2942,1427,576,57,2401,4,22,43,19,0.862316489,2.378081699,-0.744498789
Brazil,Mato Grosso,Deforestation_Hotspot,-50.63520287,-11.38035209,2020,4.50605917,244.5,278,481.5,366.5,849.5,1931,2238.5,2159,2491,2333,1879,1003,73,2141,4,38.5,49,30,0.709760427,1.970646438,-0.635296345
Brazil,Mato Grosso,Deforestation_Hotspot,-56.89574175,-10.71631743,2020,2.33571291,190.5,258,523.5,297,940,2123,2459.5,2485,2735.5,2714,1555.5,685,63,2728.5,4,30.5,53.5,27,0.78648454,2.34462066,-0.651986063
Brazil,Mato Grosso,Deforestation_Hotspot,-52.80427496,-10.94817261,2020,5.078888893,126.5,182.5,402,218.5,723,1868.5,2237,2281.5,2443,2529,1223,530.5,63,2449.5,4,23,41,20,0.825200021,2.318238004,-0.700391293
Brazil,Mato Grosso,Deforestation_Hotspot,-50.16035341,-10.75898741,2020,0.764756024,278,344,595,659.5,1169.5,1784,2001,2146,2364.5,2409,2286.5,1274,79,2190,4,66.5,61,36.5,0.529852092,1.054554484,-0.565851867
Brazil,Mato Grosso,Deforestation_Hotspot,-50.10411888,-10.94323188,2020,15.97745228,340,405.5,611,574,885.5,1573,1788.5,1928,2031,1917.5,2113.5,1377.5,70,2338,4,58.5,62,42.5,0.54116708,1.451699367,-0.518708169
Brazil,Mato Grosso,Deforestation_Hotspot,-54.30823441,-6.409434636,2020,174.537842,150,154.5,304,160,511.5,1993.5,2643,2633,2826,3060.5,1295,545.5,63,2848.5,4,16.5,31.5,16,0.885427833,2.538753721,-0.792986035
Brazil,Mato Grosso,Deforestation_Hotspot,-53.21246942,-7.828952448,2020,179.081757,168,161.5,339,160.5,632,2357.5,2996.5,2902,3287,3475.5,1517,633.5,63,2902,4,17,35,16,0.895183682,2.581693191,-0.79080528
Brazil,Mato Grosso,Deforestation_Hotspot,-52.10817044,-8.871806662,2020,74.950111,155.5,179.5,376.5,183.5,652,1892.5,2338,2630.5,2666.5,2762.5,1239,506.5,64,2715,4,19,38.5,19,0.869580686,2.563645888,-0.749584317
Brazil,Mato Grosso,Deforestation_Hotspot,-55.73952015,-10.71038855,2020,10.98689842,456.5,452.5,726,805.5,1178,1969,2274.5,2635,2704,3092,3083.5,1667.5,72,2017.5,4,82.5,74.5,48,0.531754076,1.122323784,-0.567985713
Brazil,Mato Grosso,Deforestation_Hotspot,-55.46391702,-7.354462315,2020,3.747869968,367,461.5,682,831.5,1137.5,1947.5,2227,2295,2631,2695,2561,1664.5,72,2800.5,4,86,70.5,47.5,0.468095303,0.956848643,-0.541820645
Brazil,Mato Grosso,Deforestation_Hotspot,-51.51977393,-10.23473061,2020,0.013138,218,294,517,462,900,1978,2350,2416,2669,2666,2003,1033,63,2284,4,48,53,31,0.678943694,1.637064343,-0.647459924
Brazil,Mato Grosso,Deforestation_Hotspot,-50.59801262,-10.70769361,2020,137.139297,252.5,309,558.5,385.5,934.5,2337.5,2664.5,2801,2894.5,2761.5,1750,893.5,70,2368.5,4,39,56.5,31.5,0.758041739,2.158623771,-0.667510033
Brazil,Mato Grosso,Deforestation_Hotspot,-52.26977736,-11.83409114,2020,1.11609304,267,374,672,1214,1448,1772,1966,2132,2239,2293,3529,2570,63,2057,5,122,69,40,0.274357438,0.347096189,-0.520684719
Brazil,Mato Grosso,Deforestation_Hotspot,-53.31505703,-11.39598278,2020,100.140869,152,157,298,165,617,2111,2729,2799,3148,3212,1369,549,63,2361,4,18,31,16,0.888663948,2.520574163,-0.807555676
Brazil,Mato Grosso,Deforestation_Hotspot,-50.62289595,-9.990838011,2020,0.005459,195.5,193,474.5,213.5,886.5,2767.5,3406,4023,3744.5,3282.5,1673.5,677,76,2363.5,4,22,49,21,0.899209261,2.468891769,-0.788993895
Brazil,Mato Grosso,Deforestation_Hotspot,-52.44926076,-8.599078141,2020,153.1871796,140,189.5,379.5,192,663.5,2399.5,3070,3334,3409.5,3229,1547.5,635.5,64,2862,4,20,38.5,20,0.891094744,2.562178912,-0.795610607
Brazil,Mato Grosso,Deforestation_Hotspot,-53.61805877,-7.763644927,2020,76.438728,175.1333333,171,318.25,159.85,630.375,2060.666667,2625.25,2482,2876,2785.958333,1403,593.3333333,62,2462.5,4,16.5,33,18,0.878986299,2.688171421,-0.772698879
Brazil,Mato Grosso,Deforestation_Hotspot,-53.2349273,-7.943397816,2020,147.192505,151,302,601,316,753,2274,2910,3774,3222,3412,1503,645,63,3102,4,33,62,30,0.845476747,2.538167939,-0.725257158
Brazil,Mato Grosso,Deforestation_Hotspot,-50.48760967,-10.16627899,2020,22.72107124,202.5,172.5,348.5,181.5,742,2187.5,2797,2420.5,3072,2895,1391,567.5,67,2533.5,4,19,35.5,18,0.860491931,2.525093042,-0.748284578
Brazil,Mato Grosso,Deforestation_Hotspot,-51.67248753,-10.2535054,2020,0.313612014,307,502,759,1082,1437,1966,2290,2420,2693,2836,3178,1886,63,2186,4,110,78,52,0.382067382,0.6497669,-0.522491336
Brazil,Mato Grosso,Deforestation_Hotspot,-56.36268146,-11.76069878,2020,130.847672,210.5,206,379,225,666.5,2189,2726.5,2730.5,3014,3163,1498.5,595.5,63,2214.5,4,23,40,20.5,0.847741485,2.469446087,-0.756230891
Brazil,Mato Grosso,Deforestation_Hotspot,-56.21841203,-7.694744145,2020,122.907021,112,155,293,154,504,1827,2322,2370,2642,2890,1230,482,58,3012,4,17,30,17,0.87797147,2.597889801,-0.7799474
Brazil,Mato Grosso,Deforestation_Hotspot,-52.19081545,-7.690611895,2020,166.125977,116,198.5,376.5,209,707,2635.5,3307.5,3424.5,3681.5,3524.5,1672,696.5,63,2739.5,4,22.5,39,21,0.8849594,2.519391992,-0.801894248
Brazil,Mato Grosso,Deforestation_Hotspot,-51.56307273,-10.44655335,2020,14.03981018,340,501,744,976,1474,2131,2431,2488,2740,2650,3064,1899,64,2251,5,100,76,51,0.436489612,0.823978202,-0.539603949
Brazil,Mato Grosso,Deforestation_Hotspot,-57.96222166,-11.33777195,2020,140.6810303,149,189,363,194,652,2172,2825,2790,3208,3055,1441,581,69,2466,4,20,38,21,0.869973183,2.557635468,-0.769743085
Brazil,Mato Grosso,Deforestation_Hotspot,-54.82997592,-7.332184096,2020,119.487427,212,203,397,209,667,1998,2530,2597,2799,2976,1325,561,64,2929,4,22,39,22,0.851033509,2.562781713,-0.734802961
Brazil,Mato Grosso,Deforestation_Hotspot,-50.71982417,-9.271556963,2020,3.931015015,353,400.5,715.5,610,1204.5,2724.5,3314.5,3183,3717,3498,2397,1180.5,75,2312,4,62.5,73.5,41,0.678354859,1.675021157,-0.632935762
Brazil,Mato Grosso,Deforestation_Hotspot,-50.3369622,-9.584440177,2020,1.500722051,558,604,978,1573,1812.5,1889,1977,1857,1908.5,2120,3426,2616.5,76,2258,5,160,100.5,61,0.082798831,0.104936447,-0.310052902
Brazil,Mato Grosso,Deforestation_Hotspot,-55.12983357,-8.173276697,2020,0.616677999,238.5,327,654.6666667,587.75,1139,2422,2793.416667,3022.375,3214,3299,2270,1261.4,64,2740,4,58.5,65,35,0.674387991,1.485478508,-0.643916667
Brazil,Mato Grosso,Deforestation_Hotspot,-52.52669553,-8.927681872,2020,68.64834595,126.5,153,340,147.5,638.5,2381.5,3078,2988,3327.5,3401,1489,586.5,63,2700.5,4,15.5,35.5,16,0.905916095,2.604529617,-0.795673072
Brazil,Mato Grosso,Deforestation_Hotspot,-53.05858801,-10.57438362,2020,74.922607,175,184,398,213,693,2263,2897,3043,3205,3124,1522,622,63,2452,4,22,41,19,0.869164646,2.404826649,-0.76867187
Brazil,Mato Grosso,Deforestation_Hotspot,-56.38981058,-11.7385104,2020,237.888657,174,219,404,223,657,1770,2158,2458,2461,2546,1393,614,63,2197,4,23,42,24,0.833644152,2.593409144,-0.717679918
Brazil,Mato Grosso,Deforestation_Hotspot,-51.39158434,-9.171035483,2020,2.145004988,447,628.5,947,1317,1844,2486.5,2817,3035,3288,3190.5,3811.5,2392,63,2327.5,4,134.5,96.5,64.5,0.394761026,0.690042977,-0.524359643
Brazil,Mato Grosso,Deforestation_Hotspot,-51.8499048,-10.32240618,2020,96.844223,84,140.5,290,182.5,596.5,1838.5,2346.5,2272,2629.5,2809.5,1334.5,564,63,2496,4,19,30,15,0.851293564,2.257210759,-0.773614347
Brazil,Mato Grosso,Deforestation_Hotspot,-51.09289451,-6.722138187,2020,0.044110999,315.5,456,762.5,924.5,1436.5,2222,2599,2645,2951.5,3200.5,2904.5,1651,63,2690,4,94.5,78,45.5,0.482000291,0.901162791,-0.552457809
Brazil,Mato Grosso,Deforestation_Hotspot,-52.95303597,-9.132497757,2020,63.74064255,105,122,251,132,590,2154,2678,2463,3045,3223,1380,544,57,2758,4,14,26,13,0.898265898,2.489320803,-0.815033138
Brazil,Mato Grosso,Deforestation_Hotspot,-52.38377357,-11.59864271,2020,209.449799,144,201,405,231,713,2143,2717,2956,3089,2886,1412,594,63,2333,4,24,42,22,0.85503608,2.402574502,-0.759000301
Brazil,Mato Grosso,Deforestation_Hotspot,-56.46455041,-10.27371749,2020,97.871429,654,704.5,996,1376,1878.5,2185.5,2540.5,2689,3000,3012.5,4655.5,3080,66,2226.5,5,140.5,101.5,72,0.323001236,0.579716544,-0.459430128
Brazil,Mato Grosso,Deforestation_Hotspot,-50.84145606,-9.539883739,2020,35.75547791,255.5,263.5,554,321.5,931,2526.5,3112.5,3451.5,3441,3299.5,1931,863.5,75,2509,4,34.5,56.5,28.5,0.829578578,2.297922326,-0.723380327
Brazil,Mato Grosso,Deforestation_Hotspot,-51.42670847,-11.80103314,2020,1.950430036,202.5,302.5,563,557.5,998,1865.5,2126,2256,2440.5,2313,2077,1083,63,2077.5,4,57.5,57.5,31.5,0.603696465,1.273906848,-0.600567579
Brazil,Mato Grosso,Deforestation_Hotspot,-53.16728416,-11.58930023,2020,63.44178772,157,211,403,242,670,2181,2845,2963,3235,3155,1472,579,63,2354,4,24,41,21,0.84898597,2.400741133,-0.760546625
Brazil,Mato Grosso,Deforestation_Hotspot,-54.60018687,-6.203900099,2020,246.525299,203.5,210.5,350,218.5,701,2118,2758.5,2593,3037.5,2943.5,1308.5,548.5,69,2937,4,23,35.5,22,0.844566941,2.551853842,-0.762147486
Brazil,Mato Grosso,Deforestation_Hotspot,-50.49479619,-6.166170857,2020,339.122498,191.5,174.5,345.5,163.5,713,2381,3066,2667,3373,3304,1382,578.5,66,2420.5,4,17,35.5,18.5,0.884472728,2.674393761,-0.770622432
Brazil,Mato Grosso,Deforestation_Hotspot,-53.44585173,-9.554975435,2020,108.621666,132.5,188.5,361.5,179.5,643.5,2134,2789.5,2865,3100.5,3181,1427,574,60,2631.5,4,19,37,19.5,0.882082462,2.654443017,-0.775918186
Brazil,Mato Grosso,Deforestation_Hotspot,-52.74435733,-11.95698067,2020,54.922798,125,192.5,406,220.5,642.5,2122.5,2680.5,3138,2973.5,2977,1385.5,568.5,63,2234,4,22.5,41.5,21,0.868691385,2.416549325,-0.770880342
Brazil,Mato Grosso,Deforestation_Hotspot,-50.92859264,-9.357256241,2020,62.27628708,204,252,433.5,300,858.5,2165.5,2605.5,2670.5,2971,2801.5,1778,838.5,65.5,2480,4,31,45,25,0.798013806,2.295661437,-0.720682979
Brazil,Mato Grosso,Deforestation_Hotspot,-52.26968753,-8.264994687,2020,348.719757,146,204,423,184.5,722.5,2605.5,3265,3120,3373.5,3348,1470.5,607,62,2755.5,4,19.5,43.5,21,0.888334095,2.720070423,-0.761219323
Brazil,Mato Grosso,Deforestation_Hotspot,-52.4354267,-9.072310633,2020,82.38702393,125,192,384,207,699.5,2182.5,2694,2953.5,2949.5,2914,1397,575,63,2641,4,21.5,39.5,19,0.869008064,2.490930528,-0.769887626
Brazil,Mato Grosso,Deforestation_Hotspot,-53.71992773,-8.457593484,2020,42.21851349,167,201.5,382.5,210,729.6666667,2229,2681,2588,3097,3258.5,1421.333333,588.4,57,2645.5,4,22,39,21,0.849892795,2.543043525,-0.742467582
Brazil,Mato Grosso,Deforestation_Hotspot,-50.24138145,-8.492807443,2020,0.055776998,203,243,465,336,1004,2050,2427,2536,2752,3001,1985,951,64,2299,4,35,48,26,0.766016722,2.014283098,-0.690103292
Brazil,Mato Grosso,Deforestation_Hotspot,-53.22567466,-8.305418875,2020,145.054733,133,218,476,230,766,2435,3074,3486,3394,3184,1662,711,57,2923,4,24,48,22,0.876210988,2.518564356,-0.759717286
Brazil,Mato Grosso,Deforestation_Hotspot,-53.17096726,-11.07528422,2020,116.990303,170,203,433,228,801,2366,2976,2962,3275,3186,1387,569,63,2267,4,25,45,21,0.85705328,2.433683461,-0.744919002
Brazil,Mato Grosso,Deforestation_Hotspot,-51.77714126,-10.92787068,2020,0.901098013,259.3333333,425.5,660,685.3333333,1167,1907.6,2220.2,2418.4,2566.5,2425,2693,1645.25,64,2332.25,4,71,67.5,44,0.558381319,1.297147334,-0.571205795
Brazil,Mato Grosso,Deforestation_Hotspot,-50.9159264,-10.41493266,2020,1.061925054,344,390,702,690,1366,2299,2647,2942,3079,2970,2975,1715,64,2270,4,70,71,40,0.620044053,1.354016354,-0.614709139
Brazil,Mato Grosso,Deforestation_Hotspot,-53.54673254,-8.783771764,2020,47.645618,201,248.5,520.5,259.5,855.5,2439.5,3010.5,3407,3238,3156,1621,694.5,57,2813.5,4,27,53.5,25,0.858448088,2.537283353,-0.734945893
Brazil,Mato Grosso,Deforestation_Hotspot,-52.09271942,-9.623696555,2020,6.227716923,314,546.5,919.5,1202,1865,2585.5,2980,3208.5,3584.5,3564,3348,1929,63,2510,4,123,94,57,0.454937071,0.793365229,-0.554505825
Brazil,Mato Grosso,Deforestation_Hotspot,-51.17446154,-8.836323208,2020,1.529423952,168,214,428,230,855,2723,3413,3568,3722,3636,1872,820,63,2458,4,24,44,22,0.8788836,2.495514354,-0.785785794
Brazil,Mato Grosso,Deforestation_Hotspot,-54.52409957,-6.816281629,2020,298.314636,145,163,291,158.5,585,2110,2678.5,2438,3016,3063,1388,566.5,60.5,2783.5,4,16,30,17.5,0.877912581,2.629181084,-0.786735058
Brazil,Mato Grosso,Deforestation_Hotspot,-54.78155673,-12.0205814,2020,135.801392,97.5,181,336.5,188,580.5,1862,2313.5,2478,2611.5,2673,1256,506,57,2152,4,19.5,35,18.5,0.858964741,2.545010002,-0.760881126
Brazil,Mato Grosso,Deforestation_Hotspot,-52.76124566,-11.87164072,2020,109.134209,114,148,337,169,668,2120,2594,2642,2966,2992,1406,576,63,2226,4,18,34,16,0.87975812,2.427365528,-0.77374959
Brazil,Mato Grosso,Deforestation_Hotspot,-50.83561701,-9.373156422,2020,38.589149,348,330.5,592,468.5,1063.5,2245,2630.5,2957,2952.5,2797.5,2047.5,1101,76,2483,4,48.5,61,35.5,0.726463318,1.890813768,-0.666384876
Brazil,Mato Grosso,Deforestation_Hotspot,-52.88494367,-11.1510122,2020,68.175079,115,198,442,232,732,2329,2933,3203,3198,3065,1473,611,63,2234,4,24,45,21,0.86491996,2.387495982,-0.757475972
Brazil,Mato Grosso,Deforestation_Hotspot,-56.21535775,-7.587305637,2020,185.823044,123,162,298,140,498,1880,2491,2780,2809,2936,1268,498,58,3209,4,15,30,19,0.904109597,2.743142145,-0.806367755
Brazil,Mato Grosso,Deforestation_Hotspot,-50.2489273,-11.32995661,2020,9.627090454,222,377,648.5,679.5,1068,2009,2347,2484,2716,2771,2241,1427.5,73,2092,4,68.5,66,37.5,0.570412517,1.207993038,-0.585953712
Brazil,Mato Grosso,Deforestation_Hotspot,-54.78272454,-6.531515684,2020,45.305828,167.5,192.5,378.5,175.5,600,2393.5,3098,3482,3347.5,3458,1505,588,61,3126.5,4,18,38.5,21,0.904032826,2.673215296,-0.803911388
Brazil,Mato Grosso,Deforestation_Hotspot,-56.51198146,-9.241553233,2020,4.699281216,291,409,628,705,1115,1879,2176,2298,2502,2626,3055,1863,64,2553,4,72,64,42,0.530469537,1.150512783,-0.570745051
Brazil,Mato Grosso,Deforestation_Hotspot,-51.60232911,-11.64095336,2020,4.833165169,292,334,539,576,1036,1686,1935,1932,2244,2524,2274,1321,63,1925,4,60,55,34,0.540669858,1.175450763,-0.563739359
Brazil,Mato Grosso,Deforestation_Hotspot,-53.05104217,-11.99641671,2020,130.522614,97,140,317,163,572,2020,2574,2864,2924,3024,1328,524,69,2253,4,17,33,14,0.892302632,2.417651271,-0.800691605
Brazil,Mato Grosso,Deforestation_Hotspot,-50.07779824,-8.962087348,2020,1.271942019,384,481,900,897,1676,2773,3113,3334,3387,3598,2736,1519,64,2355,4,91,92,49,0.575986743,1.192386731,-0.57487011
Brazil,Mato Grosso,Deforestation_Hotspot,-53.43417363,-11.60771569,2020,118.396622,121,165,344,179,681,2294,2922,3132,3228,3252,1364,522,63,2348,4,19,35,17,0.891875565,2.486108773,-0.802071333
Brazil,Mato Grosso,Deforestation_Hotspot,-50.01042459,-11.29043073,2020,3.426426888,194.5,337,569,569.5,1021.5,1752,2061.5,2134,2363,2505.5,2381,1378.5,70,2156,4,57.5,58,35.5,0.578694284,1.293188957,-0.578986287
Brazil,Mato Grosso,Deforestation_Hotspot,-54.13647652,-8.811529706,2020,66.78170013,130,184,364,205,666,1966,2428,2344,2751,2797,1286,534,57,2567,4,21,37,19,0.839152634,2.436218679,-0.731166899
Brazil,Mato Grosso,Deforestation_Hotspot,-54.81075198,-6.933691436,2020,48.82543564,196.5,179.5,322,159,611,2105.5,2721.5,2712.5,3029,3271,1386,556.5,61,2859.5,4,17.5,34,19,0.889256477,2.750134626,-0.787773907
Brazil,Mato Grosso,Deforestation_Hotspot,-56.58061275,-11.39220985,2020,196.7423096,213,239,422,237,695,2372,2976,3124,3293,3266,1522,641,63,2301,4,26,44,25,0.858970523,2.62025776,-0.761985362
Brazil,Mato Grosso,Deforestation_Hotspot,-51.73959168,-10.17193837,2020,58.69711685,96,167,379,182.5,677.5,1885,2260,2545,2564.5,2581,1287.5,530,63,2584,4,19,39,17.5,0.866177797,2.472786268,-0.740766048
Brazil,Mato Grosso,Deforestation_Hotspot,-51.58211701,-10.16043994,2020,1.630395055,461,536,866,1106,1622,2287,2561,2818,2976,3035,3425,2055,63,2219,4,113,88,54,0.436289489,0.7874885,-0.529858828
Brazil,Mato Grosso,Deforestation_Hotspot,-57.51836407,-10.05219295,2020,123.430702,201,218.5,421,213.5,719.5,2585,3492,3767,3867,3813.5,1587.5,668.5,64,2910.5,4,22.5,43.5,22.5,0.892727017,2.605014295,-0.798949361
Brazil,Mato Grosso,Deforestation_Hotspot,-56.32450306,-9.216759731,2020,163.833313,148,207,398,198,635,2415,3031,3340,3239,3052,1346,577,64,2916,4,21,41,22,0.888072371,2.639005543,-0.787051916
Brazil,Mato Grosso,Deforestation_Hotspot,-51.94323976,-9.896065749,2020,1.022176981,824,910,1270,1740,2008.5,2219.5,2471,2388,2775.5,2916,3967.5,2800.5,63,2357,5,176.5,129,93.5,0.156976745,0.26982012,-0.305631489
Brazil,Mato Grosso,Deforestation_Hotspot,-53.20519307,-11.59199517,2020,41.102242,166,175,357,193,691,2217,2860,2953,3178,3242,1439,561,63,2318,4,20,37,18,0.877304494,2.464725844,-0.784290016
Brazil,Mato Grosso,Deforestation_Hotspot,-53.67950354,-7.233908404,2020,43.52863312,113,208.75,435,213,793,2561,3253,3396.8,3600.333333,2982.333333,1524,611,64,3228,4,22,45,22,0.881987929,2.559180753,-0.772952676
Brazil,Mato Grosso,Deforestation_Hotspot,-50.72368693,-8.812517853,2020,2.50543499,335,339,571,507,1076,2113,2484,2520,2851,3143,2183,1095,63,2239,4,51,58,36,0.665014863,1.666114882,-0.630540252
Brazil,Mato Grosso,Deforestation_Hotspot,-55.20744801,-11.80327893,2020,114.793602,139,185,321,186.5,541,1696.5,2240,2472,2496.5,2692.5,1156,470,63,2256,4,19.5,33.5,19.5,0.859695315,2.591857564,-0.770139635
Brazil,Mato Grosso,Deforestation_Hotspot,-53.25316311,-6.740823145,2020,91.57925415,178,199,343,220,637,2034,2683,2654,2980,3202,1544,646,63,2820,4,23,35,21,0.846903265,2.451158107,-0.771104455
Brazil,Mato Grosso,Deforestation_Hotspot,-56.35262033,-6.03645413,2020,433.149536,144.5,166.5,356,188.5,606.5,2050.5,2624,2748,2980.5,2707.5,1327,540.5,64,3402,4,19,36.5,18,0.871615887,2.431828979,-0.770618558
Brazil,Mato Grosso,Deforestation_Hotspot,-51.91548182,-11.46946497,2020,6.082756996,365.9,472.4666667,777.7777778,749,1297.25,2449.25,2809,3020,3083,2910.166667,2661.6,1657,63,2202,4,76,80,48,0.602547109,1.429560619,-0.590403736
Brazil,Mato Grosso,Deforestation_Hotspot,-53.70654283,-9.441338552,2020,171.283279,185.5,200.5,396.5,185.5,732.5,2733,3504.5,3572,3832,3885,1660.5,682,60,2518.5,4,19,41,21,0.901264131,2.660460366,-0.800176382
Brazil,Mato Grosso,Deforestation_Hotspot,-50.68407122,-11.48841942,2020,1.041162014,317.5,322.5,513.5,532.5,868,1387.5,1604,1723.5,1877,1978.5,2262,1386.5,73,2033,4,54.5,52.5,35,0.527925551,1.190642807,-0.540902972
Brazil,Mato Grosso,Deforestation_Hotspot,-50.9640761,-8.652617732,2020,13.85944462,219,257,424,261,749,2209,2833,3006,3184,3302,1682,752,58,2340,4,27,44,27,0.840220392,2.594027594,-0.752769709
Brazil,Mato Grosso,Deforestation_Hotspot,-50.79213855,-9.188462799,2020,0.746993005,325,413.5,639,843,1240.5,1716,1956.5,2217,2362.5,2588.5,3242.5,1901,75,2251,5,84.5,65.5,44,0.449019611,0.822803761,-0.55252099
Brazil,Mato Grosso,Deforestation_Hotspot,-51.02004114,-9.404597457,2020,1.817379951,450.5,542.5,912,1158,1835.5,2653.5,2970,2981,3422.5,3333.5,3343,1947,57,2171,4,118.5,93,55.5,0.440444559,0.777564513,-0.531466722
Brazil,Mato Grosso,Deforestation_Hotspot,-51.58966286,-9.560095832,2020,90.146851,133,206,424.5,204.5,569,1876,2351.5,2913,2629.5,2731.5,1200,502.5,63,2203.5,4,21.5,43.5,21.5,0.86880511,2.608339753,-0.745617986
Brazil,Mato Grosso,Deforestation_Hotspot,-51.78450745,-10.81153885,2020,3.26513195,383,321,545,531,1081,1858,2163,2284,2507,2335,2451,1463,64,2340,4,54,56,33,0.622735322,1.430553289,-0.614704847
Brazil,Mato Grosso,Deforestation_Hotspot,-51.51088061,-9.007991259,2020,6.486598015,266.5,395.5,712.5,736.5,1423.5,2126.5,2396.5,2568,2721.5,2716.5,2774,1607.5,63,2410.5,4,75.5,73,41,0.55424422,1.138496923,-0.565614998
Brazil,Mato Grosso,Deforestation_Hotspot,-51.72971021,-6.414555034,2020,34.319382,245,261,469,283,874,2596,3156,3248,3554,3363,1805,776,63,3017,4,30,48,27,0.839705467,2.479511624,-0.747645974
Brazil,Mato Grosso,Deforestation_Hotspot,-56.40849554,-10.38268314,2020,231.799637,559,735,1088,1496,1958.5,2295,2621.5,2734,3015,3055.5,4462.5,3014.5,66,2264.5,5,152.5,111,74.5,0.292671382,0.49931435,-0.430664569
Brazil,Mato Grosso,Deforestation_Hotspot,-54.61159548,-7.185129884,2020,432.213104,149.5,175,337.5,162.5,552.5,1779.5,2315,2340,2585,2896.5,1192,491.5,60.5,2745.5,4,16,35,17.5,0.870129883,2.71712004,-0.747899175
Brazil,Mato Grosso,Deforestation_Hotspot,-54.50433663,-6.256002386,2020,178.851593,222.5,213.5,406,212.5,712,2011.5,2558,2453.5,2820,2701.5,1422.5,616.5,76,2842,4,22,41,22,0.840585172,2.632444497,-0.716034293
Brazil,Mato Grosso,Deforestation_Hotspot,-51.60861731,-11.2339267,2020,18.07552719,367,515,633,703,950,1429,1686,1628,1941,2240,2297,1497,58,2060,4,73,65,54,0.396825403,1.165280927,-0.440070778
Brazil,Mato Grosso,Deforestation_Hotspot,-57.09714404,-6.697524348,2020,191.861679,280,216,360,173,696,2311,2937,2473,3275,3172,1473,600,74,3078,4,18,37,24,0.869236588,3.039112051,-0.74585247
Brazil,Mato Grosso,Deforestation_Hotspot,-57.35621817,-7.0731998,2020,307.691986,240,260,443,262,657,1888,2563,2920,2920,3165,1384,568,76,3192,4,27,46,26,0.835323691,2.613055446,-0.736544728
Brazil,Mato Grosso,Deforestation_Hotspot,-57.24716269,-7.201299559,2020,212.977646,208,178,359,184,631,2027,2661,2591,2956,2839,1357,552,70,3007,4,20,38,20,0.867387414,2.548708175,-0.756610155
Brazil,Mato Grosso,Deforestation_Hotspot,-52.40991455,-11.3367838,2020,5.026183128,191,181,368,304,783,2153,2659,2626,3068,2988,1744,846,63,2148,4,31,38,19,0.792491496,1.876515274,-0.754175007
Brazil,Mato Grosso,Deforestation_Hotspot,-50.23491358,-7.507265745,2020,0.553982019,273.5,376,680.5,621.5,1312,2606,3103.5,3227,3487,3485.5,2215,1138,69,2532,4,63.5,71.5,37.5,0.677017033,1.574510515,-0.65169543
Brazil,Mato Grosso,Deforestation_Hotspot,-56.12938898,-11.87640179,2020,122.228111,133,174,364,200,668,2025,2386,2534,2732,2861,1436,616,57,2109,4,21,37,18,0.853694201,2.401234568,-0.748792291
Brazil,Mato Grosso,Deforestation_Hotspot,-52.64985456,-7.430100462,2020,158.570694,174.5,223,474.5,206.5,778.5,2512.5,3110.5,3266,3290,2715.5,1415.5,574.5,68.5,3367,4,22,49,23,0.881065488,2.699400035,-0.746290624
Brazil,Mato Grosso,Deforestation_Hotspot,-54.91001582,-7.027834878,2020,113.98423,174,258.5,503,234.5,725.5,2503,3028.5,3621.5,3456,3388.5,1442,594,60.5,2931.5,4,24,51.5,28,0.878371358,2.739626304,-0.756091654
Brazil,Mato Grosso,Deforestation_Hotspot,-55.72281148,-8.131684699,2020,176.643646,133,206.5,414.5,194,742.5,2551,3205.5,3442.5,3661.5,3456.5,1582.5,629.5,69,2786.5,4,21,42.5,19.5,0.89330399,2.655087863,-0.785066128
Brazil,Mato Grosso,Deforestation_Hotspot,-50.39328657,-11.51779433,2020,1.44433701,272.5,305,463,428.5,757.5,1246,1462,1626.5,1695.5,1677,1876.5,1081.5,73,2108.5,4,44,47.5,31,0.582968354,1.567242282,-0.556831777
Brazil,Mato Grosso,Deforestation_Hotspot,-56.07656804,-8.147315385,2020,16.62727165,206.9166667,211.6666667,400.48,208.5454545,688.5,2282,2859.666667,2823,3175.818182,3041.933333,1522.5625,630.9,63,2920.25,4,21,39.5,22,0.862416387,2.627304453,-0.751523197
Brazil,Mato Grosso,Deforestation_Hotspot,-56.65571191,-9.927147458,2020,73.67465973,211,246,465,275,790,2405,3029,3228,3355,3195,1765,775,63,2642,4,28,48,25,0.84299171,2.433256427,-0.748172224
Brazil,Mato Grosso,Deforestation_Hotspot,-56.11133284,-9.568899322,2020,78.70594025,203,271.5,419,339,743,1899,2364.5,2163,2693.5,3196.5,1618.5,738.5,66,2405,4,34.5,43,28,0.729016781,2.109402105,-0.675445378
Brazil,Mato Grosso,Deforestation_Hotspot,-53.50648802,-11.98366064,2020,2.124634027,187.5,255,441,367.5,906.5,1824.5,2162.5,2274,2514.5,2579.5,1910.5,899.5,69,2184,4,37,45,26,0.721749008,1.856377799,-0.675138116
Brazil,Mato Grosso,Deforestation_Hotspot,-53.62174187,-9.306231933,2020,41.57337952,183,176.5,329.5,171.5,653,2139.5,2721.5,2682,3011,3218,1474,613,60,2673,4,18,34,18,0.879796743,2.627970271,-0.781172156
Brazil,Mato Grosso,Deforestation_Hotspot,-52.99902971,-8.079582413,2020,246.931732,158,179.5,347.5,160,669,2236.5,2859,2771.5,3123.5,3529,1401,583.5,63,2767.5,4,17,35.5,20.5,0.890840888,2.735987428,-0.777172148
Brazil,Mato Grosso,Deforestation_Hotspot,-56.999587,-10.76024505,2020,116.8303146,165.5,183,334.5,193.5,653,1979,2477.5,2357,2760,2994.5,1187,473,63,2547.5,4,20,34,19,0.848265052,2.519799674,-0.751439691
Brazil,Mato Grosso,Deforestation_Hotspot,-52.6676412,-8.808475434,2020,22.64122009,190.5,199.5,380,186,666.5,2324,2976,3044,3268.5,3158,1590.5,649,64,2634.5,4,19.5,39,21,0.8848297,2.681302186,-0.778037369
Brazil,Mato Grosso,Deforestation_Hotspot,-51.46659367,-8.246489392,2020,150.732513,87,135,261,148,567,1941,2493,2254,2784,3057,1289,511,63,2824,4,16,27,14,0.876769364,2.47125088,-0.792445302
Brazil,Mato Grosso,Deforestation_Hotspot,-56.11681257,-8.488046372,2020,29.8086071,284,345,590,418,1006,2022,2377,2620,2696,2591,1776,895,67,2375,4,43,60,36,0.724818945,2.166043675,-0.632398725
Brazil,Mato Grosso,Deforestation_Hotspot,-55.94748014,-11.31297845,2020,155.902817,214.5,264.5,437,261,781,2229,2733,2699,3030.5,2949.5,1408,603.5,62,2131,4,27,45,28,0.823648632,2.670610143,-0.721301019
Brazil,Mato Grosso,Deforestation_Hotspot,-55.05823784,-7.019031388,2020,149.020401,181,189,307,155,577,2076,2593.5,2510,2911.5,3333.5,1383.5,537,61,2886.5,4,17,31.5,20.5,0.883677304,2.909562639,-0.782037616
Brazil,Mato Grosso,Deforestation_Hotspot,-52.78127809,-7.176506058,2020,109.6336441,196,190,377,184,631,2063,2663,2911,2952,3437,1453,599,75,2879,4,20,39,20,0.881098568,2.631223466,-0.770681262
Brazil,Mato Grosso,Deforestation_Hotspot,-56.46347244,-11.80067381,2020,99.37944031,155.5,256.5,443,300.5,713.5,1642.5,1973,1800,2188,2362.5,1271.5,592,63,2116,4,31,45,26,0.713877678,2.231066806,-0.604993284
Brazil,Mato Grosso,Deforestation_Hotspot,-52.15102008,-8.072216227,2020,243.435837,171,158,320,148,542,2042,2650,2717,2924,3131,1239,499,63,2465,4,16,33,17,0.89668411,2.652829409,-0.789265752
Brazil,Mato Grosso,Deforestation_Hotspot,-55.77338663,-11.17014632,2020,140.874695,216,226,433,226.5,700.5,2224.5,2804,2986.5,3080,3212,1333,529.5,63,2184.5,4,23.5,43.5,24,0.859010279,2.602300585,-0.7467466
Brazil,Mato Grosso,Deforestation_Hotspot,-56.84723273,-10.70526816,2020,55.35338211,202,232.5,439.5,222.5,813.5,2545,3081.5,2940,3439,3308.5,1352,517.5,63,2573,4,23,45,24.5,0.859288514,2.68289071,-0.739902377
Brazil,Mato Grosso,Deforestation_Hotspot,-55.86501479,-10.89660931,2020,38.04775238,195,238,439.5,214.5,848,2487.5,3065.5,3076,3330.5,2024.5,1518.5,652.5,64,2850,4,22,45,25,0.869624674,2.773846452,-0.749964416
Brazil,Mato Grosso,Deforestation_Hotspot,-56.78479981,-10.69772231,2020,3.855258942,255.5,289,567.5,345.5,1037.5,2253.5,2570,2723,2889,2843.5,1724.5,780,63,2494.5,4,35.5,57.5,30,0.774808526,2.260410724,-0.655067623
Brazil,Mato Grosso,Deforestation_Hotspot,-51.73860354,-8.602401908,2020,83.89123535,141,195.5,449,223,770,2443,3115.5,3489,3457.5,3657.5,1555,657.5,62,2585,4,23.5,46,20.5,0.879849136,2.428794527,-0.771965444
Brazil,Mato Grosso,Deforestation_Hotspot,-56.23619867,-11.26752369,2020,1.022176981,918.5,1334,1915,2837,3130.5,3295,3605,3900,3942,4187,5025,3505.5,62,2023.5,5,255,195.5,135.5,0.157785371,0.243405386,-0.341358542
Brazil,Mato Grosso,Deforestation_Hotspot,-54.5244589,-6.730672182,2020,131.258545,135.5,192.5,352,179.5,630,2524,3254.5,3198.5,3452,3290,1590,652.5,60.5,2979,4,19,36.5,20,0.893724084,2.664372077,-0.801718056
Brazil,Mato Grosso,Deforestation_Hotspot,-53.28604144,-6.512291736,2020,288.596985,213,278,528,265,817,2390,2986,3104,3368,3108,1610,719,64,2881,4,27,54,29,0.842683315,2.719348659,-0.709251106
Brazil,Mato Grosso,Deforestation_Hotspot,-54.87641882,-7.959836985,2020,151.377625,214,270,454,276,638,2153,2699,2980,3012,2892,1558,662,64,2709,4,30,47,30,0.830466807,2.58805513,-0.735585332
Brazil,Mato Grosso,Deforestation_Hotspot,-54.61186497,-7.686389813,2020,360.453827,137,163,331,153,538,1935,2512,2332,2714,3088,1300,539,63,2799,4,16,35,18,0.876861155,2.685481883,-0.75140816
Brazil,Mato Grosso,Deforestation_Hotspot,-52.21524963,-7.427675011,2020,326.82431,138.5,209.5,422.5,178,692.5,2672.5,3431.5,3855,3749.5,3533.5,1572.5,628,61,2691,4,17.5,43,20.5,0.911728263,2.741779137,-0.80245471
Brazil,Mato Grosso,Deforestation_Hotspot,-51.54007586,-8.857792943,2020,348.699677,132.5,171.5,351,189.5,634.5,1930,2401,2611,2608,2965.5,1386,612,62,2314.5,4,20,36,18,0.864666998,2.458126079,-0.762997985
Brazil,Mato Grosso,Deforestation_Hotspot,-50.77228579,-9.412861957,2020,0.400263995,240,251,514.5,297,973,2543.5,3206,3424.5,3587.5,3308.5,1685.5,712.5,76,2602,4,30.5,53,26,0.840386927,2.351503759,-0.738766193
Brazil,Mato Grosso,Deforestation_Hotspot,-56.17268778,-11.92841425,2020,122.160187,391,250,459,360,844,2655,3263,3440,3579,3076,1921,894,57,2224,4,37,48,25,0.810526311,2.066559313,-0.764555037
Brazil,Mato Grosso,Deforestation_Hotspot,-50.03485877,-10.00979246,2020,72.381577,179,224.5,403.5,285,734.6666667,2061.5,2566.333333,2379.5,2871.75,2835.5,1509.5,675,64,2375.75,4,29,42,23,0.786076188,2.175651813,-0.710025132
Brazil,Mato Grosso,Deforestation_Hotspot,-51.34765672,-11.63206004,2020,10.86037254,801,1003,1540,2128,2436,2575,2763,2906,2976,3114,4457,3404,64,2152,5,216,157,102,0.154549062,0.238577124,-0.307242453
Brazil,Mato Grosso,Deforestation_Hotspot,-51.44602225,-8.806229646,2020,6.519321918,127,196.5,428.5,291,851.5,1995.5,2389.5,2559,2711,2778,1856.5,870.5,63,2739,4,30,44,20.5,0.79578948,2.001941919,-0.713138103
Brazil,Mato Grosso,Deforestation_Hotspot,-51.86095408,-9.671666591,2020,1.022176981,258.5,420,741,804,1366,2205.5,2479,2601.5,2886.5,2994.5,2621,1475,63,2277.5,4,82,76,42.5,0.527822614,1.050800889,-0.556619287
Brazil,Mato Grosso,Deforestation_Hotspot,-50.29240576,-9.854833077,2020,2.519921064,273.5,304,446.5,481.5,743,987,1147.5,1368.5,1276,1538,1787.5,1114,76,2256.5,4,49,46,31.5,0.479459465,1.120798585,-0.507988989
Brazil,Mato Grosso,Deforestation_Hotspot,-57.94075192,-10.46874174,2020,196.201096,196,197,368,207.5,650,2041,2595.5,2775,2913.5,3079.5,1384.5,558.5,62,2426,4,21,37.5,21.5,0.860854983,2.523589542,-0.765828848
Brazil,Mato Grosso,Deforestation_Hotspot,-54.26071353,-7.091705095,2020,77.808182,169.5,196,386,196.5,767,2672.5,3447.5,2934.5,3787.5,3562,1736,724,60.5,3089,4,21,40,21,0.874481022,2.588391,-0.767504871
Brazil,Mato Grosso,Deforestation_Hotspot,-55.55455703,-6.124309365,2020,304.480682,326,237,408,263,792,2511,3102,2876,3558,3529,1700,796,63,2875,4,27,42,25,0.83243072,2.43977591,-0.751522541
Brazil,Mato Grosso,Deforestation_Hotspot,-50.89059391,-10.36390835,2020,116.409607,200.5,230,480.5,264.5,844,2244.5,2667.5,2828,2981,2772,1600,715.5,69.5,2312.5,4,27.5,50,23.5,0.828940988,2.38154961,-0.709536016
Brazil,Mato Grosso,Deforestation_Hotspot,-53.08544764,-8.507719477,2020,220.640366,169,198,346,219,638,2044,2620,2614,2890,3203,1453,591,57,2626,4,23,36,21,0.845393598,2.44987725,-0.766216218
Brazil,Mato Grosso,Deforestation_Hotspot,-55.38423645,-7.65566743,2020,30.39253998,223.5,211,446,218.5,695,2302,2853.5,2909,3211.5,3324.5,1482.5,613.5,72,2868.5,4,21,45,23,0.860271811,2.549270419,-0.734128177
Brazil,Mato Grosso,Deforestation_Hotspot,-56.16693856,-9.541590538,2020,242.289963,243,250.5,470,256,855.5,2864,3571,3478,3867.5,3575,1894,790.5,66,2492,4,26.5,48,25.5,0.862881601,2.568353926,-0.761904776
Brazil,Mato Grosso,Deforestation_Hotspot,-52.45617779,-9.046618816,2020,82.18162537,140,197,414,189.5,678.5,2095,2553,2648.5,2798,3029.5,1229.5,495.5,63,2647,4,20,43,21,0.866455257,2.662407969,-0.729632676
Brazil,Mato Grosso,Deforestation_Hotspot,-57.12624945,-6.032501543,2020,204.807373,212,272,485,310,759.5,2256,2846,3008,3212.5,3344.5,1609,682,73,3221,4,33,50,27.5,0.813140452,2.384234712,-0.722301722
Brazil,Mato Grosso,Deforestation_Hotspot,-50.94619962,-9.832465027,2020,0.444341987,464.5,566,851,1195,1722,2143.5,2389.5,2502,2783,2893.5,3736.5,2357.5,69.5,2214,5,121.5,87,58.5,0.3535299,0.60197126,-0.492394865
Brazil,Mato Grosso,Deforestation_Hotspot,-56.60531642,-11.59783422,2020,131.687363,198,212,385,221,626,2084,2557,2844,2809,3023,1540,687,63,2231,4,24,41,22,0.855791211,2.540681906,-0.761536062
Brazil,Mato Grosso,Deforestation_Hotspot,-54.66450625,-7.55047471,2020,327.895721,175,209,345,203,665,2102,2746,2821,2875,2954,1451,624,63,2849,4,21,36,24,0.865740716,2.647118301,-0.782059371
Brazil,Mato Grosso,Deforestation_Hotspot,-56.286145,-6.447882531,2020,201.103226,168,147,329,144,728,2688,3472,3002,3818,3440,1618,649,64,3518,4,15,34,15,0.908455193,2.584554169,-0.802461743
Brazil,Mato Grosso,Deforestation_Hotspot,-56.98296816,-10.57905486,2020,90.50030518,139.5,195,420,206,713.5,2401.5,3007,3487,3331,3172,1271,487,63,2682,4,21.5,43,20,0.888437569,2.51494711,-0.785001278
Brazil,Mato Grosso,Deforestation_Hotspot,-51.06360943,-10.16771629,2020,1.453466058,331,621,926,1310,1541,2111,2428,2688,2743,2849,3424,2126,58,2202,5,134,95,63,0.344672322,0.584740728,-0.487548411
Brazil,Mato Grosso,Deforestation_Hotspot,-54.96355541,-6.373322362,2020,0.703534007,245,310,464.5,284,759.5,2435,3127.5,3113.5,3466,3375.5,1691,715,64,3065,4,29.5,48.5,33,0.83281827,2.836875877,-0.740357757
Brazil,Mato Grosso,Deforestation_Hotspot,-52.66835986,-6.324004853,2020,0.012234,280,390,688,664,1242,2275,2588,2728,2956,2984,2322,1317,70,2483,4,67,69,40,0.608490586,1.36219641,-0.597189724
Brazil,Mato Grosso,Deforestation_Hotspot,-55.65570733,-8.11407772,2020,140.692734,138,185.5,385,198,691,2377,3073,3201,3414.5,3220.5,1395.5,566,72,2855.5,4,20,39.5,18.5,0.883495152,2.503543143,-0.785276055
Brazil,Mato Grosso,Deforestation_Hotspot,-52.89105221,-9.564946735,2020,76.29985046,141,168,359,183,645,2068,2644,2732,2912,3036,1502,617,58,2673,4,19,36,18,0.874442518,2.478607546,-0.767712712
Brazil,Mato Grosso,Deforestation_Hotspot,-54.9039971,-6.137873926,2020,160.955627,226,289.5,485,308,752.5,2398,3048.5,3096.5,3346.5,3458,1726.5,741,69,2924.5,4,32,50,28,0.819063008,2.512841308,-0.729163766
Brazil,Mato Grosso,Deforestation_Hotspot,-52.45420149,-8.386536745,2020,128.182755,171.5,180.5,389,173.5,674.5,2443.5,3111.5,3225.5,3383,3456,1478.5,590,63,2766,4,18,40,19.5,0.897911131,2.618618619,-0.784755826
Brazil,Mato Grosso,Deforestation_Hotspot,-56.88577045,-12.00342357,2020,1.941599011,800,1176,1648,2176,2287,2582,3326,3284,3616,3567,4337,3330,57,2175,5,221,168,119,0.202930406,0.368302087,-0.331711262
Brazil,Mato Grosso,Deforestation_Hotspot,-52.04618669,-8.716038791,2020,148.583008,154.5,184.5,433.5,199.5,805,2275,2680.5,2971.5,2947,2946.5,1546,704,61,2427.5,4,22,43.5,19.5,0.874172211,2.487660415,-0.745374441
Brazil,Mato Grosso,Deforestation_Hotspot,-57.34445024,-10.52192201,2020,144.264236,161.5,199,325.5,201,620.5,1660,2076,2243.5,2375,2630.5,1318,571,60,2655,4,21.5,33.5,20,0.835549176,2.607890705,-0.746594012
Brazil,Mato Grosso,Deforestation_Hotspot,-50.57726154,-9.015357444,2020,20.00384712,301,333,625,602,1303,2420,2830,3028,3263,3139,2412,1365,64,2394,4,61,64,35,0.668319583,1.463738385,-0.657815516
Brazil,Mato Grosso,Deforestation_Hotspot,-56.95907298,-11.96964692,2020,173.132614,154.5,252,434.5,245.6666667,679,2335.666667,2925.5,3421,3121.5,2860,1369.75,560.5,63,2452.333333,4,25.5,45,26.5,0.865999997,2.640829452,-0.774607718
Brazil,Mato Grosso,Deforestation_Hotspot,-56.07665787,-6.364069715,2020,86.976471,116.25,116,206,102,553,1969,2504,2088,2819,3068,1192,460,64,3210,4,11,21,12,0.906849325,2.711632987,-0.820401073
Brazil,Mato Grosso,Deforestation_Hotspot,-53.45627219,-8.535028262,2020,200.790894,188.5,223.5,392,200.5,693,2214.5,2792,2692.5,3074.5,3362.5,1436.5,600,58,2771,4,21,40.5,23,0.861389577,2.805990316,-0.745825887
Brazil,Mato Grosso,Deforestation_Hotspot,-50.65307935,-10.40235624,2020,5.530091763,210.5,281,477.5,363.5,844.5,1980,2434.5,2525,2709.5,2795,1872.5,959,70,2236,4,37.5,48.5,28.5,0.748312294,2.078765147,-0.681931734
Brazil,Mato Grosso,Deforestation_Hotspot,-57.65957924,-11.97207237,2020,122.408501,138,166,291.5,152.5,551.5,1890,2385,2226.5,2655.5,2893.5,1213,486,57,2533.5,4,15.5,30,17.5,0.871794879,2.732542819,-0.768467009
Brazil,Mato Grosso,Deforestation_Hotspot,-53.23950871,-8.015263038,2020,60.10585785,140,176,360,163,620,2435,3068,3069,3415,3525,1571,649,63,2895,4,18,37,19,0.899133682,2.663123167,-0.790026248
Brazil,Mato Grosso,Deforestation_Hotspot,-56.0838444,-7.124403771,2020,122.241768,158,150.5,276,118.5,549,1938,2548.5,2483,2780,3388,1273.5,535.5,63,3043.5,4,13,29,16,0.908898711,2.860859044,-0.799927533
Brazil,Mato Grosso,Deforestation_Hotspot,-53.10305462,-7.775772184,2020,164.954605,128,203,430.5,219.5,795,2851,3683,3568,4005.5,3807.5,1680.5,695.5,63,2928.5,4,22.5,44.5,21.5,0.884092391,2.488850899,-0.78466928
Brazil,Mato Grosso,Deforestation_Hotspot,-54.43795113,-10.79159626,2020,85.792328,107,181,383,195,697,2134,2722,3090,2975,2750,1337,533,57,2229,4,21,39,20,0.881278515,2.492681247,-0.779441416
Brazil,Mato Grosso,Deforestation_Hotspot,-50.48931647,-9.052008708,2020,154.613281,402,497,713,688,1196,2555,3047,2894,3300,3265,2363,1209,74,2211,4,70,73,51,0.615857065,1.673494159,-0.60465759
Brazil,Mato Grosso,Deforestation_Hotspot,-53.3830595,-11.68757592,2020,132.765198,165,180,357,194,657,2072,2685,2977,3046,3142,1402,562,63,2292,4,20,37,18,0.877641141,2.491941261,-0.785842836
Brazil,Mato Grosso,Deforestation_Hotspot,-53.39635456,-7.900817671,2020,136.879181,189,192,409,205,765,2393.5,2959,2982,3363.5,3399,1666.5,719.5,64,3034,4,21,42.5,20,0.871352375,2.503606203,-0.758773208
Brazil,Mato Grosso,Deforestation_Hotspot,-53.84470372,-9.211818997,2020,228.764481,145,156,304,150,665,2208,2792,2574,3063,3113,1423,582,63,2491,4,16,31,16,0.889867842,2.629067245,-0.788742185
Brazil,Mato Grosso,Deforestation_Hotspot,-53.48115552,-7.250078079,2020,154.392319,165.6,246.15,498.625,251.3333333,740.25,2410,2937.666667,3464,3208,3379,1538.25,641,64,2859,4,26,51,25,0.864704847,2.568592178,-0.748336017
Brazil,Mato Grosso,Deforestation_Hotspot,-51.85080312,-10.20086412,2020,20.68304253,107,159.5,367.5,244,693,2039,2515,2536,2723,2588,1431.5,625,63,2702.5,4,25,37.5,17,0.824460447,2.042962831,-0.746857226
Brazil,Mato Grosso,Deforestation_Hotspot,-52.56325697,-6.437821399,2020,88.814117,356,225,381,278,775,1913,2354,2319,2663,2606,1786,871,69,2788,4,28,39,24,0.785906792,2.217996088,-0.717777789
Brazil,Mato Grosso,Deforestation_Hotspot,-50.79806743,-9.413670441,2020,49.17336273,241.5,243,503,272.5,947,2323.5,2776.5,2862.5,3131.5,3104.5,1709.5,752.5,76,2367,4,28,51,25.5,0.826156318,2.419656203,-0.701084554
Brazil,Mato Grosso,Deforestation_Hotspot,-56.45871137,-7.385184698,2020,202.388992,155,213,343,186,645,2043,2844,2292,2868,2945,1257,535,57,3095,4,20,35,24,0.849878907,2.906431134,-0.739658415
Brazil,Mato Grosso,Deforestation_Hotspot,-51.54762171,-10.39840366,2020,0.027489999,251,414,658,728,1146,2260,2685,2852,3050,2868,2376,1299,63,2355,4,75,67,43,0.593296111,1.290087464,-0.625071228
Brazil,Mato Grosso,Deforestation_Hotspot,-52.03190348,-9.961822427,2020,2.993033886,167.5,217.5,378.5,274,778,1769.5,2102.5,2011.5,2397.5,2546,1483,688.5,63,2438,4,28,39,22,0.760227501,2.144796939,-0.6832636
Brazil,Mato Grosso,Deforestation_Hotspot,-55.42160637,-11.85969313,2020,185.234604,213,225,341,221,608,2111,2651,2472,2932,3099,1315,540,62,2048,4,23,35,24,0.835870802,2.665166943,-0.757554233
Brazil,Mato Grosso,Deforestation_Hotspot,-54.5774595,-7.389676274,2020,133.883347,149,190,390,188,671,2204,2834,2973,3128,3112,1440,584,64,3019,4,21,39,20,0.881050289,2.600859171,-0.768064201
Brazil,Mato Grosso,Deforestation_Hotspot,-57.61897539,-10.19556406,2020,3.270975113,276,305.5,517,339,1004.5,2255.5,2695,2770,3078,2941,2016.5,1021.5,63,2681,4,35.5,53.5,31,0.781923473,2.417702636,-0.685427427
Brazil,Mato Grosso,Deforestation_Hotspot,-57.03911287,-10.8489986,2020,13.35780334,139.5,179.5,380.5,215.5,814.5,2407,3028.5,2786.5,3279,3293,1223,477.5,60,2535,4,22,38,19,0.85642904,2.350736034,-0.759709477
Brazil,Mato Grosso,Deforestation_Hotspot,-53.36733898,-8.223851847,2020,108.913811,178,199.5,351,203.5,615,2092,2707,2734,3028.5,3307,1528.5,656,58,2802.5,4,21.5,36,21.5,0.861446798,2.571907714,-0.772447348
Brazil,Mato Grosso,Deforestation_Hotspot,-55.63262063,-7.532418573,2020,275.501068,203,200.5,378.5,194,618,2057,2469.5,2673.5,2763.5,3076.5,1294.5,503,72,2878.5,4,21,39.5,22,0.864690483,2.654995181,-0.75196594
Brazil,Mato Grosso,Deforestation_Hotspot,-52.20060709,-11.76743615,2021,83.85139465,107,178,356.5,196,634,2033,2604.5,2771,2928.5,2826.5,1255,493,60.5,2343.5,4,20.5,37,19,0.867879987,2.463643322,-0.772022367
Brazil,Mato Grosso,Deforestation_Hotspot,-57.18356197,-8.599617131,2021,365.010071,201,227,410,202,733,2771,3681,3784,3962,3147,1517,605,64,3054,4,21,43,24,0.898645282,2.718166641,-0.804482579
Brazil,Mato Grosso,Deforestation_Hotspot,-53.96804241,-11.11885251,2021,7.881164074,281,276,493,275,829,2615,3233,3327,3548,3346,1607,666,63,2450,4,29,50,29,0.847307026,2.623796424,-0.741884828
Brazil,Mato Grosso,Deforestation_Hotspot,-52.1635965,-7.755290595,2021,64.690033,238,240.5,396,353,842.5,1571,1909,2121.5,2256,2388.5,1838.5,950,67,2216.5,4,36.5,41.5,26.5,0.714689851,1.814404432,-0.685402155
Brazil,Mato Grosso,Deforestation_Hotspot,-52.14823531,-10.98060179,2021,14.09878159,199,228,400,303,781,2005,2436,2262,2708,2968,1404,628,75,2289,4,30,40,24,0.763742685,2.065584142,-0.699474096
Brazil,Mato Grosso,Deforestation_Hotspot,-54.63683814,-11.11759487,2021,6.406661987,194,264,521,272,888,2213,2712,2954,2984,3030,1567,678,74,2473,4,28,53,27,0.831370115,2.571921749,-0.700143874
Brazil,Mato Grosso,Deforestation_Hotspot,-55.34489024,-10.83489505,2021,1.11609304,400.5,603,893.5,1310,1670,2035.5,2301.5,2466,2723.5,2761.5,3595,2255,83,2191,5,133,91,63,0.306144059,0.497889568,-0.468075603
Brazil,Mato Grosso,Deforestation_Hotspot,-57.25470854,-11.28252556,2021,1.331117034,489,691.5,968.5,1315,1651.5,2098.5,2352.5,2505,2820.5,2824,3798,2412,86,2311,5,133.5,99,71.5,0.311518312,0.571044676,-0.442349225
Brazil,Mato Grosso,Deforestation_Hotspot,-51.70833031,-8.130427058,2021,113.981697,186,221,457,246,678,2159,2674,3220,3033,3090,1400,600,63,2579,4,25,47,23,0.858049631,2.446126008,-0.75142777
Brazil,Mato Grosso,Deforestation_Hotspot,-50.25027477,-9.272275615,2021,0.64922303,276,266,503,319,893,2129,2641,2758,2943,2912,1740,838,75,2572,4,32,51,26,0.79265517,2.276885736,-0.691505671
Brazil,Mato Grosso,Deforestation_Hotspot,-57.5070453,-9.152170862,2021,4.894812107,181.5,231.5,418.5,199.5,708,2561.5,3288.5,3315,3630.5,3609,1650,682,81,3191,4,21,43,24,0.886470318,2.804987846,-0.77581358
Brazil,Mato Grosso,Deforestation_Hotspot,-57.11861377,-6.672191857,2021,193.44664,186.5,224,480.5,201.5,821.5,3152,4173,4195.5,4482.5,3787,1656.5,623,63,3293,4,20.5,49,22,0.908346593,2.680177157,-0.79448247
Brazil,Mato Grosso,Deforestation_Hotspot,-53.23618495,-8.24514192,2021,6.408110142,227,248.5,459.5,257.5,756.5,2286.5,2909.5,3047.5,3262.5,3074.5,1631,702.5,63,3003.5,4,26.5,47.5,26,0.844175518,2.555179046,-0.73795265
Brazil,Mato Grosso,Deforestation_Hotspot,-55.10351293,-9.721433257,2021,0.087742001,284,402,612,590.5,1084.5,2231,2632,2549,2906.5,2789.5,2179.5,1263.5,68,2429.5,4,60.5,62,40,0.623825431,1.590724496,-0.61278075
Brazil,Mato Grosso,Deforestation_Hotspot,-50.15702965,-11.89284096,2021,6.464141846,254,334,516,575,924,1490,1709,1810,2018,2189,1913,1188,76,1911,4,59,53,34,0.517819703,1.120283019,-0.556319833
Brazil,Mato Grosso,Deforestation_Hotspot,-56.40364464,-10.82312712,2021,47.25597382,214,243,443,241,777,2083,2459,2520,2761,2822,1354,566,93,2594,4,25,46,25,0.825425565,2.656796456,-0.700978756
Brazil,Mato Grosso,Deforestation_Hotspot,-53.59730769,-8.471607203,2021,82.874718,220,258,542,254,852,2754,3431,3792,3711,3621,1648,687,63,2838,4,26,56,27,0.874443889,2.615316381,-0.749884605
Brazil,Mato Grosso,Deforestation_Hotspot,-51.54887935,-9.872889214,2021,27.64105225,235,287,428,356,797,1866,2291,2100,2525,2333,1651,851,68,2125,4,37,44,30,0.71009773,2.091628688,-0.661392391
Brazil,Mato Grosso,Deforestation_Hotspot,-51.03333621,-7.376920197,2021,23.9766922,166,181,337,189.5,595.5,1946,2503.5,2594,2865.5,3081,1497,631,64,2799.5,4,20,34.5,19,0.863840461,2.531585597,-0.770044327
Brazil,Mato Grosso,Deforestation_Hotspot,-53.56380053,-8.649204134,2021,199.825119,256,274,556,256,911,2711,3329,3678,3679,3676,1579,671,63,2732,4,26,58,28,0.869852543,2.707278481,-0.737364173
Brazil,Mato Grosso,Deforestation_Hotspot,-52.18785101,-10.09091033,2021,56.70047379,164.5,210,431.5,227,805,2362.5,2901,2934,3201,3268,1265.5,493,63,2386.5,4,23.5,43.5,21,0.856374562,2.486223365,-0.7435745
Brazil,Mato Grosso,Deforestation_Hotspot,-51.49605841,-7.110300221,2021,70.165756,149,191,376,200,665,2203,2765,2764,3044,3083,1554,663,70,3258,4,21,39,20,0.865047216,2.531095755,-0.760509551
Brazil,Mato Grosso,Deforestation_Hotspot,-56.21050685,-7.531969415,2021,231.319092,98,154.5,261,130,521,1871.5,2387.5,2185.5,2741.5,2938.5,1172.5,458.5,58,2784,4,13.5,27,15.5,0.887713253,2.842622044,-0.786633968
Brazil,Mato Grosso,Deforestation_Hotspot,-53.85458519,-8.393453773,2021,157.0347595,140.5,205.5,314,186.5,576,2018.5,2526.5,2528,2838,2944.5,1238.5,514,58,2653,4,19.5,32,21,0.862589777,2.778568886,-0.779028833
Brazil,Mato Grosso,Deforestation_Hotspot,-54.94208567,-9.500627361,2021,3.841188908,250,268,558,260,994,2788,3283,3284,3535,3453,1561,618,68,2354,4,27,57,27,0.853273153,2.666666667,-0.7095263
Brazil,Mato Grosso,Deforestation_Hotspot,-56.31803519,-10.54509854,2021,1.21231997,329,444,717,623,1256,2191,2505,2780,2878,3036,2235,1308,92,2448,4,64,73,45,0.633852482,1.690968956,-0.58993423
Brazil,Mato Grosso,Deforestation_Hotspot,-54.75056485,-7.455792279,2021,29.09710693,212,215,408,204,741,2409,2949,3208,3319,3167,1573,628,64,2825,4,21,42,20,0.880422056,2.662648467,-0.774336278
Brazil,Mato Grosso,Deforestation_Hotspot,-57.55393736,-7.277656359,2021,189.520203,257,263,444,260,796.5,2142.5,2588,2542,2827,2783.5,1356.5,562,63,2936,4,28,46,26.5,0.814418256,2.67777517,-0.702612162
Brazil,Mato Grosso,Deforestation_Hotspot,-53.12425486,-6.366315503,2021,203.4348297,245,272,496,262,748,2591,3230,3514,3495,3370,1782,785,69,2988,4,27,51,28,0.861228824,2.668198228,-0.752618432
Brazil,Mato Grosso,Deforestation_Hotspot,-53.29628224,-11.96883844,2021,65.857536,218.5,233,382,275.5,761.5,1982,2481.5,2379,2858.5,2791.5,1578.5,701,69,2170,4,28.5,39.5,24,0.792427957,2.300918836,-0.723288655
Brazil,Mato Grosso,Deforestation_Hotspot,-53.79116413,-6.357152687,2021,58.13239288,172,210,340,169,597,2104,2577,2909,3025,3412,1226,480,63,2646,4,17,35,22,0.890188456,2.916134525,-0.790704846
Brazil,Mato Grosso,Deforestation_Hotspot,-53.42995155,-6.742709607,2021,119.377693,193,220,387,205,676,2122,2698,2744,3040,3087,1461,618,68,2940,4,21,40,23,0.860969841,2.730107527,-0.752794623
Brazil,Mato Grosso,Deforestation_Hotspot,-56.62642683,-11.13088994,2021,104.383873,249,209,363,216,663,2091,2680,2724,2961,3097,1411,581,68,2278,4,23,37,23,0.853061199,2.555532912,-0.764820218
Brazil,Mato Grosso,Deforestation_Hotspot,-57.8620595,-9.502873149,2021,182.802841,207,220,407,226,752,2424,3130,3085,3417,3435,1647,718,75,2766,4,23,42,24,0.863485336,2.559992837,-0.766895771
Brazil,Mato Grosso,Deforestation_Hotspot,-52.42123332,-9.019130368,2021,148.808533,175,231.5,434,232,698.5,2253,2890.5,3159.5,3169.5,3148.5,1451.5,605,74,2534.5,4,23,44.5,23.5,0.863187373,2.598757213,-0.758452773
Brazil,Mato Grosso,Deforestation_Hotspot,-57.33645523,-10.80183705,2021,146.836929,218,263,461,259,797,2459,3098,3409,3390,3245,1451,606,80,2377,4,27,48,27,0.858778656,2.632458633,-0.761757135
Brazil,Mato Grosso,Deforestation_Hotspot,-54.49535348,-9.439901247,2021,63.6677475,245,371,574,568,1068,1855,2249,2316,2587,2492,2132,1192,68,2094,4,58,60,37,0.606102645,1.485131691,-0.602768183
Brazil,Mato Grosso,Deforestation_Hotspot,-53.08886124,-8.371984038,2021,55.74499512,248.5,244,468,251.5,792,2488,3116.5,2972.5,3517,3417,1542,662.5,63,2969.5,4,27,48,25.5,0.843982637,2.564561734,-0.72794652
Brazil,Mato Grosso,Deforestation_Hotspot,-55.00748302,-9.59108771,2021,1.500722051,620,903,1180,1590,1911,2051,2449,2568,2791,2569,4473,3509,68,2193,5,162,120,90,0.235209242,0.458165464,-0.37033084
Brazil,Mato Grosso,Deforestation_Hotspot,-55.39609422,-11.1327764,2021,69.737457,209.5,227,359.5,224,614.5,1852.5,2366,2226.5,2623,2776.5,1362,589.5,72.5,2528.5,4,23,37,24,0.817180157,2.678571429,-0.721964419
Brazil,Mato Grosso,Deforestation_Hotspot,-55.68957382,-6.062235779,2021,37.48060989,233,220,344,197,726,2059,2532,2342,2809,2734,1624,724,69,3156,4,21,35,23,0.844820797,2.86,-0.743857026
Brazil,Mato Grosso,Deforestation_Hotspot,-51.65613819,-7.402522183,2021,69.571907,166,220,430,209,761,2525,3177,3254,3480,3187,1538,622,62,2969,4,22,45,23,0.879295409,2.662644281,-0.766558111
Brazil,Mato Grosso,Deforestation_Hotspot,-50.27560726,-7.858596853,2021,68.067261,202,224,423.5,228.5,702,2465,3116,3300.5,3459.5,3437.5,1477.5,603,59.5,2354,4,23,43,23.5,0.870501578,2.56641604,-0.772556365
Brazil,Mato Grosso,Deforestation_Hotspot,-57.75848375,-10.04338946,2021,195.297974,200,246,386,258,731,2262,2926,2773,3284,3117,1432,585,81,2738,4,27,40,25,0.829759181,2.538352846,-0.75561887
Brazil,Mato Grosso,Deforestation_Hotspot,-50.3569048,-6.881768813,2021,0.046479002,247.5,325.5,500.5,480,891.5,1746,2044,2210,2421.5,2700.5,1906.5,985.5,63,2327,4,49.5,51.5,32.5,0.643122673,1.632229456,-0.630695462
Brazil,Mato Grosso,Deforestation_Hotspot,-57.14170048,-6.930008344,2021,245.537384,164.5,244.5,442.5,231,669,2304,2904.5,3069.5,3237,3215,1451,601,64,3155,4,24,45.5,27,0.860021234,2.705652464,-0.748006821
Brazil,Mato Grosso,Deforestation_Hotspot,-57.75381251,-8.262120078,2021,109.3470154,206,292,462,254,779,2563,3302,3185,3579,3243,1450,588,65,3043,4,26,48,30,0.852282643,2.907738095,-0.746641099
Brazil,Mato Grosso,Deforestation_Hotspot,-53.30382809,-11.56064397,2021,138.634903,204.5,176.5,325,182,665.5,2070.5,2647.5,2425,3007.5,3031,1324,529.5,63,2238.5,4,19,34,18,0.860375941,2.555542896,-0.763636351
Brazil,Mato Grosso,Deforestation_Hotspot,-55.98197544,-11.0313566,2021,103.301796,266,249.5,398.5,255.5,754.5,2434.5,3164,2744,3398.5,3551,1410,556,80,2521.5,4,26,41,26,0.829638302,2.58491742,-0.74638027
Brazil,Mato Grosso,Deforestation_Hotspot,-55.92142899,-11.78800757,2021,69.310242,259,254,413,256,683,2021,2658,2762,2901,3019,1508,700,80,2307,4,26,42,26,0.830351233,2.616959064,-0.739842534
Brazil,Mato Grosso,Deforestation_Hotspot,-55.90247454,-10.47152652,2021,41.11826324,318.5,317.5,491.5,322.5,811.5,1981.5,2416,2552,2645.5,2655,1580.5,727,86.5,2360,4,33.5,49.5,33.5,0.775613129,2.645662751,-0.677016616
Brazil,Mato Grosso,Deforestation_Hotspot,-57.25461871,-7.027116226,2021,278.210724,209.5,208,369.5,180,664.5,2140.5,2723.5,2898.5,3081.5,3137.5,1373,555,64,3243,4,18.5,38,22,0.883059919,2.80894813,-0.773867786
Brazil,Mato Grosso,Deforestation_Hotspot,-53.60862646,-8.649653292,2021,238.110596,261,248,437,234,701,2279,2871,2934,3156,3359,1425,590,63,2672,4,24,44,26,0.852272749,2.722872126,-0.740729749
Brazil,Mato Grosso,Deforestation_Hotspot,-57.88667334,-7.628987466,2021,53.8435936,218,232.5,425.5,198.5,744.5,2589.5,3467,3749.5,3851.5,3367,1713.5,665,65,3146,4,20.5,43.5,25,0.899442732,2.776170745,-0.796167672
Brazil,Mato Grosso,Deforestation_Hotspot,-50.7418329,-7.747295589,2021,129.104355,278.5,267.5,523.5,293,963.5,2595,3057,3139,3324.5,3138,1595,678,63.5,2107.5,4,30,54,27.5,0.829254091,2.460447826,-0.714129686
Brazil,Mato Grosso,Deforestation_Hotspot,-50.07573211,-6.759418271,2021,3.097071886,564.5,659.5,990,1203,2119.5,2640.5,2942.5,2866,3271,3076.5,4221.5,2783.5,64,2478.5,5,122,101,67,0.40869993,0.809048893,-0.486514509
Brazil,Mato Grosso,Deforestation_Hotspot,-52.15425402,-9.946730731,2021,9.921058655,159,188,381,204,741,2099,2596,2614,2794,2865,1309,540,71,2385,4,22,39,20,0.855216444,2.480444627,-0.745575964
Brazil,Mato Grosso,Deforestation_Hotspot,-55.45942544,-11.79213982,2021,196.336884,248,252,452,274,744,2197,2739,2872,3070,2881,1608,741,79,2415,4,28,46,27,0.825810552,2.472401979,-0.72803849
Brazil,Mato Grosso,Deforestation_Hotspot,-50.14580071,-8.569882895,2021,0.380955011,434,405,600,700,1060,1659,1938,2204,2311,2339,2990,1747,64,2139,4,71,60,42,0.517906308,1.116555308,-0.572039962
Brazil,Mato Grosso,Deforestation_Hotspot,-57.57064602,-6.162397933,2021,84.568901,250,304,480,286.5,761,2486.5,3190,2924,3540,3456,1670.5,701,76.5,3686,4,30,50,31.5,0.82152313,2.789234349,-0.717978835
Brazil,Mato Grosso,Deforestation_Hotspot,-53.47693344,-8.468103773,2021,35.499279,269,276,544,290,820,2374,3022,3244,3336,3167,1680,724,63,2871,4,30,56,29,0.835880041,2.533447684,-0.712777197
Brazil,Mato Grosso,Deforestation_Hotspot,-55.64438856,-6.097359907,2021,201.730255,215,218,388,196,670,2095,2553,2692,2804,3160,1347,569,68,3044,4,20,40,23,0.864265919,2.793196061,-0.748051941
Brazil,Mato Grosso,Deforestation_Hotspot,-57.08807105,-11.66610618,2021,142.166595,172,210,429,242,635,1946,2439,2674,2764,2950,1320,541,86,2434,4,26,44,23,0.834019184,2.382445141,-0.723493397
Brazil,Mato Grosso,Deforestation_Hotspot,-52.07654975,-7.041579102,2021,342.160889,138,189,395,193,603,1762,2483,2893,2515,2941,1225,508,75,2726,4,20,41,22,0.874918997,2.562156007,-0.759732366
Brazil,Mato Grosso,Deforestation_Hotspot,-53.37668146,-9.793657806,2021,62.699131,225,242.5,429,229.5,743.5,2175,2770,2948.5,3052,3227,1455.5,613.5,63,2487,4,24,44.5,25,0.855569541,2.710597149,-0.745965958
Brazil,Mato Grosso,Deforestation_Hotspot,-56.57055162,-7.211001364,2021,14.26214504,129,174,376,191,627,2080,2619,2895,2975,3159,1462,596,58,2961,4,18,38,19,0.87621516,2.469857508,-0.770100892
Brazil,Mato Grosso,Deforestation_Hotspot,-51.40586755,-6.615238668,2021,24.47393799,212,246,476,290,818,2568,3305,3351,3530,3274,1879,902,76,3299,4,30,49,26,0.84070313,2.356790884,-0.751241207
Brazil,Mato Grosso,Deforestation_Hotspot,-57.92287545,-9.073119117,2021,327.816498,153,207,382,211,651,2169,2805,3300,3157,3000,1403,590,70,2763,4,24,39,22,0.87980634,2.561784707,-0.792504072
Brazil,Mato Grosso,Deforestation_Hotspot,-50.30839577,-11.43487983,2021,8.042146683,294,379,584,612,1077,1759,2015,2099,2306,2257,2160,1235,64,2044,4,63,60,39,0.548506081,1.268987882,-0.56466639
Brazil,Mato Grosso,Deforestation_Hotspot,-50.5905566,-10.20463705,2021,124.787712,187.5,221.5,421.5,202.5,738,2473,3088.5,3154,3403,3304,1634,697.5,78,2732,4,21,43,23.5,0.879338622,2.724042455,-0.764228761
Brazil,Mato Grosso,Deforestation_Hotspot,-52.85799421,-8.898217131,2021,151.185226,185.5,215,432,225,820,2746,3549.5,3267.5,3817.5,3907.5,1710.5,716.5,63,2614,4,23.5,44.5,23.5,0.871152461,2.530355955,-0.766454935
Brazil,Mato Grosso,Deforestation_Hotspot,-52.38458206,-10.82914583,2021,1.564893007,403,633,964.5,1492,1882,2196.5,2463.5,2695,2898.5,2788,4109,2740.5,63,2231.5,5,151.5,98.5,65.5,0.287317902,0.435837983,-0.472878814
Brazil,Mato Grosso,Deforestation_Hotspot,-57.69191859,-8.827429887,2021,217.719147,231,256,422,219,731,2296,2965,3178,3307,3088,1474,589,64,2855,4,23,43,25,0.871062696,2.875048581,-0.765555561
Brazil,Mato Grosso,Deforestation_Hotspot,-51.47395985,-6.496481387,2021,43.1581459,170,234,420,241,709,2241,2830,2828,3252,3377,1675,725,75,3206,4,27,43,27,0.842945576,2.566468254,-0.741379321
Brazil,Mato Grosso,Deforestation_Hotspot,-53.48950986,-11.02830233,2021,64.4977951,234,213.5,368,205.5,673.5,2123,2672.5,2436.5,2963,3216,1504,604.5,66,2435.5,4,21.5,37.5,22.5,0.844436049,2.695421046,-0.737564623
Brazil,Mato Grosso,Deforestation_Hotspot,-52.32807803,-10.76249084,2021,72.759651,167.5,225.5,445,238,658,1969,2359.5,2947,2653,2701.5,1285.5,531,63,2351,4,25,45.5,23.5,0.850549459,2.522581246,-0.73761791
Brazil,Mato Grosso,Deforestation_Hotspot,-54.90273946,-7.050921581,2021,18.656309,204,213,375,161,804,2794,3722,3144,3978,3662,1608,655,63,2799,4,17,38,23,0.902571857,2.966978317,-0.786871254
Brazil,Mato Grosso,Deforestation_Hotspot,-55.88873032,-7.210821701,2021,86.470963,181,244,460,219.5,778.5,2518.5,3185,3224,3523,3241.5,1631.5,665,70,3158,4,23,47,25,0.872513413,2.769634956,-0.75027144
Brazil,Mato Grosso,Deforestation_Hotspot,-55.26907243,-9.051020561,2021,91.375328,184,206,433,226,848,2984,3796,3495,4137,3906,1741,720,61,2267,4,23,43,23,0.878527284,2.471273057,-0.779531538
Brazil,Mato Grosso,Deforestation_Hotspot,-50.19583687,-11.79582291,2021,1.257624984,297,366.5,608.5,532,975,1888.5,2178,2313,2459,2268,2234.5,1321,70,1957.5,4,54,62,37.5,0.626010537,1.61483362,-0.583433151
Brazil,Mato Grosso,Deforestation_Hotspot,-57.92107882,-10.7412906,2021,24.87711716,156,205,326,215,577,1535,1929,2165,2288,3053,1152,503,70,2329,4,22,33,21,0.819327712,2.541047694,-0.738257706
Brazil,Mato Grosso,Deforestation_Hotspot,-54.79053988,-6.200306838,2021,344.504028,181.5,223,378.5,235.5,757.5,2286,2970,2858.5,3257.5,3366,1458,612.5,64,3041,4,23.5,38,24,0.847769856,2.522115385,-0.766141474
Brazil,Mato Grosso,Deforestation_Hotspot,-56.73925523,-10.51554397,2021,20.381969,247,264.5,457,267,802,2089.5,2533,2760,2870,2960.5,1422.5,586,98,2522.5,4,27.5,47,27.5,0.823587716,2.619522959,-0.715884387
Brazil,Mato Grosso,Deforestation_Hotspot,-50.66358964,-6.589996009,2021,23.16236115,204.5,217.5,417,214,688.5,2575,3234.5,3284,3471.5,3457.5,1716.5,705.5,55.5,2790,4,22,42.5,23,0.87764436,2.612543613,-0.774655521
Brazil,Mato Grosso,Deforestation_Hotspot,-52.98420751,-6.586043421,2021,128.6468201,212.5,211.5,413.5,245.5,688,2097.5,2633.5,2938,3005,3479.5,1596.5,718.5,69,2979,4,25.5,42.5,22,0.84576726,2.382110944,-0.753244817
Brazil,Mato Grosso,Deforestation_Hotspot,-54.81075198,-6.933691436,2021,48.29520798,214,224,324,152,630,2246,2875,2813,3278,3339,1402,555,64,2680,4,16,33,22,0.897470474,3.251466276,-0.793433189
Brazil,Mato Grosso,Deforestation_Hotspot,-57.59121744,-11.01240215,2021,45.98184967,341.5,474.5,753,921.5,1410,2180.5,2496.5,2576.5,2964,2773,2854,1661.5,86,2325.5,4,93,76.5,51.5,0.473127514,0.909790556,-0.547679842
Brazil,Mato Grosso,Deforestation_Hotspot,-51.97872321,-9.285031692,2021,34.657501,268,281,472,354,857,2196,2673,2456,2995,2713,1824,904,75,2397,4,36,49,30,0.748042703,2.124519911,-0.677595615
Brazil,Mato Grosso,Deforestation_Hotspot,-54.92699397,-6.834517429,2021,72.8299942,209,257,398,210,640,1934,2529,2846,2824,3021,1509,619,64,2717,4,22,41,26,0.862565458,3.023629273,-0.75462395
Brazil,Mato Grosso,Deforestation_Hotspot,-51.71776262,-6.171920075,2021,0.000149,223,205,426,200,748,2634,3324,3316,3656,3174,1618,671,70,2979,4,21,44,23,0.886234343,2.61453264,-0.77231425
Brazil,Mato Grosso,Deforestation_Hotspot,-51.16098681,-11.32753115,2021,8.174386024,352,477,739,798,1378,2124,2410,2630,2801,2908,3057,1766,64,2147,4,81,76,48,0.534422398,1.192242614,-0.561294138
Brazil,Mato Grosso,Deforestation_Hotspot,-54.63468218,-9.460921825,2021,43.31480408,154,237,408,240,752,2316,2916,2907,3159,3186,1370,583,67,2253,4,26,42,25,0.8474738,2.593853336,-0.753846169
Brazil,Mato Grosso,Deforestation_Hotspot,-55.61582213,-9.24020576,2021,190.8563995,218,202,374,196,696,2187,2726,2567,3035,3048,1327,535,69,2577,4,20,38,21,0.85812521,2.659264244,-0.745664716
Brazil,Mato Grosso,Deforestation_Hotspot,-53.52014241,-11.33346003,2021,174.040939,180,229,398.5,224.5,684,2201.5,2745.5,2731.5,3046.5,3010.5,1363.5,534.5,68.5,2379.5,4,23,41,23.5,0.84810555,2.653471634,-0.745367408
Brazil,Mato Grosso,Deforestation_Hotspot,-53.39195282,-10.8640903,2021,4.182940006,163,216.2222222,375.5555556,196.8125,660.8888889,2201,2874.5,2896.5,3162,3051.333333,1395.777778,567.3076923,63,2453.666667,4,20,38,22,0.872749686,2.747260901,-0.770446718
Brazil,Mato Grosso,Deforestation_Hotspot,-50.1292717,-11.40011503,2021,17.13894272,205,265,454,330,831,1987,2372,2492,2657,2811,1574,719,70,2121,4,33,47,27,0.766123295,2.174612754,-0.691785455
Brazil,Mato Grosso,Deforestation_Hotspot,-52.23492273,-11.64858904,2021,80.147133,147.5,194.5,353.5,229,577.5,1839.5,2423,2716,2713,2632.5,1346.5,563.5,68.5,2089,4,23,36,20.5,0.844482183,2.362047678,-0.769669354
Brazil,Mato Grosso,Deforestation_Hotspot,-50.50404884,-7.643719837,2021,58.95601654,188.5,237,406,262,725,2304.5,2874.5,3166,3210,3098.5,1642.5,717,59.5,2327.5,4,26.5,41.5,25,0.847141206,2.451460409,-0.772676349
Brazil,Mato Grosso,Deforestation_Hotspot,-56.98566311,-11.65236196,2021,124.0539398,208.6666667,267.7272727,429.2,267.0526316,754.1333333,2283.5,2886,3271.2,3221.666667,3156.307692,1550.105263,649.2666667,70,2469.5,4,27,45,27,0.849048316,2.619992312,-0.7680251
Brazil,Mato Grosso,Deforestation_Hotspot,-51.82780624,-8.474841138,2021,32.30710983,149,176,351,176,608,2087,2649,2846,3002,3044,1316,528,68,2473,4,19,36,18,0.883520842,2.584204413,-0.780419171
Brazil,Mato Grosso,Deforestation_Hotspot,-54.01592261,-6.052803469,2021,3.26513195,297,412.5,712,737.5,1315,2097,2431,2491,2794,2819,2558.5,1372.5,64,2796,4,75.5,73,43,0.543131471,1.146603021,-0.555416822
Brazil,Mato Grosso,Deforestation_Hotspot,-53.65506936,-8.610037588,2021,25.98176003,181.5,263,494.5,244.5,823,2851.5,3614.5,3972.5,3926.5,3682.5,1751,721.5,63,2647,4,25,51.5,27,0.884040773,2.687427912,-0.778598607
Brazil,Mato Grosso,Deforestation_Hotspot,-57.63819933,-11.70590155,2021,108.4300461,196.5,205,313,186.5,648,2027.5,2556,2227.5,2879.5,3031.5,1332,522.5,74,2350,4,20,33,19.5,0.845484674,2.819060773,-0.753591835
Brazil,Mato Grosso,Deforestation_Hotspot,-50.75063639,-6.589546851,2021,66.301842,198,174,269,157,586,1911,2486,2144,2786,3219,1429,592,63,2660,4,16,28,18,0.86353761,2.787598204,-0.777041018
Brazil,Mato Grosso,Deforestation_Hotspot,-57.40454753,-9.393907505,2021,14.41471195,356,487.5,707.5,889.5,1223.5,2080.5,2441.5,2475,2834.5,2772,2708,1548.5,83,2848,4,90.5,73,49.5,0.471243858,0.953569495,-0.555381
Brazil,Mato Grosso,Deforestation_Hotspot,-51.09019956,-11.23716064,2021,2.398073912,303,313,502,504,941,1727,2042,2132,2339,2277,2257,1293,64,2118,4,53,52,32,0.617602408,1.448656345,-0.618830681
Brazil,Mato Grosso,Deforestation_Hotspot,-51.02004114,-9.404597457,2021,1.061925054,512.5,601,957.5,1326,1898.5,2719,3189,3286,3578.5,3508.5,3586,2124,69,2304,4,135,97.5,62,0.424978316,0.727488679,-0.548721552
Brazil,Mato Grosso,Deforestation_Hotspot,-55.69199927,-11.52012995,2021,0.970350027,670.5,791.5,1240,2068,2378.5,2512,2633.5,2603,2741.5,2751,4234,3800,83,2333.5,5,210,125.5,81.5,0.114536501,0.147370741,-0.354670823
Brazil,Mato Grosso,Deforestation_Hotspot,-51.7601631,-7.295622664,2021,127.271378,204,222.5,349.5,199.5,651,2042.5,2658,2659.5,3036,3051,1518.5,651.5,70,2961,4,22,36,23.5,0.860440731,2.809822958,-0.767696917
Brazil,Mato Grosso,Deforestation_Hotspot,-54.18273976,-7.196718151,2021,124.596649,158,216,351,184,598,2257,2985,3320,3164,3114,1343,550,63,2586,4,19,36,20,0.894977152,2.795008913,-0.808771431
Brazil,Mato Grosso,Deforestation_Hotspot,-57.4509006,-6.554153229,2021,124.367699,176.5,209.5,374,170.5,603,2079.5,2662.5,2868,2987,3245,1297,497,67.5,3422,4,18,38,21.5,0.887773573,2.905849402,-0.769278228
Brazil,Mato Grosso,Deforestation_Hotspot,-50.15765847,-9.413400947,2021,2.378324032,300,321,491,473,811,1286,1474,1664,1697,1693,2027,1240,76,2571,4,49,50,35,0.557323337,1.420901933,-0.544315517
Brazil,Mato Grosso,Deforestation_Hotspot,-57.00596504,-6.615148836,2021,125.891098,130,167.5,308,135,556.5,2136.5,2753,2858.5,3129,2940.5,1255.5,493,60,3053.5,4,14,32,17.5,0.909804583,2.821402673,-0.805463433
Brazil,Mato Grosso,Deforestation_Hotspot,-51.01231563,-10.49802682,2021,0.138291001,317,434,622.5,865.5,1276.5,1613,1867,1967,2247,2762.5,3164.5,1879.5,64,2039,5,88.5,64,42.5,0.388879091,0.70500512,-0.519212186
Brazil,Mato Grosso,Deforestation_Hotspot,-51.76788861,-9.452657324,2021,1.331117034,304.5,436,695,935.5,1352,1778.5,2036.5,2157,2431,2507.5,3274.5,2022,78,2146.5,5,95.5,71,45,0.394987881,0.678460342,-0.512622714
Brazil,Mato Grosso,Deforestation_Hotspot,-52.29052845,-10.58462441,2021,2.729218006,348,448,699,928,1395,1930,2169,2306,2581,2548.5,3226.5,2086,63,2085,4.5,94,71,46,0.426097721,0.763012182,-0.534775376
Brazil,Mato Grosso,Deforestation_Hotspot,-57.49123495,-9.803449443,2021,216.906128,242.5,257,409.5,214,746,2349,3056.5,2883.5,3353.5,3209,1503.5,618,81,2767,4,22,42.5,27,0.861824036,2.978023204,-0.751290619
Brazil,Mato Grosso,Deforestation_Hotspot,-51.8447844,-7.187016346,2021,19.80449104,177,214,378,215.5,711.5,2302.5,2936.5,2993.5,3238,3240,1645,707,75,2972,4,22,39,22.5,0.865690231,2.589002796,-0.775767446
Brazil,Mato Grosso,Deforestation_Hotspot,-51.39904036,-6.035735478,2021,0.607263029,446,536,799,985,1492,2427,2741,2769,3210,3255,3091,1901,62,2579,4,101,82,58,0.475226432,0.957081545,-0.552130044
Brazil,Mato Grosso,Deforestation_Hotspot,-55.11411305,-6.925426936,2021,1.331117034,547.5,627.5,880.5,1189,1648.5,2128.5,2460,2474,2827,2880.5,3928.5,2510,75,2478.5,5,122,89,63.5,0.350805342,0.655244506,-0.475033551
Brazil,Mato Grosso,Deforestation_Hotspot,-50.87056148,-7.530442279,2021,67.14521027,232,277,539.5,317.5,898.5,2479.5,3019.5,3216.5,3335.5,3246,1821,830.5,70,2281.5,4,33.5,55.5,31,0.820316911,2.380131363,-0.712726295
Brazil,Mato Grosso,Deforestation_Hotspot,-55.07144307,-8.852942041,2021,84.26266479,212,213,351,200,644,2052,2531,2408,2812,3126,1402,586,56,2257,4,22,36,23,0.846625745,2.744220731,-0.74555999
Brazil,Mato Grosso,Deforestation_Hotspot,-51.21488573,-7.089189812,2021,360.51709,142,220,420,221,709,2599,3306,3570,3596,3374,1556,630,68,3005,4,24,44,21,0.88340807,2.578534031,-0.789473712
Brazil,Mato Grosso,Deforestation_Hotspot,-57.41182388,-9.320065989,2021,8.538611412,263.5,250,424.5,273.5,885,2365.5,2907.5,2692.5,3280.5,3419.5,1810,803,80,2871.5,4,29,44,25,0.815576553,2.458833096,-0.727622688
Brazil,Mato Grosso,Deforestation_Hotspot,-57.89862093,-10.1640332,2021,166.551178,238,222,403.5,222.5,647,2191.5,2698,2684,3061.5,3196.5,1533.5,653.5,72,2562.5,4,22.5,41,23,0.84689492,2.613057325,-0.7386235
Brazil,Mato Grosso,Deforestation_Hotspot,-54.11312033,-9.20966304,2021,118.906807,124,176,312,148,585,2016,2600,2612,2903,3165,1224,470,57,2494,4,16,32,18,0.892753601,2.824392481,-0.786593735
Brazil,Mato Grosso,Deforestation_Hotspot,-57.7412361,-6.866407621,2021,40.235222,309,303,565.5,335,1155,2317,2827,3200.5,3140.5,3232,2246,1209,67,3071,4,33.5,59,31.5,0.810493588,2.437478734,-0.699681342
Brazil,Mato Grosso,Deforestation_Hotspot,-53.75271623,-10.82815769,2021,2.529058933,238.5,297.5,428.5,380.5,702,1729,2090,2101.5,2346.5,2439.5,1857,1004.5,63,2216.5,4,39,44,30.5,0.693392396,1.997214808,-0.661264837
Brazil,Mato Grosso,Deforestation_Hotspot,-52.19970877,-11.79896702,2021,58.83950043,110.5,195,331,211,643,2057.5,2664.5,2478,2966.5,2834,1286,515,63,2186.5,4,22,34,19.5,0.843064308,2.483023001,-0.764328957
Brazil,Mato Grosso,Deforestation_Hotspot,-56.62759464,-7.659979343,2021,239.296844,163.5,194.5,343,177,597.5,2057.5,2623,2419.5,2985.5,3214,1473.5,621.5,58,2615.5,4,18,35.5,21,0.863662601,2.770228536,-0.751674235
Brazil,Mato Grosso,Deforestation_Hotspot,-54.26834921,-11.96443669,2021,126.9014359,227.5,216.5,373,223,663.5,1914.5,2430,2336,2726,3046.5,1408,579,63,2211.5,4,23,38.5,22.5,0.825713158,2.575258988,-0.724621654
Brazil,Mato Grosso,Deforestation_Hotspot,-54.07188766,-6.12871111,2021,45.927979,192,205.5,373.5,191.5,633,2169.5,2846,3028.5,3117.5,2916.5,1524,642,64,2988,4,21,38.5,23,0.881055892,2.689354441,-0.780423284
Brazil,Mato Grosso,Deforestation_Hotspot,-54.42034415,-8.562606541,2021,146.4775696,139,210,377.5,197,646.5,2036.5,2548,2628.5,2905.5,2959.5,1165,475,60,2671.5,4,20.5,39,20,0.860555649,2.717974514,-0.748835683
Brazil,Mato Grosso,Deforestation_Hotspot,-56.51225096,-11.252432,2021,251.203552,258,245,396,236,691,2068,2502,2390,2821,2836,1336,560,63,2378,4,25,41,24,0.820258975,2.734196497,-0.715721488
Brazil,Mato Grosso,Deforestation_Hotspot,-56.88487214,-7.431088609,2021,29.95476723,199.5,232,429.5,246.5,796,2464.5,3092,3295.5,3482,2946.5,1482,628.5,57,2937,4,26,44,24,0.860813081,2.511118432,-0.769395947
Brazil,Mato Grosso,Deforestation_Hotspot,-55.60800679,-6.404314239,2021,57.12537766,287.5,291,485.5,265.5,812.5,2589,3339.5,3318,3669.5,3749,1688,718,75.5,3222.5,4,27.5,50,30,0.851820827,2.795841729,-0.744708836
Brazil,Mato Grosso,Deforestation_Hotspot,-56.11555493,-7.686299981,2021,329.432983,188,271.5,506,247,728,2809.5,3538.5,4170.5,3941,3470,1612.5,644,60,2709,4,26.5,52,28,0.88817203,2.71165941,-0.78359884
Brazil,Mato Grosso,Deforestation_Hotspot,-51.28028308,-11.75468007,2021,2.066807985,282,318,576,434,1081,2163,2488,2610,2844,2778,1838,900,64,2018,4,45,59,34,0.714848876,1.922261484,-0.638418078
Brazil,Mato Grosso,Deforestation_Hotspot,-55.6672956,-10.74632117,2021,1.228435993,569.5,739,1012.5,1468,1812,2167,2426,2664,2874,2871.5,4179.5,2740.5,86,2185.5,5,150.5,104,75.5,0.289448202,0.504173341,-0.449204415
Brazil,Mato Grosso,Deforestation_Hotspot,-56.27536522,-7.586586985,2021,282.633301,114,189,384.5,169,507,1886.5,2494,2968.5,2698.5,3082.5,1196,475,58,2779,4,18,39.5,18.5,0.892270923,2.727494154,-0.770653129
Brazil,Mato Grosso,Deforestation_Hotspot,-56.73943489,-8.248735181,2021,151.779419,281,296,415,263,735,2384,3095,2912,3325,3257,1322,542,62,2642,4,27,43,31,0.834330738,2.916116248,-0.750526011
Brazil,Mato Grosso,Deforestation_Hotspot,-55.66810408,-8.686663882,2021,180.855682,191,222.5,390,209,674.5,2221.5,2837,3074,3108.5,3135.5,1376,567.5,56,2153.5,4,21,40,22.5,0.872677445,2.692416126,-0.774826765
Brazil,Mato Grosso,Deforestation_Hotspot,-57.49204344,-9.672475074,2021,103.251228,257,243,386,239.5,700,2054,2637.5,2496,2962.5,2983,1498,636.5,82.5,2770,4,24.5,38.5,25,0.824894905,2.671678901,-0.732130468
Brazil,Mato Grosso,Deforestation_Hotspot,-55.52617027,-9.002062378,2021,81.04230499,121,171.5,355,158,622,2296,2965,2920.5,3254,3325.5,1298.5,488,56,2016.5,4,16.5,36.5,18,0.897352636,2.673473338,-0.783239186
Brazil,Mato Grosso,Deforestation_Hotspot,-56.05168471,-10.7891708,2021,121.1671295,240,234,397,231,781,2265,2794,2766,3082,2998,1515,653,92,2277,4,24,41,25,0.845845819,2.642827356,-0.748972476
Brazil,Mato Grosso,Deforestation_Hotspot,-53.57035823,-11.01015636,2021,52.29164505,225.5,230.5,405.5,214.5,759,2447,3104.5,3196,3372,3239.5,1583,639,66,2421.5,4,22.5,42,24.5,0.874211967,2.705289901,-0.774816036
Brazil,Mato Grosso,Deforestation_Hotspot,-55.4949089,-8.871357504,2021,171.855881,139.5,179.5,394.5,180,724,2774,3520,3682,3788.5,3617,1475,573,56,2193.5,4,19,41,18.5,0.906784058,2.562376527,-0.806451619
Brazil,Mato Grosso,Deforestation_Hotspot,-54.07700805,-10.44601437,2021,1.061925054,823.5,982,1294,1664,2001,2193,2349.5,2354.5,2533,2530,3692,2501,68,2303.5,5,169.5,132,100,0.171830282,0.347019801,-0.290667385
Brazil,Mato Grosso,Deforestation_Hotspot,-52.03864084,-7.631053591,2021,477.054382,307.5,195,354.5,247,715,2114.5,2622,2351.5,2962,2735,1667.5,736,68,2600.5,4,26.5,35.5,20,0.80989033,2.218064924,-0.737989664
Brazil,Mato Grosso,Deforestation_Hotspot,-55.29440493,-7.072930305,2021,3.468842983,275,327,594,476,1154,2534,3096,2924,3422,3131,2353,1239,79,2515,4,48,61,34,0.720000029,1.838666066,-0.662308156
Brazil,Mato Grosso,Deforestation_Hotspot,-56.30456046,-8.105813219,2021,128.479935,144.5,189,334,181.5,714.5,2314,3035,2720,3386.5,3392,1359.5,562,58,2708.5,4,19,34,20.5,0.874892294,2.652560084,-0.781270444
Brazil,Mato Grosso,Deforestation_Hotspot,-57.98360156,-11.24632345,2021,66.455406,186,252,451,279,703,2038,2592,2698,2860,2879,1449,631,81,2588,4,29,44,26,0.812563002,2.43556182,-0.713559866
Brazil,Mato Grosso,Deforestation_Hotspot,-53.86293952,-6.267141495,2021,344.159668,143.5,202.5,364.5,175,701,2466.5,3103,3274.5,3359.5,3214,1392.5,551.5,64,2861.5,4,18.5,38,21,0.898536026,2.760755322,-0.799670219
Brazil,Mato Grosso,Deforestation_Hotspot,-50.02264168,-9.474037228,2021,0.375764996,225,282,478,358,801,1730,2084,2248,2357,2492,1644,775,64,2416,4,38,49,30,0.72524941,2.070552147,-0.649303019
Brazil,Mato Grosso,Deforestation_Hotspot,-57.82594723,-10.76832989,2021,1.228435993,373,547,807,1198,1579,1949,2223,2371,2612,2585,3443,2140,75,2328,5,121,83,56,0.328663498,0.537333944,-0.492133409
Brazil,Mato Grosso,Deforestation_Hotspot,-55.78578339,-11.24650312,2021,24.54120827,315.5,277,436,290,793.5,2291,2873.5,2895,3235.5,3256,1603.5,697.5,82.5,2586,4,30.5,45,28.5,0.817896366,2.545436779,-0.738216758
Brazil,Mato Grosso,Deforestation_Hotspot,-51.26249644,-7.025499258,2021,0.347241998,175,202,383,173,692,2802,3620,3508,3936,3626,1546,623,69,3078,4,18,39,21,0.906003833,2.749835092,-0.803135455
Brazil,Mato Grosso,Deforestation_Hotspot,-52.94180703,-10.19682171,2021,103.6915054,219,214,386,235,752,2240,2830,2872,3170,3265,1490,597,63,2506,4,24,40,22,0.848728657,2.461725168,-0.763044834
Brazil,Mato Grosso,Deforestation_Hotspot,-57.35567918,-7.011934697,2021,217.813828,191,168.5,249.5,131.5,572,2019,2751,2074,2932.5,3169.5,1279.5,505.5,67,3045,4,13.5,25,18,0.880752683,3.034682081,-0.785237789
Brazil,Mato Grosso,Deforestation_Hotspot,-51.29142219,-8.876747396,2021,1.500722051,500,647,922,1322,1718,2126,2392,2512,2792,2800,3961,2668,75,2369,5,135,94,66,0.310380816,0.53196245,-0.463016897
Brazil,Mato Grosso,Deforestation_Hotspot,-57.06749963,-6.628623566,2021,114.08535,156,191,357.5,168.5,569,2297.5,2944,3155,3159.5,3603.5,1414.5,553.5,63,3202.5,4,17.5,37.5,20,0.898600876,2.730389468,-0.796441257
Brazil,Mato Grosso,Deforestation_Hotspot,-54.25011341,-7.828952448,2021,251.136078,165.5,199,296,146.5,550.5,1857.5,2312.5,2260,2587,2903,1160,484.5,57,2401.5,4,15.5,31.5,20.5,0.878246427,3.207132018,-0.768388093
Brazil,Mato Grosso,Deforestation_Hotspot,-51.20949583,-9.909001489,2021,1.061925054,550,703,1024,1584,1987,2268,2535,2754,2936,3024,4285,2914,69,2336,5,161,105,72,0.269709557,0.418664567,-0.457914233
Brazil,Mato Grosso,Deforestation_Hotspot,-52.56074168,-9.847556723,2021,51.97628403,165,201,438,224,774,2221,2759,2987,2996,3017,1393,575,75,2374,4,23,45,22,0.860479593,2.445565587,-0.744233549
Brazil,Mato Grosso,Deforestation_Hotspot,-51.13924758,-11.66592652,2021,1.530784011,345,535,774,828,1220,2045,2326,2438,2699,2884,2707,1824,64,2021,4,84,78,54,0.492957741,1.185741641,-0.518057287
Brazil,Mato Grosso,Deforestation_Hotspot,-57.33483826,-7.487053651,2021,265.096222,204.5,198.5,317,176.5,677.5,2432,3190.5,2366,3453,3477,1546.5,610,63,2831,4,18.5,32,22,0.861160278,2.825525874,-0.763697326
Brazil,Mato Grosso,Deforestation_Hotspot,-54.01520396,-8.661331391,2021,285.381195,126,219,418.5,199,662.5,2023,2524.5,2963,2795.5,2797,1232,496,57,2533,4,20.5,43,23,0.874130309,2.746968793,-0.752476692
Brazil,Mato Grosso,Deforestation_Hotspot,-57.18976034,-8.600515446,2021,110.449234,260,284,471,253,726,2376,3096,3708,3461,3221,1641,710,64,2821,4,25,48,29,0.872254491,2.788989345,-0.774587214
Brazil,Mato Grosso,Deforestation_Hotspot,-50.66574559,-7.490197755,2021,0.003589,362.5,440.5,702,670.5,1296,2167,2490,2596.5,2876.5,3051.5,2409.5,1363.5,77,2185.5,4,67.5,72.5,42,0.58953166,1.451722319,-0.574351966
Brazil,Mato Grosso,Deforestation_Hotspot,-57.14762936,-10.41214788,2021,21.72302437,199,225,414,217,686,2100,2678,2947,2881,3040,1174,487,86,2443,4,23,43,23,0.862831831,2.663414634,-0.753644764
Brazil,Mato Grosso,Deforestation_Hotspot,-54.23196744,-10.88771599,2021,54.00592041,203.5714286,284.3333333,522.4,290.1666667,804.6153846,2243.25,2820.555556,3084.333333,3092.333333,3047.8,1571.333333,636.4285714,62.90625,2540,4,31,54,29,0.828023911,2.593113902,-0.710319579
Brazil,Mato Grosso,Deforestation_Hotspot,-57.47488561,-6.658357802,2021,172.109955,214,288,526,259,837.5,2438,3098,3366,3438,3376,1618.5,657,67,3408.5,4,28,54,29.5,0.857103467,2.813292285,-0.729701936
Brazil,Mato Grosso,Deforestation_Hotspot,-53.98564939,-8.245950403,2021,53.293381,140.5,216,398.5,180.5,702.5,2203,2801,2882,3134,2976,1419,570,57,2714.5,4,19,41,22.5,0.882122457,2.878836317,-0.757049203
Brazil,Mato Grosso,Deforestation_Hotspot,-57.7312648,-7.76265678,2021,147.799606,206.5,267,434.5,248,665,2111,2762.5,2957,3035,3333.5,1418.5,566,67.5,2957,4,26,44.5,27.5,0.845241785,2.771639042,-0.743771195
Brazil,Mato Grosso,Deforestation_Hotspot,-55.20610053,-8.700228442,2021,245.240158,183,187,312.5,175,599,2145,2751.5,2881,3002.5,3344,1412,616,56,2072.5,4,18.5,33,19.5,0.885471225,2.674441589,-0.804289937
Brazil,Mato Grosso,Deforestation_Hotspot,-52.77274409,-7.802901305,2021,41.25181198,207,216.5,423.5,233.5,693,2289,2888,3159.5,3208,3197.5,1644,692,69,2763.5,4,23.5,43.5,22.5,0.862363696,2.490000851,-0.763605893
Brazil,Mato Grosso,Deforestation_Hotspot,-53.62021473,-9.659449503,2021,35.42339325,232,252.5,465.5,266.5,799,1987,2353.5,2518,2673,2859.5,1483,651.5,69,2603,4,27.5,48,26,0.8085832,2.530628302,-0.687950373
Brazil,Mato Grosso,Deforestation_Hotspot,-52.59388952,-10.86031737,2021,110.786293,215.5,239,387,236,720.5,2231.5,2729,2587,3111.5,3058,1484.5,619,66,2386.5,4,25,40,24,0.832801998,2.657698395,-0.739744425
Brazil,Mato Grosso,Deforestation_Hotspot,-54.19127376,-10.05354042,2021,2.602649927,392,506.5,789.5,970.5,1568,2288.5,2561.5,2733.5,3004.5,3036,2856.5,1646,63,2458.5,4,99,81,52,0.475971907,0.9261886,-0.551802456
Brazil,Mato Grosso,Deforestation_Hotspot,-57.54495421,-6.777204914,2021,49.53423309,486,292,566,324,955,2661.5,3105.5,2973.5,3438,3057,1844.5,834.5,67,3440,4,33.5,58,32,0.80348748,2.427615906,-0.680180788
Brazil,Mato Grosso,Deforestation_Hotspot,-55.88423874,-9.19259505,2021,136.111542,193,236,416,201,739,2422,3074,2766,3272,3199,1391,555,69,2705,4,22,44,25,0.864509583,2.91080345,-0.738529205
Brazil,Mato Grosso,Deforestation_Hotspot,-52.29537935,-8.701126758,2021,140.425674,156,201,408,191.5,809.5,2641,3335,3255,3651,3349.5,1345.5,543,75,2970.5,4,20.5,43.5,20.5,0.888872743,2.64322692,-0.777231753
Brazil,Mato Grosso,Deforestation_Hotspot,-51.08400119,-8.746940837,2021,39.57411575,270,281,488,320.5,868,2524.5,3129,3501,3483.5,3634.5,1799,805,82.5,2287,4,33,50,29,0.832264841,2.396759608,-0.755327165
Brazil,Mato Grosso,Deforestation_Hotspot,-54.79997219,-11.58696461,2021,118.8776855,265,271,412,261,665,1901,2381,2396,2657,2692,1295,540,80,2352,4,27,42,28,0.803537846,2.764827765,-0.706552684
Brazil,Mato Grosso,Deforestation_Hotspot,-51.72665594,-9.353393486,2021,1.257357001,523.5,768,1133,1803,2138,2283.5,2469.5,2615,2784.5,2827.5,4022,3031.5,75,2331.5,5,184,116,78.5,0.183793575,0.26452958,-0.395410895
Brazil,Mato Grosso,Deforestation_Hotspot,-56.71886347,-7.747205758,2021,105.230629,160,334,566,646,1058.5,2364.5,2950,2837.5,3253,3136.5,1977,987.5,57,2802,4,66.5,58,33,0.629108667,1.301520371,-0.667401195
Brazil,Mato Grosso,Deforestation_Hotspot,-51.18353452,-10.5273119,2021,293.279694,241,271,426,271.5,758.5,2007.5,2446,2350,2654.5,3042.5,1566.5,728.5,58.5,2061,4,28,43,28,0.792866707,2.668164313,-0.693083584
Brazil,Mato Grosso,Deforestation_Hotspot,-53.47307069,-10.81971352,2021,118.6991501,227,290,499,290,779,2224,2746,2949,3092,3006,1475,632,63,2350,4,30,50,30,0.820932388,2.643141153,-0.710556865
Brazil,Mato Grosso,Deforestation_Hotspot,-51.61589367,-11.94170931,2021,3.624110937,432,454,740,822,1325,1289.5,1428.5,910.5,1482.5,2626.5,2313,1712.5,69,1975.5,5,84.5,76,47,0.05108225,0.090732007,-0.103302032
Brazil,Mato Grosso,Deforestation_Hotspot,-57.33358062,-8.47439198,2021,183.901642,167,193,321,161,694,2185,2711,2525,3108,3307,1330,528,64,2736,4,17,33,20,0.880119145,2.890682318,-0.774420261
Brazil,Mato Grosso,Deforestation_Hotspot,-54.86303393,-8.837401186,2021,0.305489004,252,352,616,419,1132,2168,2461,2729,2794,2800,1862,914,56,2215,4,44,63,35,0.733799219,2.217741935,-0.631689072
Brazil,Mato Grosso,Deforestation_Hotspot,-54.03649403,-7.28071063,2021,180.843445,203,260,376,202,584,2282.5,3034.5,3138,3289,3263,1412.5,612.5,63,2654.5,4,21.5,39,27,0.87904191,3.057059559,-0.785998881
Brazil,Mato Grosso,Deforestation_Hotspot,-51.60107147,-7.578861473,2021,79.317413,137,175,349,185,613,2087,2674,2608,2910,3177,1326,536,64,2918,4,19,36,18,0.867525935,2.517141076,-0.763949931
Brazil,Mato Grosso,Deforestation_Hotspot,-50.2124557,-9.32428807,2021,28.47727013,246,322,557,357,874,2381,2880,2940,3162,2983,1600,697,76,2503,4,37,57,32,0.783439517,2.420352324,-0.681441247
Brazil,Mato Grosso,Deforestation_Hotspot,-50.37729655,-9.117316229,2021,4.898441792,277,311,500,571,1079,1983,2398,2294,2710,2731,2374,1229,70,2316,4,59,51,33,0.601396143,1.27121145,-0.642090201
Brazil,Mato Grosso,Deforestation_Hotspot,-53.99265625,-6.933781268,2021,9.623597145,140,209,348,181,608,2136,2827,2839,3017,3212,1433,587,64,2625,4,19,36,21,0.880132437,2.81746873,-0.781612813
Brazil,Mato Grosso,Deforestation_Hotspot,-52.49291888,-11.22718934,2021,1.437880993,315.5,457,667.5,1109,1361,1599.5,1881,2030,2321,2320.5,3600.5,2329.5,71.5,1985,5,114,67.5,46.5,0.293405533,0.437945792,-0.50509733
Brazil,Mato Grosso,Deforestation_Hotspot,-51.47593615,-10.57411413,2021,26.20060539,301.5,290,442.5,363.5,955,1962,2319,2470,2677.5,2820,1977.5,1000.5,63,2202,4,37.5,45.5,30,0.743426859,2.12605975,-0.696137369
Brazil,Mato Grosso,Deforestation_Hotspot,-53.11617002,-8.639771824,2021,106.3082657,221.5,219.5,420.5,221.5,747,2339,3022.5,3138,3228.5,3317.5,1640.5,694,63,2796.5,4,23.5,42.5,22,0.868135154,2.583946133,-0.763664484
Brazil,Mato Grosso,Deforestation_Hotspot,-56.48970324,-7.589731088,2021,70.11326599,139.5,159.5,307,144,607.5,2196.5,2987.5,2896.5,3290,3215.5,1361,550.5,57,2682.5,4,15.5,31.5,18,0.905278742,2.682487087,-0.808334649
Brazil,Mato Grosso,Deforestation_Hotspot,-53.01088747,-11.3535823,2021,54.59370422,167,230,388,230,682,1902,2347,2440,2636,2803,1293,555,69,2381,4,24,40,25,0.827715337,2.635973282,-0.725601137
Brazil,Mato Grosso,Deforestation_Hotspot,-54.04763314,-6.134460328,2021,277.832092,193,159.5,229,125.5,478,1712.5,2190,1825,2394,3010.5,1158,473,64,2847.5,4,13,23,17.5,0.871315062,3.072681251,-0.777020454
Brazil,Mato Grosso,Deforestation_Hotspot,-51.23294186,-10.61902989,2021,126.3451157,216.5,227.5,343.5,264.5,781.5,1850,2196,2009,2478,2426.5,1688,862,61,2376,4,27,35,23,0.767319083,2.306624355,-0.707970262
Brazil,Mato Grosso,Deforestation_Hotspot,-57.84957292,-7.713518934,2021,126.539459,213,225,374,191,688.5,2148,2833.5,2870,3100,3414,1471,602.5,65,2970.5,4,20,38.5,23,0.875204206,2.875080489,-0.769420445
Brazil,Mato Grosso,Deforestation_Hotspot,-55.33608675,-9.314765928,2021,200.383743,234,228,393,203,748,2519,3245,2918,3556,3090,1502,598,68,2575,4,21,40,23,0.869913518,2.796662546,-0.762609482
Brazil,Mato Grosso,Deforestation_Hotspot,-54.21328248,-9.399656723,2022,201.430389,112,161,311,168,642,1896,2410,2276,2711,2817,1174,471,57,2348,4,17,33,17,0.862520456,2.536702768,-0.759567082
Brazil,Mato Grosso,Deforestation_Hotspot,-51.42374403,-6.846285359,2022,5.692786217,323,345,608,566,1197,2327,2724,2986,3220,2991,2649,1411,64,2834,4,58,62,37,0.681306303,1.593992886,-0.661658347
Brazil,Mato Grosso,Deforestation_Hotspot,-56.51386792,-7.949865686,2022,154.329971,200.5,205,383,197,632.5,2050.5,2625,2802,2968,2818,1381,613,60,3007,4,20,38.5,23,0.868622899,2.660878447,-0.759497643
Brazil,Mato Grosso,Deforestation_Hotspot,-56.95296443,-8.866686265,2022,84.0397644,186,204,360,207,643,2112,2779,2630,3033,3123,1316,517,64,2809,4,21,36,21,0.8540712,2.585360649,-0.759197295
Brazil,Mato Grosso,Deforestation_Hotspot,-56.41361594,-7.72268175,2022,321.734009,138,283.5,453.5,365,753,2299,2846.5,3214.5,3339,2625.5,1528.5,675,61,3200,4,38,46.5,28.5,0.79606092,2.172371731,-0.752726257
Brazil,Mato Grosso,Deforestation_Hotspot,-50.9093687,-6.627635419,2022,39.306389,201,198,378,251,784.5,2066.5,2497.5,2550,2848.5,2801.5,1820,851,63,2862.5,4,26.5,39,20.5,0.82077831,2.234642302,-0.741803288
Brazil,Mato Grosso,Deforestation_Hotspot,-53.58347364,-10.19807935,2022,140.947922,197.5,246,363,229,695.5,2258.5,2822,2610.5,3114,3288,1533,629,63,2202.5,4,23,37.5,25,0.83870399,2.781476291,-0.755843282
Brazil,Mato Grosso,Deforestation_Hotspot,-52.24336689,-11.67122658,2022,9.90E-05,117,233,387,282,672,1829,2300,2524,2606,2666,1346,576,63,2069,4,29,39,23,0.799002111,2.269690221,-0.734111965
Brazil,Mato Grosso,Deforestation_Hotspot,-54.08212845,-9.121178985,2022,9.897288322,136,175,365,168.5,688,2444.5,3096,3350,3383,3339,1429,560,57,2497,4,17.5,38,18,0.904220521,2.608214461,-0.803499341
Brazil,Mato Grosso,Deforestation_Hotspot,-51.1048421,-6.387515743,2022,5.179518223,271,242,482,404,925,2086,2494,2496,2870,3027,2175,1126,63,2708,4,42,49,25,0.72137934,1.683837733,-0.676292837
Brazil,Mato Grosso,Deforestation_Hotspot,-57.4272749,-11.86265757,2022,395.537476,248,209,327,182,606,1862,2282,2429,2632,3097,1203,513,69,2109,4,19,34,21,0.860589802,2.874136608,-0.762699544
Brazil,Mato Grosso,Deforestation_Hotspot,-52.61508976,-10.16457219,2022,63.96958542,222.5,242.5,468,250,758.5,2220,2739.5,2910.5,3040.5,2845.5,1350.5,568,63,2391.5,4,26,48.5,25.5,0.841797173,2.565326391,-0.722953975
Brazil,Mato Grosso,Deforestation_Hotspot,-55.88648453,-7.187375672,2022,256.119751,181,207,371,204,666,2210,2804,2788,3077,3156,1569,653,64,2998,4,21,38,22,0.863636374,2.625482625,-0.765115559
Brazil,Mato Grosso,Deforestation_Hotspot,-53.18345384,-9.33192375,2022,93.84185028,191,221,409,218,705,2251,2918,2942,3234,3391,1432,593,63,2586,4,22,42,25,0.862025321,2.625795257,-0.755893767
Brazil,Mato Grosso,Deforestation_Hotspot,-57.11861377,-6.672191857,2022,124.895134,220,225,445,197,845,3166,4196,4084,4510,3563,1654,628,57,3135,4,19,46,22,0.907965422,2.714764632,-0.803488612
Brazil,Mato Grosso,Deforestation_Hotspot,-56.43086359,-9.275779045,2022,3.7179389,231,238.5,369,280,645.5,1790,2298,2204,2562,2857,1582,723,64,2676.5,4,29,37.5,24.5,0.774557173,2.294573643,-0.713175297
Brazil,Mato Grosso,Deforestation_Hotspot,-54.50640276,-9.876392644,2022,31.73836708,202.5,283.5,488,403.5,939,1930,2276.5,2360,2621.5,2579.5,1765.5,866,59.5,2256.5,4,41,50.5,30,0.707979023,1.841758449,-0.657303393
Brazil,Mato Grosso,Deforestation_Hotspot,-54.18013465,-10.32510113,2022,2.438513041,397,545,768,854.5,1388,2281,2629.5,2624,2953.5,3074.5,2961,1785,62,2133,4,87,78.5,55,0.508696258,1.207190613,-0.547169805
Brazil,Mato Grosso,Deforestation_Hotspot,-54.76017683,-9.306770922,2022,0.242732003,283,337.5,594,411.5,1047,2131,2408.5,2526,2717.5,2768,1865,894,58,2120.5,4,43,61,35,0.719829798,2.144740846,-0.619230747
Brazil,Mato Grosso,Deforestation_Hotspot,-52.50405799,-11.36310444,2022,2.815244913,354,558,872,1510,1826,1997,2253,2476,2648,2685,3985,2491,63,2030,5,153,90,58,0.242348224,0.328482046,-0.479092002
Brazil,Mato Grosso,Deforestation_Hotspot,-53.39734271,-8.337488731,2022,87.884621,246,267,442,216.5,841.5,3032.5,3923,3888,4264.5,4015,1677.5,686,63,2797,4,22.5,45.5,27,0.894506037,2.88141579,-0.795842946
Brazil,Mato Grosso,Deforestation_Hotspot,-57.59373273,-9.825458167,2022,1.331117034,619,884,1139,1618,1894.5,2079.5,2296,2429,2639,2627.5,4324.5,3294.5,69.5,2588.5,5,164.5,116,90,0.200395361,0.368100944,-0.361547083
Brazil,Mato Grosso,Deforestation_Hotspot,-50.88691082,-6.635540593,2022,247.666107,205,212.5,367.5,191.5,639,2317.5,3027.5,2868,3352.5,3405,1395.5,565,63,2837,4,20,38,21.5,0.87481612,2.760132,-0.772832632
Brazil,Mato Grosso,Deforestation_Hotspot,-50.02407898,-11.20383314,2022,13.14286709,196,240,504,311,832,1983,2314,2742,2557,2572,1719,917,64,1949,4,32,51,26,0.79626596,2.163581346,-0.689463973
Brazil,Mato Grosso,Deforestation_Hotspot,-51.18101924,-11.27785432,2022,415.950439,210,247.5,453.5,261,762.5,2170.5,2705,2988,2979.5,3026.5,1420.5,596,58,2325.5,4,27,47,26,0.839335203,2.526169523,-0.736452103
Brazil,Mato Grosso,Deforestation_Hotspot,-57.15804981,-8.712176036,2022,209.951965,229,206,326,190,560,1901,2450,2449,2782,3012,1332,541,64,2804,4,20,34,22,0.856006086,2.761613692,-0.765045047
Brazil,Mato Grosso,Deforestation_Hotspot,-56.62570818,-10.45697381,2022,174.789108,250.5,315.5,484.5,312.5,762,2347,3015.5,3104,3260.5,3276.5,1479,609.5,76.5,2399,4,32,49.5,33,0.817064226,2.670014347,-0.729970753
Brazil,Mato Grosso,Deforestation_Hotspot,-57.79217057,-10.71883272,2022,61.37590027,217,233.5,394.5,221.5,641.5,2430,3152.5,3245.5,3425.5,3349.5,1413.5,572.5,68.5,2439,4,22.5,40.5,25,0.872223854,2.676816854,-0.783241749
Brazil,Mato Grosso,Deforestation_Hotspot,-51.35942465,-11.97665378,2022,0.889114022,293.5,300.5,486,444,997,2000.5,2362,2201,2673,2731.5,1887,874.5,69,1832,4,45.5,48.5,32,0.664272189,1.681500622,-0.638258278
Brazil,Mato Grosso,Deforestation_Hotspot,-53.69109181,-7.493701184,2022,288.609863,191,179,311,166,668,2144,2794,2686,3084,2710,1468,622,57,2913,4,17,32,19,0.88359046,2.691732536,-0.79245913
Brazil,Mato Grosso,Deforestation_Hotspot,-53.29718055,-9.360580008,2022,57.64609528,216,253.5,445,259.5,737,2275,2860.5,3060,3206,3259,1560,655.5,63,2597.5,4,27,46,26.5,0.843651175,2.577068188,-0.746077061
Brazil,Mato Grosso,Deforestation_Hotspot,-54.59776142,-11.03710582,2022,12.81281757,202,236.5,471.5,306.5,883,2248.5,2694,2983,3063.5,2745,1686.5,760,63,2272,4,31.5,48.5,24.5,0.813649476,2.194392064,-0.727022707
Brazil,Mato Grosso,Deforestation_Hotspot,-53.18480131,-7.937738429,2022,86.717003,206,226,438,225,848,2813,3416,3311,3738,3804,1626,660,69,2814,4,23,45,24,0.872737527,2.600269633,-0.766337693
Brazil,Mato Grosso,Deforestation_Hotspot,-57.54755932,-8.955619478,2022,95.676468,188,206,433,201,729,2578,3288,3688,3663,3070,1494,595,64,2911,4,21,44,23,0.896631539,2.602238806,-0.789856851
Brazil,Mato Grosso,Deforestation_Hotspot,-57.49258243,-8.166090175,2022,96.975807,284,316.5,464.5,286,746.5,2327.5,2991.5,2880,3337,3372.5,1549.5,632.5,70,2856,4,30,47,31.5,0.819330394,2.916900933,-0.722230554
Brazil,Mato Grosso,Deforestation_Hotspot,-53.27921425,-9.582733378,2022,125.189941,187.5,242,449.5,237.5,735.5,2481,3173,3382,3458,3185.5,1457,586,63,2507.5,4,25,46.5,24.5,0.868766427,2.626545272,-0.765366018
Brazil,Mato Grosso,Deforestation_Hotspot,-53.51672881,-9.147050465,2022,55.04364014,210,226.5,367.5,216,686.5,2138,2683.5,2727,2985.5,3137.5,1589.5,669.5,63,2631.5,4,22.5,37,23.5,0.853210986,2.699709709,-0.762481809
Brazil,Mato Grosso,Deforestation_Hotspot,-57.04513158,-7.284483555,2022,31.00045776,203.5,201,454.5,202.5,785.5,2734,3539,3668,3915,3389.5,1596,636.5,64,3173,4,21,47,22,0.895362377,2.565896639,-0.779502749
Brazil,Mato Grosso,Deforestation_Hotspot,-57.13972418,-6.427131448,2022,112.8197556,197,180,330,170,622,1938,2571,2522,2827,3088,1370,568,58,3074,4,18,35,19,0.873699844,2.68125855,-0.768583477
Brazil,Mato Grosso,Deforestation_Hotspot,-51.77714126,-10.92787068,2022,1.190791965,294,457,656,674,1163,1873,2140,2438,2525,2408,2732,1636,64,2113,4,69,67,47,0.566838026,1.443298969,-0.575953484
Brazil,Mato Grosso,Deforestation_Hotspot,-56.01126052,-8.222684037,2022,118.1503601,232.5,243,403.5,236,692,2347.5,2958,3168,3354,3394.5,1485,652,63,2463.5,4,25,42,25.5,0.861339629,2.653393665,-0.774044514
Brazil,Mato Grosso,Deforestation_Hotspot,-56.42152111,-7.618567009,2022,189.7635498,161.5,186.5,357.5,163,641,2142.5,2698,3009,3143,3219.5,1329,556,58,3216.5,4,18,37,21,0.897225738,2.747899971,-0.787613273
Brazil,Mato Grosso,Deforestation_Hotspot,-55.8151583,-9.954096916,2022,26.86380959,349,478,709,893,1354,2022,2371,2460,2735,3114,2913,1749,63,2449,4,91,73,50,0.467342675,0.925247992,-0.552540243
Brazil,Mato Grosso,Deforestation_Hotspot,-52.52992947,-11.7863906,2022,0.134029001,194,231.5,407,226.5,732,2309,2950,3061,3366.5,3391.5,1478.5,605.5,63,2055.5,4,23.5,42,23.5,0.862205327,2.639445014,-0.765282571
Brazil,Mato Grosso,Deforestation_Hotspot,-53.53074253,-9.843334642,2022,56.81913757,164.5,199,369.5,189.5,647.5,2164.5,2778.5,2810,3012.5,2920.5,1372.5,557.5,63,2361,4,20,37.5,21,0.873645604,2.667990226,-0.767573535
Brazil,Mato Grosso,Deforestation_Hotspot,-53.97639674,-7.198155456,2022,53.280762,183.5,218.5,413.5,210.5,678,2218,2889.5,2695.5,3151,3182,1328.5,556.5,61,2902,4,22,42,22,0.855127335,2.676936335,-0.73399806
Brazil,Mato Grosso,Deforestation_Hotspot,-53.04143019,-11.21110949,2022,97.943619,143,190,362.5,202.5,725.5,2160,2692.5,2697,3037.5,3101,1405.5,600.5,66,2159,4,21,37.5,18,0.860320747,2.50653135,-0.763033152
Brazil,Mato Grosso,Deforestation_Hotspot,-56.97066125,-10.05147429,2022,3.599605083,307,379,638,609.5,1137,1835,2099,2283.5,2543,2865,2351.5,1296,92.5,2290.5,4,62.5,65,39,0.578638077,1.350435624,-0.563238084
Brazil,Mato Grosso,Deforestation_Hotspot,-53.36392538,-10.73769734,2022,208.304947,146,197.5,342,208.5,679.5,2027.5,2547,2566,2837,2955,1410.5,577.5,63,2275.5,4,22,35,21,0.849702656,2.522199636,-0.76478678
Brazil,Mato Grosso,Deforestation_Hotspot,-57.08070487,-7.698966227,2022,94.21551514,278,229,396,220,627,2078,2632,2690,2943,3028,1334,568,137,2633,4,22,40,24,0.848797262,2.692391541,-0.743357122
Brazil,Mato Grosso,Deforestation_Hotspot,-56.84148351,-11.37029096,2022,0.687525988,598,918,1246,1804,2174,2312,2486,2600,2829,2863,4447,3284,68,2077,5,184,127,94,0.180744782,0.304281346,-0.352054089
Brazil,Mato Grosso,Deforestation_Hotspot,-56.43005511,-6.74585371,2022,122.471947,221,237,330,185,513,2001,2579,2502,2943,3010,1379,588,58,2875,4,19,33,25,0.862299979,3.155815854,-0.766949177
Brazil,Mato Grosso,Deforestation_Hotspot,-56.73790776,-8.56314553,2022,172.868179,182,192,336,175,678,2163,2812,2762,3148,3095,1253,510,63,2818,4,18,35,20,0.880830765,2.725453013,-0.783085883
Brazil,Mato Grosso,Deforestation_Hotspot,-56.9696731,-8.253226757,2022,390.616974,156,153,262,150,581,2103,2706,2259,3035,3139,1321,512,62,2904,4,16,28,15,0.875467002,2.619875776,-0.792145967
Brazil,Mato Grosso,Deforestation_Hotspot,-52.02309999,-10.07887291,2022,40.23590469,198.5,199,379,212,777.5,2246.5,2803,2391.5,3004,2985.5,1301.5,546,64,2539,4,21.5,39.5,21.5,0.837142289,2.508632597,-0.726403177
Brazil,Mato Grosso,Deforestation_Hotspot,-57.63819933,-11.70590155,2022,207.9144897,204,221.5,335,217.5,615.5,1933,2542,2349.5,2777,3089.5,1337,523.5,65.5,2143,4,22,34.5,22.5,0.830541492,2.672683966,-0.75041908
Brazil,Mato Grosso,Deforestation_Hotspot,-55.945953,-10.57878536,2022,0.73131001,329,463.5,631.5,700.5,1162,1756.5,2051,2185,2338,1744.5,2179.5,1308,69,2941.5,4,71.5,64.5,46.5,0.514468908,1.274139559,-0.551571071
Brazil,Mato Grosso,Deforestation_Hotspot,-54.2469693,-11.22323675,2022,1.500722051,356,491.5,691,1126,1455.375,1759.5,2036.25,2349,2557,2506.571429,3238,1911.5,63,1973.75,5,115,70.5,50.5,0.35194245,0.564140412,-0.545394719
Brazil,Mato Grosso,Deforestation_Hotspot,-57.50848261,-11.61975312,2022,41.50304031,225.5,234,351,240.5,641.5,2398.5,3108,3117.5,3382,3394,1443,618.5,66,2239,4,25.5,37,23,0.856759965,2.562800641,-0.797607064
Brazil,Mato Grosso,Deforestation_Hotspot,-57.7592024,-9.535661657,2022,114.90979,260.5,270,467,259.5,762.5,2684.5,3341.5,3470,3557.5,3561.5,1740,726,69.5,2842.5,4,26.5,47.5,28,0.860839248,2.672743923,-0.7627635
Brazil,Mato Grosso,Deforestation_Hotspot,-51.55355059,-10.08381364,2022,2.202218056,502.5,639.5,909.5,1222,1557,1899.5,2126,2337,2499.5,2527,4047,2571,63,1954.5,5,124.5,92.5,66,0.313290238,0.571941523,-0.439704299
Brazil,Mato Grosso,Deforestation_Hotspot,-50.9407199,-6.466118331,2022,25.22660446,137,216,411,203,708,2569,3211,3328,3615,3318,1565,629,64,2967,4,22,42,20,0.885018408,2.669115135,-0.780155122
Brazil,Mato Grosso,Deforestation_Hotspot,-52.89177087,-10.0081755,2022,47.53621292,169,221.5,453.5,227,801.5,2540.5,3240,3538,3543,3335,1512,605,63,2558.5,4,24,46.5,22,0.879415691,2.554981094,-0.772767127
Brazil,Mato Grosso,Deforestation_Hotspot,-56.47056913,-8.9163631,2022,36.36435318,186.5,220.5,444.5,236,804,2206.5,2643,2854,2965,2826,1278.5,515.5,64,2840.5,4,24.5,46,23,0.84724921,2.500716401,-0.730483532
Brazil,Mato Grosso,Deforestation_Hotspot,-57.10648652,-8.878364363,2022,177.887909,173,174,325,156,631,2227,2889,2782,3296,3425,1372,552,64,2928,4,16,34,20,0.893805325,2.71955261,-0.790794969
Brazil,Mato Grosso,Deforestation_Hotspot,-53.87919903,-6.901621581,2022,51.148418,184.5,159.5,277,151.5,518,1820,2352.5,2264.5,2594.5,3216,1211,491.5,61,2873,4,15.5,29.5,18,0.874586105,2.670289397,-0.782018483
Brazil,Mato Grosso,Deforestation_Hotspot,-53.83329512,-11.55318795,2022,147.979248,202,205,317,177,605,2012,2546,2376,2803,3016,1231,472,63,2135,4,18,33,21,0.861339629,2.891138575,-0.764574826
Brazil,Mato Grosso,Deforestation_Hotspot,-56.6445728,-7.337034999,2022,130.262772,188.5,208.5,371,196,613,1923.5,2479.5,2567.5,2750,3017.5,1189,477,57,3124,4,20.5,38,21,0.858150899,2.718674768,-0.747490227
Brazil,Mato Grosso,Deforestation_Hotspot,-56.75820968,-6.726989089,2022,152.2597198,271,412,560,600,807,1547,1799,1801,2138,2280,2045,1118,58,2598,4,61,58,43,0.500208259,1.29865917,-0.525624752
Brazil,Mato Grosso,Deforestation_Hotspot,-54.27427809,-11.95482472,2022,102.037666,216.5,249,420.5,232,726,2116,2635,2688,2962.5,2896.5,1369,572,66,2065.5,4,24,43,26,0.841095865,2.773887508,-0.729451478
Brazil,Mato Grosso,Deforestation_Hotspot,-54.62947195,-9.942688312,2022,22.24364853,253,295,467,312,838,1999,2354,2491,2698,2793,1562,739,62,2201,4,32,48,30,0.777381361,2.53195445,-0.684246123
Brazil,Mato Grosso,Deforestation_Hotspot,-51.82888422,-8.618122425,2022,138.182816,209.5,261.5,495,250,775.5,2675,3461,3731.5,3838.5,3580.5,1654,696,65,2509.5,4,25,50.5,29,0.874419212,2.660680168,-0.76576364
Brazil,Mato Grosso,Deforestation_Hotspot,-55.90184572,-7.296431148,2022,153.043365,205,249,427,207,709,2424,3132,3204,3449,3207,1587,653,64,3052,4,22,43,25,0.878627956,2.904632681,-0.764803112
Brazil,Mato Grosso,Deforestation_Hotspot,-56.20098471,-8.753768033,2022,109.7274704,227,261.5,460,275,739.5,2255.5,2849.5,3072,3203,3113,1545,639.5,60,2732.5,4,28.5,47,27,0.835673749,2.531909116,-0.739524364
Brazil,Mato Grosso,Deforestation_Hotspot,-56.493566,-8.371714543,2022,32.70616531,150,238,397,221.5,763.5,2411.5,2972,2980,3243.5,3213.5,1237,466.5,62,2692,4,23.5,41.5,24,0.86162734,2.731188119,-0.764880061
Brazil,Mato Grosso,Deforestation_Hotspot,-52.81029367,-7.715854554,2022,120.094559,281.5,220,383,214,725,2314,2925.5,2778,3339.5,3359.5,1584.5,672,64,2839,4,22,39.5,23.5,0.856951892,2.65644426,-0.757671595
Brazil,Mato Grosso,Deforestation_Hotspot,-54.93211437,-9.252153353,2022,53.75494766,221,269.5,480,263.5,844.5,2431,2934,3000.5,3239.5,3189.5,1448,605.5,58.5,2321.5,4,27,49.5,28,0.838541687,2.671547096,-0.724177539
Brazil,Mato Grosso,Deforestation_Hotspot,-50.68461021,-6.370178259,2022,49.2166748,180.5,248,407,279,672,2106,2578,2692,2951,3099,1583,669.5,63,2796,4,29,42,26,0.812184453,2.406262465,-0.737334609
Brazil,Mato Grosso,Deforestation_Hotspot,-53.26645817,-10.69116461,2022,78.61186981,130.5,179,311.5,166.5,636,2085,2668.5,2745,2979,3003,1373,556,63,2257.5,4,17,32.5,18.5,0.885625958,2.68314256,-0.796172082
Brazil,Mato Grosso,Deforestation_Hotspot,-57.83825415,-9.689722728,2022,5.787136078,486,606,850,1165,1514.5,1871.5,2158.5,2270,2588.5,2600.5,3999.5,2551.5,72,2586.5,5,118,86.5,61.5,0.321688503,0.585771841,-0.455128193
Brazil,Mato Grosso,Deforestation_Hotspot,-54.76206329,-11.33579565,2022,186.644928,179,187.5,322.5,183,606.5,2057,2635,2785,2871,2803,1245,541,65.5,2058,4,19,33.5,20,0.876684666,2.625365755,-0.792437673
Brazil,Mato Grosso,Deforestation_Hotspot,-56.1285805,-6.376196971,2022,165.083832,194,340,586,450,778,2000,2400,2423,2683,3053,1376,629,58,2895,4,47,59,34,0.68673861,1.916278166,-0.610501826
Brazil,Mato Grosso,Deforestation_Hotspot,-55.57036738,-8.449867973,2022,141.590469,188.5,224.5,445,214.5,723.5,2437.5,3072,3416,3371,3305.5,1521.5,629,58,2732,4,22.5,46,23.5,0.881834447,2.650028971,-0.769489765
Brazil,Mato Grosso,Deforestation_Hotspot,-51.37739096,-8.757361295,2022,2.740190029,242.5,387,619,535,884.5,2378,2848.5,2671,3163.5,3066,1904,939,69,2637,4,55,63,40,0.666250765,1.792247021,-0.623708189
Brazil,Mato Grosso,Deforestation_Hotspot,-50.9620998,-11.95284842,2022,213.170151,369.5,454.5,583.5,773,943,1129,1293.5,1511.5,1666.5,1663.5,2966,2111.5,70,1740.5,5,79.5,59.5,47,0.323265493,0.673383788,-0.442959428
Brazil,Mato Grosso,Deforestation_Hotspot,-56.47577936,-6.839817489,2022,131.185211,170,187,342,170,531,1978,2547,2761,2797,3211,1276,507,58,3059,4,17,36,19,0.883998632,2.722210548,-0.779568136
Brazil,Mato Grosso,Deforestation_Hotspot,-56.26045318,-6.097449738,2022,458.273773,165,153.5,244.5,131,503,1785.5,2346.5,2118,2532,3066,1170,478,61,2843.5,4,14.5,25.5,17.5,0.883503795,2.832501782,-0.793015897
Brazil,Mato Grosso,Deforestation_Hotspot,-54.06829439,-6.398205695,2022,147.183624,153.5,184.5,406,188.5,589,2244,2957.5,3212.5,3203.5,3134,1435.5,580,61,3083.5,4,19.5,42,19,0.889150262,2.553407076,-0.775597632
Brazil,Mato Grosso,Deforestation_Hotspot,-53.11033098,-9.212717312,2022,368.5507202,198,236,442,212,784,2725,3463,3694,3779,3668,1553,625,63,2721,4,22,45,24,0.891449034,2.722865186,-0.786266923
Brazil,Mato Grosso,Deforestation_Hotspot,-56.18310824,-9.271916289,2022,1.271942019,465,636,939,1208,1773,2385,2723,2928,3244,3297,3968,2564,64,2707,5,123,96,65,0.415860742,0.795265397,-0.514352202
Brazil,Mato Grosso,Deforestation_Hotspot,-50.81540492,-6.904945347,2022,206.888794,201,235,401,242,718,1991,2488,3024,2774,3159,1497,682,61,2471,4,26,41,24,0.851806462,2.562166145,-0.765839398
Brazil,Mato Grosso,Deforestation_Hotspot,-51.51231792,-6.586223084,2022,0.081226997,355,237,468,280,1008,2506,3006,3140,3334,2935,2428,1240,64,2835,4,29,48,23,0.836257339,2.349268934,-0.740576506
Brazil,Mato Grosso,Deforestation_Hotspot,-56.86672617,-7.278375011,2022,313.706604,220,166,225,118,531,1985,2514,1828,2680,3118,1182,460,57,3093,4,12,22,18,0.878725588,3.308823529,-0.780808568
Brazil,Mato Grosso,Deforestation_Hotspot,-53.56963958,-11.1342137,2022,263.166443,228,268,469,263,784,2400,2963,3164,3305,3164,1406,574,63,2259,4,27,49,28,0.846512973,2.653677278,-0.741811156
Brazil,Mato Grosso,Deforestation_Hotspot,-54.20672478,-7.917346672,2022,61.08455276,136.5,188.5,348,163,625.5,2205.5,2942.5,2884,3146.5,3220.5,1321.5,534,57,2648.5,4,17,36,19.5,0.893009543,2.777380831,-0.784653485
Brazil,Mato Grosso,Deforestation_Hotspot,-57.73252244,-6.592601123,2022,466.151459,237,166,190,100,433,1460,2047,1270,2321,3135,1019,399,58,3058,4,11,20,18,0.854014575,4.672523962,-0.739726007
Brazil,Mato Grosso,Deforestation_Hotspot,-55.40471804,-9.974039515,2022,3.65861392,538,624,888,1196,1748,2191,2598,2712,3044,3426,3569,2190,63,2103,5,122,90,63,0.387922198,0.727586869,-0.50666666
Brazil,Mato Grosso,Deforestation_Hotspot,-57.86214933,-10.17903506,2022,108.2562256,277,284,469,271,746,2377,2995,3245,3297,3514,1456,605,75,2859,4,29,47,29,0.845847547,2.711524435,-0.747442126
Brazil,Mato Grosso,Deforestation_Hotspot,-56.51584422,-9.440799563,2022,11.25195122,262,253,454,246,852,2918,3705,3676,4014,3843,1783,728,67,2949,4,25,47,26,0.8745538,2.634003993,-0.780145288
Brazil,Mato Grosso,Deforestation_Hotspot,-56.33860661,-8.937832835,2022,147.591431,200.5,230.5,416.5,241.5,747,2187,2694,2715,3026.5,2918,1473.5,605,61,2644,4,25,43,24,0.836631179,2.538224731,-0.733993292
Brazil,Mato Grosso,Deforestation_Hotspot,-56.8483107,-11.57627466,2022,100.8308945,221,246,438,261,707,2265,2818,3024,3115,2761,1434,662,69,2416,4,27,45,26,0.841095865,2.515477058,-0.746967077
Brazil,Mato Grosso,Deforestation_Hotspot,-55.65471919,-8.964872125,2022,254.105499,205,237,450.5,232,835.5,2510.5,3062.5,3180.5,3333.5,3366,1460,600.5,56,2422,4,25.5,47,24.5,0.864029288,2.636355508,-0.751859009
Brazil,Mato Grosso,Deforestation_Hotspot,-53.32269271,-7.471961954,2022,166.925964,252.5,251.5,454,250,795,2566.5,3387.5,3598.5,3718.5,3703.5,1665.5,699,64,2906,4,26,47,27,0.870079279,2.605228351,-0.775940776
Brazil,Mato Grosso,Deforestation_Hotspot,-56.94856269,-6.377274949,2022,243.159088,175,265,520,239,743,2552,3257,3728,3569,3275,1470,590,58,3248,4,25,53,27,0.879505932,2.746811526,-0.755178928
Brazil,Mato Grosso,Deforestation_Hotspot,-56.62193525,-8.567726938,2022,57.44035339,161,184,375,179,695,2708,3476,3228,3782,3389,1596,646,63,3037,4,19,39,19,0.894922197,2.607765994,-0.791840136
Brazil,Mato Grosso,Deforestation_Hotspot,-53.91638928,-11.691798,2022,164.631714,170,195,316.5,176,609.5,1989.5,2567.5,2601.5,2837.5,2834.5,1303.5,515,60,2202.5,4,18.5,33,20.5,0.873267353,2.761270492,-0.783070624
Brazil,Mato Grosso,Deforestation_Hotspot,-54.39707779,-11.30633091,2022,2.519921064,585,861,1220,1844,2263,2471,2744,2888,3187,3172,4730,3307,63,1988,5,187,124,88,0.220625535,0.348208925,-0.406037003
Brazil,Mato Grosso,Deforestation_Hotspot,-54.22424193,-6.607063999,2022,172.531784,199,221,415,262,689,2217,2961,3116,3219,3134,1384,594,58,3074,4,26,42,23,0.844878614,2.35362032,-0.764939129
Brazil,Mato Grosso,Deforestation_Hotspot,-52.70707724,-11.01123434,2022,1.613895059,480,612,1010,1870,2165,2360,2537,2640,2715,2750,4145,3475,63,2075,5,191,102,62,0.170731708,0.207636717,-0.446575344
Brazil,Mato Grosso,Deforestation_Hotspot,-56.99464626,-6.686564902,2022,107.800072,152.5,207.5,389.5,206,669,2009,2535,2405,2882,2901.5,1287.5,520.5,58,2879,4,21.5,40,21.5,0.842206061,2.635742539,-0.721238136
Brazil,Mato Grosso,Deforestation_Hotspot,-52.83832111,-8.472325855,2022,186.134674,168,205,425.5,217.5,752.5,2439.5,3091,3207,3361.5,3355.5,1467.5,614,63,2562.5,4,23.5,45,21,0.872974157,2.511762729,-0.765726089
Brazil,Mato Grosso,Deforestation_Hotspot,-56.20628477,-7.937918092,2022,179.665939,175,209,362,210,607,1792,2227,2576,2537,2950,1277,523,63,2807,4,22,37,22,0.849246204,2.606300947,-0.753573835
Brazil,Mato Grosso,Deforestation_Hotspot,-56.83447665,-11.49318049,2022,114.034592,221,250,396,234,668,2108,2707,2980,3060,3078,1382,553,69,2433,4,24,40,26,0.854387045,2.735059761,-0.765402853
Brazil,Mato Grosso,Deforestation_Hotspot,-51.25935233,-8.643365085,2022,11.11549568,179,222,418,227,786,2440,2981,3020,3357,3311,1745,760,69,2480,4,24,43,22,0.860178649,2.568984547,-0.756835341
Brazil,Mato Grosso,Deforestation_Hotspot,-53.82053904,-6.995854854,2022,56.54989243,173.5,140,181,120.5,456,1534,1895,1268,2169.5,2853,1140.5,466,61,2581,4,13,19,15.5,0.826431394,3.045382166,-0.750172555
Brazil,Mato Grosso,Deforestation_Hotspot,-56.286145,-6.447882531,2022,297.333038,173,194,351,168,742,2699,3419,3143,3642,3333,1562,634,58,3232,4,16,35,20,0.898520112,2.757693734,-0.799084127
Brazil,Mato Grosso,Deforestation_Hotspot,-51.83732839,-8.694569056,2022,99.012482,189.5,197.5,397,193,738.5,2332,2916,3126,3237.5,3025.5,1377,599.5,67.5,2477,4,20,41.5,20,0.883699894,2.615247436,-0.774623871
Brazil,Mato Grosso,Deforestation_Hotspot,-51.51582135,-11.92455149,2022,29.50258636,282,382.5,668,534,1172.5,2628,3091.5,3098,3439,3142.5,2221.5,1148,68,2033,4,55.5,67,39,0.705947161,1.866491956,-0.645246923
Brazil,Mato Grosso,Deforestation_Hotspot,-53.33401148,-9.71864848,2022,22.09551239,193,218.5,383.5,201.5,746.5,2420.5,3109,2972.5,3446,3315.5,1453.5,579,63,2327,4,21,39.5,24,0.873030901,2.723341523,-0.771454096
Brazil,Mato Grosso,Deforestation_Hotspot,-55.88630487,-10.55057826,2022,2.069880009,506.5,602,856.5,1321,1667,1911.5,2173,2378,2601,2765.5,3786.5,2348.5,69,2308.5,5,135.5,88,60,0.285752892,0.456390328,-0.470397294
Brazil,Mato Grosso,Deforestation_Hotspot,-56.5599515,-9.722870562,2022,2.815244913,421,663.5,972,1283,1686.5,2256,2543.5,2712,2972,2973,3666.5,2290.5,64,2645.5,5,131,99,68,0.357697129,0.657343944,-0.472312689
Brazil,Mato Grosso,Deforestation_Hotspot,-57.21554199,-6.064212073,2022,110.025963,159,200,332,165,546,1980,2630,2536,2775,2941,1290,509,64,3140,4,17,34,22,0.877823055,2.924272324,-0.768479764
Brazil,Mato Grosso,Deforestation_Hotspot,-53.63728272,-11.32887863,2022,148.1718597,211,247,399,220,766,2403,2970,2744,3314,3265,1420,578,63,2273,4,23,42,26,0.85155195,2.851977401,-0.746102452
Brazil,Mato Grosso,Deforestation_Hotspot,-52.50513597,-11.28971208,2022,2.644510031,637,1070,1576,2468,2919,3139,3461,3732,4037,3955,4892,3300,63,1970,5,251,160,108,0.203870967,0.300494485,-0.406179339
Brazil,Mato Grosso,Deforestation_Hotspot,-57.91182617,-6.201654311,2022,20.43078804,224,242,469,209,738,2815,3621,3908,4054,3727,1563,607,64,3381,4,22,48,25,0.898469746,2.762096774,-0.785697937
Brazil,Mato Grosso,Deforestation_Hotspot,-56.43490601,-8.514007684,2022,0.144777,188,218,402,218,734,1925,2290,2388,2520,2789,1156,489,62,2620,4,23,41,23,0.832693756,2.630940834,-0.711827934
Brazil,Mato Grosso,Deforestation_Hotspot,-53.50379307,-7.423722424,2022,160.432419,186,221,402,216,672,2048,2591,2644,2922,3056,1378,552,64,2842,4,23,41,24,0.848951042,2.658200131,-0.736047268
Brazil,Mato Grosso,Deforestation_Hotspot,-55.67097869,-8.281523689,2022,263.251251,211.5,205,317,177.5,586,1753.5,2238,2142,2614,2622.5,1246.5,527.5,58,2609.5,4,18.5,33.5,22,0.846949756,2.939988028,-0.742171586
Brazil,Mato Grosso,Deforestation_Hotspot,-54.51026551,-9.801023992,2022,171.115158,235,293,451,537,845,1221.5,1437.5,1597.5,1717.5,1883.5,2421,1404,59.5,1848,4,54,47,30,0.496837676,1.010770111,-0.559677839
Brazil,Mato Grosso,Deforestation_Hotspot,-52.9001252,-7.942948658,2022,55.51476288,209,240,410,228,689,2413,3112,3540,3467,3516,1599,676,69,2671,4,23,42,25,0.878980875,2.663235767,-0.792405069
Brazil,Mato Grosso,Deforestation_Hotspot,-54.74975637,-11.58112556,2022,151.861923,137,202,370,233,653.5,2287.5,2859.5,2955,3135,2970.5,1371.5,546.5,65,2188,4,24,38,21,0.85382688,2.396970764,-0.777443588
Brazil,Mato Grosso,Deforestation_Hotspot,-55.16819163,-9.381151428,2022,0.040426001,182,254.5,528.5,278.5,903.5,2280.5,2583.5,2720.5,2783,2952.5,1436.5,612.5,62,2315,4,30,55,27.5,0.81427145,2.45797685,-0.674669147
Brazil,Mato Grosso,Deforestation_Hotspot,-53.57458031,-6.921115022,2022,298.8596497,122.5,211,343.5,258.5,636,2071.5,2616.5,2619,2967,2803.5,1419.5,596.5,58,2817,4,27,36.5,21,0.820330143,2.279795248,-0.768101275
Brazil,Mato Grosso,Deforestation_Hotspot,-51.86077441,-8.963344989,2022,10.33635235,306,233.5,476,311,922.5,2346,2826,2910.5,3084.5,2517,1723.5,817,64,2294,4,33,49,24.5,0.806922257,2.147459727,-0.718883812
Brazil,Mato Grosso,Deforestation_Hotspot,-51.25396244,-8.495053232,2022,152.012711,240,296,479,362,875,2218,2718,2752,3055,3137,1735,780,63,2398,4,37,49,31,0.767501593,2.208872458,-0.70349735
Brazil,Mato Grosso,Deforestation_Hotspot,-57.85505264,-7.398300101,2022,90.684334,281.5,259,431,243,795,2493.5,3160,3122.5,3580,3351.5,1679.5,687,188,3273,4,25.5,44.5,27.5,0.855593503,2.727832512,-0.757422268
Brazil,Mato Grosso,Deforestation_Hotspot,-52.90452694,-11.2889036,2022,87.045326,146.5,217,415,225,732,2326.5,2879,3164,3173,3209,1376,547.5,66,2192,4,24,43,22.5,0.867217481,2.544588745,-0.768091619
Brazil,Mato Grosso,Deforestation_Hotspot,-51.47054626,-11.41754235,2023,0.138197005,271,344,546,498,1049,1991,2504,2850,2792,2549,2392,1395,70,2774,4,51,56,35,0.702508986,1.804234428,-0.67844522
Brazil,Mato Grosso,Deforestation_Hotspot,-56.3160589,-7.359403049,2023,170.531311,144.5,224.5,369,203.5,648,2031,2579.5,2700,2938,3055.5,1393.5,588,58,3349,4,22,38,23,0.859824359,2.788450799,-0.759530783
Brazil,Mato Grosso,Deforestation_Hotspot,-56.65571191,-9.927147458,2023,10.40069962,367,530,778,964,1208,2155,2524,2744,2804,2980,2826,1690,64,2701,4,98,80,54,0.480043143,0.977162934,-0.558205545
Brazil,Mato Grosso,Deforestation_Hotspot,-50.63502321,-11.14059174,2023,5.788802147,284,364,491,630,1053,1808,2153,1964,2437,2339,2527,1381,93,2553,4,64,50,36,0.51426369,1.106135987,-0.600000024
Brazil,Mato Grosso,Deforestation_Hotspot,-51.97863338,-11.3652604,2023,1.500722051,401.5,576,811.5,1173,1526,2007,2307.5,2366,2708.5,2734,3658.5,2444,63,2435.5,5,119.5,83,59,0.337100863,0.586529007,-0.489221096
Singapore,Ang Mo Kio-cheng San,Deforestation_Hotspot,103.7458483,-3.70308018,2019,30.92661476,482,518,643,464,886,2370,2945,2988,3258,3153,1710,817,126,3470,4,48,66,53,0.731170356,3.342161017,-0.645827591
Singapore,Ang Mo Kio-cheng San,Deforestation_Hotspot,104.0546891,-3.37806971,2019,36.426159,533,440,629,483,1085,2373,2882,3050,3185,2925,2633,1472,115,3503,4,50,64,45,0.726577997,2.422612307,-0.658059239
Singapore,Ang Mo Kio-cheng San,Deforestation_Hotspot,104.0076173,-3.049915137,2019,12.9328537,379,501,807,572,1254,2695,3095,3086,3483,3478,2598,1350,102,3544,4,59,82,51,0.687260807,2.275936991,-0.585409701
Singapore,Ang Mo Kio-cheng San,Deforestation_Hotspot,103.5344747,-3.427297388,2019,11.29954243,345,413,676,621,1215,2266,2592,2534,2935,2851,2376,1229,190,3345,4,64,69,42,0.606339157,1.511774933,-0.578816175
Singapore,Ang Mo Kio-cheng San,Deforestation_Hotspot,103.5563037,-2.67334137,2019,48.30126953,547,512,806,592,1256,2775,3054,2968,3312,3256,2341,1298,228,3777,4,61,82,53,0.667415738,2.215591197,-0.572866976
Singapore,Ang Mo Kio-cheng San,Deforestation_Hotspot,104.0725655,-3.272068507,2019,115.058815,394,437,617,366,891,2467,3074,3232,3324,3316,1771,760,102,3346,4,38,63,45,0.796553612,3.33023472,-0.679397225
Singapore,Ang Mo Kio-cheng San,Deforestation_Hotspot,103.56897,-3.367918747,2021,64.597778,267,249,485,240,817,2764,3549,3604,3954,3783,1679,671,252,4425,4,25,50,26,0.875130057,2.646734854,-0.762778163
Democratic Republic of the Congo,Maniema,Deforestation_Hotspot,22.10210433,-2.364590407,2019,464.79245,20.5,136.5,326,283,579,1521.5,1983,2048,2303,2115.5,1390.5,593.5,679.5,3103.5,4,29.5,33.5,14,0.757185757,1.620306619,-0.725358069
Democratic Republic of the Congo,Maniema,Deforestation_Hotspot,29.54743124,-2.309793174,2019,2.014405012,446,523,852,966,1924,2721,2912,2883,3204,3203,3522,2615,210,1459,5,98,86,51,0.498051435,1.007356805,-0.543775082
Democratic Republic of the Congo,Maniema,Deforestation_Hotspot,21.06886209,-3.070306894,2019,139.675171,134.5,216,393,251,626.5,2045,2704.5,2834.5,3126,2936.5,1478,612.5,560.5,3131.5,4,26.5,41,22.5,0.837303519,2.373231674,-0.756467879
Democratic Republic of the Congo,Maniema,Deforestation_Hotspot,29.87145356,-2.588989565,2019,31.69621849,287.5,312,633.5,548.5,1140,2543.5,2883.5,2820,3126.5,3079,2156.5,1263.5,268.5,1658,4,56.5,64,31.5,0.674335778,1.50550106,-0.633125842
Democratic Republic of the Congo,Maniema,Deforestation_Hotspot,22.38767876,-3.903045162,2019,90.516029,280,325,458,332,669,1781,2331,2417,2635,2577,1516,676,433,2801,4,34,47,33,0.758457601,2.642585551,-0.681391299
Democratic Republic of the Congo,Maniema,Deforestation_Hotspot,28.97152131,-1.898005448,2019,11.66816902,403,467,689,635,1156,1971,2259,2326,2489,2572,2096,1164,210,1508,4,65,70,46,0.571090877,1.604668818,-0.542951882
Democratic Republic of the Congo,Maniema,Deforestation_Hotspot,29.25736524,2.79560208,2019,9.8540411,410.5,489.5,880.5,591.5,1306,2772.5,3073,3091,3351,3331.5,2320.5,1165.5,74,3360.5,4,60.5,90,50,0.678750873,2.104133345,-0.556590736
Democratic Republic of the Congo,Maniema,Deforestation_Hotspot,29.68226837,-2.190407073,2019,11.29197407,437,687,978,1214,1716,2409,2683,2624,2966,2923,3200,2479,221,1553,5,123,100,70,0.367378831,0.741091138,-0.456968337
Democratic Republic of the Congo,Maniema,Deforestation_Hotspot,23.70344116,1.491338119,2019,377.839111,952.5,1174.5,1314.5,1280.5,1543,2653.5,3232,3111,3473.5,3352,2427,1688.5,181,3895.5,4.5,129.5,133.5,120,0.416827977,2.303964758,-0.405942827
Democratic Republic of the Congo,Maniema,Deforestation_Hotspot,25.03438509,-3.80297284,2019,81.834183,184,373,545,420.5,884,2130,2643.5,2737,2964.5,2917.5,1541.5,651.5,511.5,2939,4,43,56,38.5,0.733650029,2.350822001,-0.667885423
Democratic Republic of the Congo,Maniema,Deforestation_Hotspot,22.99790434,-2.201815677,2019,164.346176,125,254,344,269,563.5,1755,2306.5,2478,2671,2709.5,1420,598,559,3147.5,4,28,35.5,26.5,0.804149985,2.523994516,-0.756201267
Democratic Republic of the Congo,Maniema,Deforestation_Hotspot,21.99987606,-1.826230057,2019,182.271469,57,220,345,275,614.5,1677.5,2199.5,2155.5,2536,2532,1424,608.5,653,3287.5,4,28.5,36,23.5,0.773709118,2.180037097,-0.724055171
Democratic Republic of the Congo,Maniema,Deforestation_Hotspot,28.92921066,-2.79209865,2019,139.427261,406.5,483.5,754,928,1357,2133.5,2419,2670,2834,3043,3110.5,1862,221,1591.5,4,94,76.5,49.5,0.48415786,0.94412227,-0.559579432
Democratic Republic of the Congo,Maniema,Deforestation_Hotspot,27.9651387,-3.495838844,2019,472.700165,333,393,455,304,683,1773,2218,2210,2561,2735,1364,575,297,2920,4,31,47,40,0.758154333,4.381609195,-0.658536613
Democratic Republic of the Congo,Maniema,Deforestation_Hotspot,29.77362703,-3.815998411,2019,11.39184189,314,441.5,606.5,643.5,1009,1526,1744,1901,2013.5,2071.5,2306.5,1341,168,1490.5,4,66.5,62.5,46,0.49420318,1.282247374,-0.516251266
Democratic Republic of the Congo,Maniema,Deforestation_Hotspot,29.61974562,-2.138574281,2019,10.99457932,353,517,822,1038,1553,2375,2732,2690,2813,2855,2691,1911,218,1496,4,106,84,53,0.443133056,0.819200635,-0.53189069
Democratic Republic of the Congo,Maniema,Deforestation_Hotspot,22.78671041,-1.918487037,2019,70.00957489,47,194.5,317,273.5,567.5,1397,1957,1759,2259,2384.5,1116,478.5,695.5,2691.5,4,28.5,33,21,0.730873287,1.912086498,-0.694604993
Democratic Republic of the Congo,Maniema,Deforestation_Hotspot,29.6475934,-2.53643812,2019,14.02283096,281,357,608,717,1112,2016,2313,2320,2532,2655,2265,1513,217,1400,4,74,62,37,0.527823508,1.015714105,-0.584699452
Democratic Republic of the Congo,Maniema,Deforestation_Hotspot,20.04298604,-2.911125425,2019,95.542923,14.5,141.5,343,227,657.5,1868,2475,2835,2923,2676,1402.5,593.5,645.5,3385,4,22.5,35,16.5,0.851730883,2.078584522,-0.784140944
Democratic Republic of the Congo,Maniema,Deforestation_Hotspot,27.00546848,3.620435174,2019,14.93640041,265,330,570,321,957,2650,3206,3184,3509,3624,1811,787,109,3768,4,33,58,34,0.816833079,2.715288316,-0.696323931
Democratic Republic of the Congo,Maniema,Deforestation_Hotspot,23.93978791,1.75059191,2019,182.672867,186,151,299,180,527,1778,2174,2304,2471,2596,1117,454,68,3791,4,19,31,16,0.855072439,2.357380688,-0.770265102
Democratic Republic of the Congo,Maniema,Deforestation_Hotspot,24.77513129,-3.672986618,2019,47.10504532,266,311,486,310,708,1828,2226,2492,2504,2459,1237,509,507,3008,4,33,50,32,0.778729498,2.699826776,-0.673606455
Democratic Republic of the Congo,Maniema,Deforestation_Hotspot,20.00175337,-2.717268987,2019,218.441696,210,307,443,342,676,1639,2188,2005,2481,2437,1329,587,608,3516,4,36,47,31,0.708564103,2.368271148,-0.638071895
Democratic Republic of the Congo,Maniema,Deforestation_Hotspot,20.27726667,-1.89575966,2019,216.123444,522,420,468,318,637,1709,2179,2142,2472,2587,1297,570,434,3743,4,33,48,43,0.741463423,5.061043285,-0.641379297
Democratic Republic of the Congo,Maniema,Deforestation_Hotspot,25.65682775,-3.043267604,2019,345.388397,414,499,602,449,788,1797,2431,2728,2887,2941,1560,712,496,3572,4,46,62,51,0.71734339,3.390360012,-0.638438463
Democratic Republic of the Congo,Maniema,Deforestation_Hotspot,26.16958611,-0.061579513,2019,94.251633,238.5,340.5,434.5,291.5,631.5,1738,2229,2391,2562,2741,1399,584.5,350,3800,4,30,45,35,0.782665431,3.306819972,-0.692443788
Democratic Republic of the Congo,Maniema,Deforestation_Hotspot,20.2887651,-3.263804006,2019,344.098969,176,374,452,314,671,1602,2031,1998,2313,2365,1145,447,552,3358,4,32,46,38,0.728373706,3.905380334,-0.631020427
Democratic Republic of the Congo,Maniema,Deforestation_Hotspot,20.95136246,-3.383729096,2020,306.321442,374,448.5,532.5,420,773,1864.5,2414.5,2547,2762.5,2743,1430,590.5,357.5,3401,4,43,55,46.5,0.716885746,3.120140824,-0.654164612
Democratic Republic of the Congo,Maniema,Deforestation_Hotspot,21.10811847,-2.355697085,2020,327.983673,183,243,387.5,320,661.5,1634.5,2173,2419.5,2483,2679.5,1308.5,552.5,422.5,3457.5,4,33,40,25,0.766380727,2.08449166,-0.72390455
Democratic Republic of the Congo,Maniema,Deforestation_Hotspot,21.52781137,-3.630406473,2020,187.446884,220,312,453,426,811,1705,2070,1918,2418,2281,1361,565,498,3306,4,44,47,33,0.636518776,1.7470726,-0.617882729
Democratic Republic of the Congo,Maniema,Deforestation_Hotspot,20.91507052,-3.914004609,2020,76.550774,81.5,199.5,360.5,256.5,615.5,1890.5,2457.5,2655,2837.5,2833,1325.5,525,525,3108.5,4,26.5,37,20.5,0.823802173,2.221861973,-0.760901988
Democratic Republic of the Congo,Maniema,Deforestation_Hotspot,20.89872118,-3.848337761,2020,275.301727,39.5,270,400.5,300,605,1686,2083,2138,2406.5,2714,1245.5,506.5,519.5,3006,4,30,40.5,28,0.753896654,2.400731452,-0.684459329
Democratic Republic of the Congo,Maniema,Deforestation_Hotspot,21.94085674,-2.472388241,2020,95.327904,223,315.5,397,248,690,2051.5,2594,2686,2979.5,2832.5,1656,712,296,3372,4,25.5,40.5,33,0.830947518,3.369730477,-0.742458642
Democratic Republic of the Congo,Maniema,Deforestation_Hotspot,21.06904176,-3.464667304,2020,147.6483002,303.5,420.5,499,391,773.5,1848.5,2337.5,2498,2707.5,2804,1411,562,365.5,3413.5,4,40,51,42.5,0.729318082,3.114560237,-0.667000353
Democratic Republic of the Congo,Maniema,Deforestation_Hotspot,20.19111823,-3.999344561,2020,178.623489,173,501,516,373,730,2006,2538,2612,2919,2604,1424,572,503,3203,4,37,52,51,0.750083745,5.118884316,-0.670076728
Democratic Republic of the Congo,Maniema,Deforestation_Hotspot,20.6970494,-3.693288543,2020,155.2190704,165,271.5,364.5,258.5,635,1765.5,2330,2460,2653,2688.5,1436,600.5,473.5,3143.5,4,27,37.5,27.5,0.809821606,2.785651019,-0.741901219
Democratic Republic of the Congo,Maniema,Deforestation_Hotspot,21.20468737,-2.289850575,2020,145.788452,193.5,259.5,429.5,326,772.5,1889.5,2396.5,2642,2767.5,2561,1569.5,623.5,429,3397.5,4,33.5,44,26,0.780323446,2.182640656,-0.720332086
Democratic Republic of the Congo,Maniema,Deforestation_Hotspot,21.19031432,-3.06716279,2020,284.088837,181,224.5,402,313.5,655.5,1650.5,2208.5,2289.5,2485.5,2628,1407.5,592.5,381,3166,4,32,41.5,23.5,0.7591241,1.985730077,-0.701281786
Democratic Republic of the Congo,Maniema,Deforestation_Hotspot,24.02270241,-3.689335956,2021,58.824959,345.5,361,555.5,439.5,912.5,2075.5,2566.5,2517,2864,2678,1730,821.5,367,3155,4,45.5,56.5,38,0.702688992,2.12206333,-0.638405204
Democratic Republic of the Congo,Maniema,Deforestation_Hotspot,24.31779898,-3.341238784,2021,21.78207207,215,247.5,437,309.5,741,2004.5,2476,2478.5,2777.5,2697,1695,771.5,418,3080.5,4,32,44.5,26,0.777977049,2.186271545,-0.700222969
Democratic Republic of the Congo,Maniema,Deforestation_Hotspot,25.4068266,-3.579471997,2021,119.730309,272.5,312,466.5,303,773,2240.5,2909.5,3234,3310,2722,1510.5,634.5,349.5,3055.5,4,31.5,47.5,32,0.828668356,2.70088463,-0.747871935
Democratic Republic of the Congo,Maniema,Deforestation_Hotspot,29.29141139,3.22346965,2021,50.49780655,283,218.5,378.5,245,624.5,1768.5,2316,2402,2596.5,2912,1498.5,770.5,85.5,3004.5,4,25.5,39,22.5,0.814884782,2.413561598,-0.727746785
Democratic Republic of the Congo,Maniema,Deforestation_Hotspot,25.89101854,-1.525923257,2021,99.27740479,292,316.5,383,259,649,1967,2588,2392,2865.5,3047,1381.5,554.5,256.5,3384.5,4,26.5,39.5,32.5,0.804602027,3.389480375,-0.723963976
Democratic Republic of the Congo,Maniema,Deforestation_Hotspot,21.05502804,-3.58144829,2021,135.304169,363.5,398.5,539.5,408.5,791,1902.5,2254.5,2283.5,2575,2518.5,1539,664.5,530.5,3338,4,42,56,41,0.696508169,2.683555174,-0.617782474
Democratic Republic of the Congo,Maniema,Deforestation_Hotspot,24.3548994,-2.430975906,2021,233.967178,180.5,237.5,404.5,297,668.5,1747,2365.5,2146,2640,2730.5,1563,708.5,428.5,2904.5,4,30.5,41,25.5,0.756856322,2.152252357,-0.682807267
Democratic Republic of the Congo,Maniema,Deforestation_Hotspot,25.81115831,-1.703520189,2021,91.24084473,311,347,494,305.5,749,2125.5,2766.5,2862,3128,2824,1492,621,269,3452,4,31.5,50.5,35.5,0.807103395,3.052901839,-0.705601931
Democratic Republic of the Congo,Maniema,Deforestation_Hotspot,29.92364568,-2.867107977,2021,116.5326843,463,474,716,636,1077,2293,2699,2767,2959,2964,2048,1162,172,1715,4,64,74,50,0.62621218,1.758831297,-0.588860154
Democratic Republic of the Congo,Maniema,Deforestation_Hotspot,21.87024916,-1.873840767,2021,254.244827,224,281,400.5,295.5,716.5,1976,2671,2496,3086.5,2751.5,1512.5,618,570.5,3696,4,30,41,29,0.788285851,2.543930636,-0.723459363
Democratic Republic of the Congo,Maniema,Deforestation_Hotspot,21.20810096,-3.261648049,2021,66.930252,348,410,543,439.5,844.5,2115,2634.5,2384,3091.5,2893,1672.5,728,419,3357.5,4,45,56.5,40,0.688684285,2.496789933,-0.628971636
Democratic Republic of the Congo,Maniema,Deforestation_Hotspot,26.65063394,0.754899249,2021,301.119507,258,265.5,375,225.5,642,1856.5,2414.5,2351,2709,2975,1267,528,156,3431.5,4,23.5,38.5,27.5,0.824956357,3.100656455,-0.724871635
Democratic Republic of the Congo,Maniema,Deforestation_Hotspot,25.28294892,-2.033381561,2021,161.064957,164,218,386,256,618,1836,2605,2829,2806,2753,1249,537,472,3209,4,27,40,23,0.834035635,2.355364335,-0.759875596
Democratic Republic of the Congo,Maniema,Deforestation_Hotspot,26.15835717,-1.249062487,2021,20.83782768,399.5,374.5,520.5,328.5,713,2068.5,2563,2560,2864.5,2964,1611,717.5,191.5,3414.5,4,34,53.5,38,0.772546291,3.237342231,-0.662067831
Democratic Republic of the Congo,Maniema,Deforestation_Hotspot,20.51945247,-2.274938541,2021,139.431061,282.5,311.5,553.5,483,777,1867,2310,2584,2637,2490.5,1626.5,701,700.5,3152,4.5,49.5,57,32.5,0.685034215,1.66918249,-0.647171319
Democratic Republic of the Congo,Maniema,Deforestation_Hotspot,24.23955572,-3.481196305,2021,217.59729,215.5,315,449.5,308.5,686,1916,2432,2595,2814.5,2706.5,1251.5,538.5,410,3083.5,4,31.5,46,32.5,0.787497818,2.742264332,-0.704713404
Democratic Republic of the Congo,Maniema,Deforestation_Hotspot,23.72212612,-0.276276866,2021,238.584137,276,292.5,404,254.5,665,2116.5,2769,2411,3125,3080,1644.5,698,358.5,3668,4,26,41.5,30,0.80904144,3.089098983,-0.712966263
Democratic Republic of the Congo,Maniema,Deforestation_Hotspot,29.85905681,-2.9190306,2021,18.0850563,405,538,752,825,1151,2116,2395,2640,2689,2548,2234,1447,164,1792,4,85,77,55,0.523809552,1.276012373,-0.556603789
Democratic Republic of the Congo,Maniema,Deforestation_Hotspot,25.76166114,-3.883551721,2021,143.081696,316,325.5,534,336.5,823,2425.5,3096.5,3376,3422.5,3253,1672.5,695.5,295.5,3504,4,35,54.5,32.5,0.81872052,2.571706574,-0.726854205
Democratic Republic of the Congo,Maniema,Deforestation_Hotspot,21.91911751,-3.891097569,2021,51.474789,429.5,485.5,614.5,458,875.5,2031.5,2510.5,2421.5,2906,2653,1573.5,681,491,3282.5,4,47,63,49.5,0.681889236,3.209906817,-0.595191061
Democratic Republic of the Congo,Maniema,Deforestation_Hotspot,25.56493009,-2.042544377,2021,82.50928497,127,234.5,345.5,237,554.5,1744.5,2305.5,2457,2580,2593,1303.5,509,504,3277.5,4,24.5,36,24.5,0.824053466,2.61638185,-0.75343442
Democratic Republic of the Congo,Maniema,Deforestation_Hotspot,21.41624062,-3.498264295,2021,14.77982998,315,389.5,536.5,416,835,1941,2455,2762,2940.5,2713.5,1861,867.5,422,3491.5,4.5,43,55.5,40,0.738200128,2.508822586,-0.674700618
Democratic Republic of the Congo,Maniema,Deforestation_Hotspot,28.90073407,-1.844915015,2021,16.90497971,325,405,743.5,605.5,1147.5,2602.5,3074,3347,3404,3434,2484,1454.5,129,1019,4,61.5,77,43,0.693611622,1.73798656,-0.636474788
Democratic Republic of the Congo,Maniema,Deforestation_Hotspot,21.68492672,-2.179447627,2021,62.302769,133,245,370,284,590,1708,2172,2156,2532,2221,1466,618,764,3487,4,29,39,24,0.767213106,2.312824314,-0.707046688
Democratic Republic of the Congo,Maniema,Deforestation_Hotspot,21.89782744,-2.152318505,2021,201.0795898,55,207,395,269,661,1618,2095,2176,2388,2302,1368,569,769,3430,4,28,41,21,0.779959083,2.129774403,-0.692726552
Democratic Republic of the Congo,Maniema,Deforestation_Hotspot,25.55918087,-1.363238359,2021,10.87023354,213,338,498,278,894,2620,3159,3296,3552,3152,2049,966,367,3565,4,29,51,35,0.844431996,3.104938272,-0.737480223
Democratic Republic of the Congo,Maniema,Deforestation_Hotspot,21.94085674,-3.36279835,2021,132.840271,274,250,361,269,606,1823,2310,2222,2626,2643,1409,570,458,3225,4,29,37,26,0.78402251,2.48853211,-0.720480084
Democratic Republic of the Congo,Maniema,Deforestation_Hotspot,20.99358327,-2.685019468,2021,142.987152,328.5,293.5,448.5,291.5,675.5,1880,2507,2676,2777,2686,1410,576.5,280,3597,4,30,46,30.5,0.803538322,2.679514552,-0.71291405
Democratic Republic of the Congo,Maniema,Deforestation_Hotspot,23.75644176,0.373115253,2021,167.698334,296.5,312,453.5,315.5,692.5,2153,2870,3026,3206.5,2961,1563.5,662,309,3619,4,33,46.5,32.5,0.811162651,2.626453488,-0.739330351
Democratic Republic of the Congo,Maniema,Deforestation_Hotspot,21.09006234,-3.898912912,2021,11.31672478,770,788,893,908,1199,1472,1629,1590,1770.5,1786.5,2185,1850,389,3052,5,93,91,80,0.27301842,1.510186005,-0.28070882
Democratic Republic of the Congo,Maniema,Deforestation_Hotspot,24.05692822,-2.017481381,2021,127.847519,362,310,482,298,711,1918,2590,2458,2668,2608,1549,695,433,3041,4,30,48,32,0.783744574,2.809573361,-0.672108829
Democratic Republic of the Congo,Maniema,Deforestation_Hotspot,21.51757058,-3.08773421,2021,138.2730103,307.5,373,512,358,727.5,1966,2438.5,3151.5,2787.5,2845,1559,718.5,414,3309,4,36.5,52.5,38,0.795982361,2.790151818,-0.720485866
Democratic Republic of the Congo,Maniema,Deforestation_Hotspot,21.88650867,-3.443646726,2021,303.627411,288,330.5,460.5,335.5,731,1908,2352.5,2174.5,2708.5,2672,1379.5,583,412.5,3243.5,4,33.5,46.5,33,0.732669294,2.688989618,-0.65047437
Democratic Republic of the Congo,Maniema,Deforestation_Hotspot,23.93026577,-4.012010806,2021,13.46116447,406,420.5,605,447.5,982,1951,2336,2481,2683.5,2364,1859,1109.5,362.5,2929,4,46,62.5,41.5,0.694382787,2.525145908,-0.607906699
Democratic Republic of the Congo,Maniema,Deforestation_Hotspot,23.91337744,0.091762906,2021,114.777046,287,320,457.5,258,735,2376,3113,3043,3489.5,3556.5,1801.5,786,308.5,3834.5,4,27.5,47.5,33,0.84368372,3.176322993,-0.738608778
Democratic Republic of the Congo,Maniema,Deforestation_Hotspot,21.12743225,0.173509597,2021,176.828644,268,294.5,396,249.5,632.5,1914,2481,2592,2877.5,2878,1437,593,284.5,4077.5,4,26,40.5,30.5,0.824388504,3.112956811,-0.734939754
Democratic Republic of the Congo,Maniema,Deforestation_Hotspot,25.29759146,-2.123752079,2021,86.894333,117,175,331,224,624.5,1822.5,2409,2473,2774,2676,1329,563.5,501.5,3261,4,23,34.5,18,0.833889484,2.244063061,-0.763908684
Democratic Republic of the Congo,Maniema,Deforestation_Hotspot,23.73353472,-0.423151415,2021,232.735626,332.5,335.5,466,300.5,700.5,2265.5,2825.5,2910,3189.5,3073,1804,775.5,374.5,3746.5,4,31,48,34.5,0.812801719,2.968376749,-0.723933637
Democratic Republic of the Congo,Maniema,Deforestation_Hotspot,25.21979736,2.929181563,2021,421.390137,275,276,412,312,729,1763,2299,2127,2509,2639,1317,589,127,3649,4,32,42,29,0.744157434,2.351036269,-0.675462782
Democratic Republic of the Congo,Maniema,Deforestation_Hotspot,20.34661661,-2.388036436,2021,187.918564,370,536.5,686,613,910.5,1679.5,2147.5,1861,2396.5,2499.5,1336.5,536,702,2977,4.5,63,70,55,0.504446268,2.057708162,-0.461327046
Democratic Republic of the Congo,Maniema,Deforestation_Hotspot,27.39677462,-3.597707797,2021,18.41471481,238,257,480.5,276.5,836,2435,3064.5,2860,3187.5,2822.5,1689.5,757,214.5,2835.5,4,29,50,26.5,0.823688805,2.491321119,-0.71231854
Democratic Republic of the Congo,Maniema,Deforestation_Hotspot,23.15088743,-3.746109482,2021,104.7358856,209.5,271.5,422.5,315.5,731,1976,2598.5,2992,2922.5,2974,1539.5,696,408.5,2912.5,4,32.5,42.5,28,0.809221447,2.348012984,-0.752525985
Democratic Republic of the Congo,Maniema,Deforestation_Hotspot,23.82947479,-3.999524224,2021,11.11000061,413,404.5,591.5,422.5,818,1978,2347,2435,2631,2581.5,1725.5,836.5,363,2921,4,43,60.5,44,0.704286993,2.597109304,-0.609119415
Democratic Republic of the Congo,Maniema,Deforestation_Hotspot,21.03607359,-1.952443354,2021,201.703781,269,315,451,423,807,1957,2521,2598,2896,2705,1618,743,309,3607,4,43,46,33,0.719960272,1.959812579,-0.70416528
Democratic Republic of the Congo,Maniema,Deforestation_Hotspot,28.98221126,2.804585233,2021,175.5161896,206,201,346,188,639,2474,3097.5,3120,3389.5,3039.5,1349.5,528,77.5,3137,4,19.5,36,20.5,0.886336148,2.673718767,-0.800346196
Democratic Republic of the Congo,Maniema,Deforestation_Hotspot,21.40617948,-3.423793958,2021,13.44664955,345,494,666.5,639,1018,1792,2047,2057.5,2409,2468,2292,1412,418.5,3275,4.5,65,68.5,51.5,0.526052296,1.621142857,-0.510646105
Democratic Republic of the Congo,Maniema,Deforestation_Hotspot,21.06419086,-3.854625968,2021,134.619507,824,765.5,900,779,1061.5,2047,2454.5,2369,2770.5,2850.5,1862.5,891,302,3219,5,80,92,78.5,0.505082607,3.051237766,-0.449372888
Democratic Republic of the Congo,Maniema,Deforestation_Hotspot,20.19992172,-2.15142019,2021,149.810898,363,558,676.5,601,904.5,1737.5,2190.5,2307,2434,2388,1339.5,560.5,703.5,3019.5,4.5,62,69.5,57,0.586657524,2.466743783,-0.546505809
Democratic Republic of the Congo,Maniema,Deforestation_Hotspot,20.94013351,-2.162559299,2021,285.658081,252.5,242.5,362.5,251.5,633.5,1882,2418.5,2541,2761.5,2810,1435,590,280,3542.5,4,26,37.5,25,0.819874644,2.564116922,-0.750301361
Democratic Republic of the Congo,Maniema,Deforestation_Hotspot,22.68277533,-3.109024283,2021,361.134705,161,283,363,238,654,1865,2407,2285,2678,2772,1278,515,466,3469,4,25,38,29,0.811335683,3.21551995,-0.725830793
Democratic Republic of the Congo,Maniema,Deforestation_Hotspot,27.10113906,-3.623219951,2021,10.35485363,399,388,474,552,563,568,483,494,529,1592,345,180,127,3033,2,57,49,40,-0.055449329,-0.161649944,-0.020661157
Democratic Republic of the Congo,Maniema,Deforestation_Hotspot,29.0432967,-2.212954787,2021,16.13088036,478.5,504,731,774,1154,2347,2704.5,2602,3021.5,2755.5,2356,1335,196.5,1792,4,79,75,51,0.541469216,1.318142486,-0.561356127
Democratic Republic of the Congo,Maniema,Deforestation_Hotspot,22.00104387,-3.744582346,2021,355.747192,396,423.5,535.5,447,812,1637,2003.5,2109,2261.5,2386,1497.5,761.5,526.5,3172.5,4,46.5,55.5,44,0.650234759,2.571561194,-0.595008492
Democratic Republic of the Congo,Maniema,Deforestation_Hotspot,20.88632443,-3.175050456,2021,152.768677,419,471,617.5,426,866.5,1997,2545.5,2731,2971,2675.5,1526,614.5,542,3631,4,43.5,63,48,0.73012352,3.282540587,-0.631178141
Democratic Republic of the Congo,Maniema,Deforestation_Hotspot,28.63168864,-0.992862968,2021,136.420227,216,255,383,224,569,2014,2647,2798,2807,3189,1402,614,203,2752,4,23,39,26,0.851753831,2.885003362,-0.759195209
Democratic Republic of the Congo,Maniema,Deforestation_Hotspot,26.89147227,-3.467092755,2021,182.078537,251,248,415,268,578,2126,2714,2982,3066,3120,1292,518,146,3047,4,28,43,26,0.835076928,2.484437935,-0.755666792
Democratic Republic of the Congo,Maniema,Deforestation_Hotspot,29.95355958,-1.633361765,2021,42.88028336,382,362.5,578.5,545.5,1136,2411,2760,3009.5,3103.5,2892,1918.5,1101,292,1490,4,56,58,36.5,0.69310832,1.728031419,-0.677536249
Democratic Republic of the Congo,Maniema,Deforestation_Hotspot,25.56061818,-3.768208038,2021,150.297867,399.5,361,522,341,821.5,2428,3150.5,3067,3516,3457.5,1703,764.5,324.5,3373.5,4,35,53.5,37,0.79988265,2.831913567,-0.709111154
Democratic Republic of the Congo,Maniema,Deforestation_Hotspot,21.32569043,-2.75212362,2021,84.124107,235,249,356,268,651,1744,2275,1991,2750,2632,1386,548,518,3298,4,28,37,27,0.762726843,2.486291486,-0.696633995
Democratic Republic of the Congo,Maniema,Deforestation_Hotspot,23.72688719,-0.193362365,2021,123.115501,257,307,478,283,818,2525,3200,3129,3498,3496,1850,792,382,3776,4,30,49,31,0.834114909,2.817263908,-0.734959781
Democratic Republic of the Congo,Maniema,Deforestation_Hotspot,26.60239441,0.686267961,2021,391.2240295,371.5,326.5,370,248,546,1712,2285,2389,2463.5,3049.5,1251,524,152,3194,4,26,38.5,33.5,0.81190747,3.744971139,-0.731786907
Democratic Republic of the Congo,Maniema,Deforestation_Hotspot,29.06737155,2.738738722,2021,37.61249542,219.5,206,338,201.5,618,2309,2965.5,2758,3262,3426,1497,560.5,85.5,3006,4,21,34.5,21.5,0.863828361,2.637742468,-0.781653762
Democratic Republic of the Congo,Maniema,Deforestation_Hotspot,20.7785266,-1.706125303,2022,338.355896,265,304,421.5,305.5,714.5,1904,2509.5,2329,2796.5,2694.5,1515,655.5,388.5,3376,4,32,43.5,31.5,0.768077433,2.68653744,-0.693510294
Democratic Republic of the Congo,Maniema,Deforestation_Hotspot,29.86498569,-1.617731079,2022,13.21956921,399,532,828,875,1287,2368,2748,2534,3097,2995,2404,1561,243,1714,4,90,86,57,0.48665297,1.092885375,-0.507436037
Democratic Republic of the Congo,Maniema,Deforestation_Hotspot,29.78862889,-1.129676386,2022,9.855872154,388,582,836,834,1352,2199,2493,2495,2696,2868,2459,1879,259,1619,5,85,85,59,0.498948634,1.324561404,-0.498048633
Democratic Republic of the Congo,Maniema,Deforestation_Hotspot,23.0194639,-3.18349462,2022,10.81835556,646,685.5,795,766,1176.5,1727.5,1962.5,2004.5,2212.5,2177,2308.5,1375,304.5,2868.5,4.5,78.5,81,70.5,0.44703123,2.120356103,-0.432041436
Democratic Republic of the Congo,Maniema,Deforestation_Hotspot,29.76114045,-1.713401657,2022,54.397812,293,368,546,600,1098,2180,2593,2700,2845,2825,2172,1281,262,1816,4,61,56,38,0.636363626,1.482632025,-0.663585961
Democratic Republic of the Congo,Maniema,Deforestation_Hotspot,24.63265849,-2.720143596,2022,42.414848,309,266,386,258,631,1689,2201,1955,2436,2416,1248,541,262,3087,4,26,40,28,0.766832352,2.811464546,-0.670226395
Democratic Republic of the Congo,Maniema,Deforestation_Hotspot,25.29130326,-3.105880179,2022,64.604652,233,273,406,237,607,1941,2529,2700,2789,2916,1245,491,245,3516,4,25,42,28,0.838610828,2.966754999,-0.738570511
Democratic Republic of the Congo,Maniema,Deforestation_Hotspot,22.74943033,-3.952991492,2022,158.251007,194.5,235.5,348.5,235.5,601,1757,2201.5,2211.5,2488,2582,1242.5,518.5,410.5,2798.5,4,24.5,36.5,23.5,0.807519436,2.656985344,-0.727734387
Democratic Republic of the Congo,Maniema,Deforestation_Hotspot,20.76747732,-1.730739142,2022,207.1235199,248.5,318.5,434,313,688,1821.5,2378,2478,2697.5,2563,1550,660,388.5,3393,4,32.5,44.5,33,0.775707603,2.749904738,-0.701923072
Democratic Republic of the Congo,Maniema,Deforestation_Hotspot,25.25447233,-2.889565859,2022,79.2237854,239,266.5,405,273,659.5,1881,2308.5,2465,2622.5,2515.5,1339.5,524.5,223.5,3140.5,4,28,41.5,28,0.800584376,2.603016269,-0.71777004
Democratic Republic of the Congo,Maniema,Deforestation_Hotspot,25.40601812,-3.60201971,2022,10.23085499,380,403.5,631.5,499.5,1003.5,1996.5,2301.5,2326,2581.5,2543,1778.5,936,246.5,2914,4,51.5,64.5,41.5,0.646434247,1.987270156,-0.572950125
Democratic Republic of the Congo,Maniema,Deforestation_Hotspot,22.45774736,-3.903045162,2022,134.862747,136,210,313,235,631,1870,2569,2180,2849,2834,1313,571,482,2947,4,24,31,20,0.805383027,2.411954365,-0.748896897
Democratic Republic of the Congo,Maniema,Deforestation_Hotspot,29.74479111,-3.501677893,2022,14.67177486,411,458,637.5,725.5,1245,2224,2518.5,2742,2750.5,2775,2501.5,1762,167,1763,4,74,65.5,47,0.581542909,1.377014477,-0.622725248
Democratic Republic of the Congo,Maniema,Deforestation_Hotspot,22.30099134,-3.916160565,2022,119.064339,143,224,332,243,597,1666,2226,2122,2540,2523,1286,558,474,2863,4,26,34,22,0.794503152,2.471067859,-0.729421377
Democratic Republic of the Congo,Maniema,Deforestation_Hotspot,29.71622468,-1.896118986,2022,57.27967453,471.5,480.5,690,624,1212.5,2527,2971,3120,3181.5,3206.5,2003.5,1148,248,1881.5,4,64,70,50,0.666666687,1.913376773,-0.637795269
Democratic Republic of the Congo,Maniema,Deforestation_Hotspot,24.26156445,-3.158521455,2022,211.252335,291,301.5,416,272,696.5,1876,2408.5,2346,2558.5,2387.5,1253.5,528,270,2824.5,4,28.5,43,31.5,0.792207778,3.018483481,-0.698769033
Democratic Republic of the Congo,Maniema,Deforestation_Hotspot,24.38292684,3.333513272,2023,28.0345726,252.5,334,506.5,278.5,817.5,2996,3796.5,3736,4216.5,3960,1896,772.5,67,4300.5,4,29,52,34.5,0.861252964,2.977523252,-0.7612257
Democratic Republic of the Congo,Maniema,Deforestation_Hotspot,26.18755242,-3.077044258,2023,253.208954,392,305,442,276,692,1892,2484,2708,2837,2646,1439,608,311,3515,4,29,45,31,0.815013409,2.926594465,-0.71936506
Indonesia,Nangroe Aceh Darussalam,Deforestation_Hotspot,101.7641647,6.522891857,2019,10.43158913,315,418,463.5,178,151.5,101.5,115,92,82.5,49,145,135,222,4133,6,18.5,47.5,42,-0.318518519,0.108915907,0.668766856
Equatorial Guinea,Centro Sur,Deforestation_Hotspot,17.31534151,6.843141256,2019,27.53548813,183,300,529,308,919,2429,2822,2746,3043,2808,1550,760,305,3980,4,33,55,31,0.798297286,2.599147122,-0.67694658
Equatorial Guinea,Centro Sur,Deforestation_Hotspot,15.07161943,7.187196009,2019,30.0749855,270,384,619,540,1051,2288,2697,2458,2919,2913,2067,1223,113,3627,4,55,63,40,0.639759839,1.700957786,-0.597660065
Equatorial Guinea,Centro Sur,Deforestation_Hotspot,15.24966552,7.778017972,2020,16.12006187,295,381,772,524,1257,3022,3482,3306,3760,3610,2256,1247,172,3689,4,54,79,39,0.726370752,1.935438987,-0.621383011
Equatorial Guinea,Centro Sur,Deforestation_Hotspot,15.65687183,7.351767369,2020,28.46509552,623.5,447,696.5,487,1060,2863.5,3439,3172,3750.5,3710.5,1912.5,1047.5,207.5,3421.5,4,50,71,44.5,0.733807027,2.447584321,-0.639912128
Equatorial Guinea,Centro Sur,Deforestation_Hotspot,15.30742719,8.015802027,2020,4.351453781,505,706,973,1328,1633,2122,2312,2272,2612,2640,3372,2810,172,3415,5,135,99,72,0.26222223,0.477153255,-0.400308162
Equatorial Guinea,Centro Sur,Deforestation_Hotspot,17.91703309,7.810626817,2020,30.24534416,305,453.5,692.5,563,1104.5,2523,2911.5,2955,3202.5,3185,1922,1173,264.5,3651,4,57.5,71,46,0.67993176,2.039041855,-0.620287895
Equatorial Guinea,Centro Sur,Deforestation_Hotspot,15.81650246,7.837216949,2020,39.36522675,287,397.5,743.5,513,1128.5,2800.5,3384,3452,3616,3540.5,2302,1338.5,214,3851.5,4,52.5,76,41,0.741235793,2.069864075,-0.645572662
Equatorial Guinea,Centro Sur,Deforestation_Hotspot,14.39590667,7.94717074,2021,46.37893677,368,411,622,498,947,2150,2531,2587,2786,2801,1668,810,288,2842,4,49,63,45,0.677147508,2.094445558,-0.612340271
Equatorial Guinea,Centro Sur,Deforestation_Hotspot,10.16178741,7.218726876,2021,21.75792694,231,338,693,428,1188,3186,3620,3496,3894,3642,1996,1046,320,4438,4,44,71,35,0.781855226,2.172804533,-0.669133425
Equatorial Guinea,Centro Sur,Deforestation_Hotspot,17.66029458,6.621886201,2021,10.55843639,272,350,602,396,1029,2274,2665,2566,2930,2889,1807,953,174,3628,4,41,62,36,0.732613087,2.340379638,-0.61994952
Equatorial Guinea,Centro Sur,Deforestation_Hotspot,14.32467027,7.638240114,2021,6.096041203,304,410,794,490,1239,3536,3995,3660,4328,4014,2239,1135,288,3658,4,52,81,41,0.763855398,2.247589336,-0.643466532
Equatorial Guinea,Centro Sur,Deforestation_Hotspot,17.92053652,7.180728139,2021,5.970162868,445,526,797,693,1226,3129,3537,3484,3837,3520,2548,1707,227,3538,4,71,81,54,0.668182909,1.886830719,-0.627657115
Equatorial Guinea,Centro Sur,Deforestation_Hotspot,16.63603549,7.418332532,2023,6.050612926,411.5,430.5,748,457,1153.5,3058,3585,3604,3899,3567,2014.5,1027,136,4108,4,47,77,44.5,0.774932265,2.523049788,-0.65625
Equatorial Guinea,Centro Sur,Deforestation_Hotspot,15.79018182,7.61802802,2023,23.16222572,374,395.5,646,462,1051.5,2374,2799,2738,3043,3000,2025.5,945.5,105,3914.5,4,47.5,66,41,0.711250007,2.235976029,-0.618203282
Rwanda,East/Iburasirazuba,Mixed_Landscape,36.68858859,1.940226266,2019,13.01627922,642.5,843,1164,1289,1725,2240.5,2502,2499,2689,2560,2544.5,1918,169,2493,5,131.5,119,86,0.319429785,0.773360603,-0.364455372
Rwanda,East/Iburasirazuba,Mixed_Landscape,30.91763154,-1.445703702,2019,10.9978857,352,484,708,932,1265.5,1974,2270,2261,2479.5,2757.5,2483.5,1695.5,275,1860.5,4.5,95,72.5,49.5,0.41622299,0.786576705,-0.523071766
Rwanda,East/Iburasirazuba,Mixed_Landscape,36.50937469,0.247979934,2019,1.680394053,441,513.5,898.5,902,1517.5,2468.5,2785,2867,2968,3052.5,3271,2133,95,1803.5,4,92,92,53.5,0.52135843,1.109229467,-0.522772551
Rwanda,East/Iburasirazuba,Mixed_Landscape,31.24524713,-4.502131625,2019,16.66202736,446,572,753,940,1204,1492,1603,1684,1718,2078,2751,2014,206,1932,5,97,77,59,0.283536583,0.612850082,-0.38202709
Rwanda,East/Iburasirazuba,Mixed_Landscape,34.11069322,-2.685738121,2019,1.817379951,625,785,1034.5,1454,1795,2033.5,2254,2185,2494,2447.5,3938,3711,163,1916.5,5,149.5,105.5,81.5,0.200879365,0.363862618,-0.357353628
Rwanda,East/Iburasirazuba,Mixed_Landscape,35.85279605,-1.979033487,2019,36.47914505,410,521,806,1094,1411,1873,2071,2144,2351,2295,2889,2170,81,1390,5,112,82,52,0.324274242,0.546704155,-0.453559309
Rwanda,East/Iburasirazuba,Mixed_Landscape,34.15551915,-3.10830563,2019,0.919861972,830,1078,1456,2010,2361,2633,2840,2822,3136,3003,4484,3621,163,1959,5,206,147,112,0.168046355,0.29861724,-0.319308102
Rwanda,East/Iburasirazuba,Mixed_Landscape,31.76788696,-4.058543538,2019,68.528084,373,462,603.5,706.5,986,1573,1779.5,1932,2055.5,2070.5,2022,1402.5,177.5,1940.5,5,73,62,46.5,0.464468449,1.131787957,-0.523959756
Rwanda,East/Iburasirazuba,Mixed_Landscape,31.78531428,-4.589537702,2019,26.98032188,530,666,863,1176,1483,1799,2069,2354,2458,2415,3688,2556,171,1996,5,120,88,68,0.333711058,0.666893116,-0.463475287
Rwanda,East/Iburasirazuba,Mixed_Landscape,33.18632679,-4.822201361,2019,4.811522007,736,872,1158,1708,2026,2432,2662,2710,2926,3019,4079,2910,166,1866,5,172,118,89,0.226799458,0.390247702,-0.401240945
Rwanda,East/Iburasirazuba,Mixed_Landscape,34.78110592,-3.741078916,2019,1.171597004,1303,1668,2110,2584,2625,2646,2726,2884,2906,2777,3031,1997,173,2018,5,254,215,170,0.054864667,0.127572716,-0.154985979
Rwanda,East/Iburasirazuba,Mixed_Landscape,30.44978894,-3.836569831,2019,3.819237947,433,492,614,682,890.5,1257.5,1404,1444,1544.5,1955,1751,1286.5,168,1582.5,5,70,63.5,51,0.358419567,1.031402274,-0.403304189
Rwanda,East/Iburasirazuba,Mixed_Landscape,31.3346295,-3.916250397,2019,4.564470768,428.5,532.5,706,737.5,1232.5,1820,2075.5,2196,2458.5,2451.5,2342.5,1286,204.5,2062,4,75.5,72,54,0.497187674,1.387329972,-0.513439
Rwanda,East/Iburasirazuba,Mixed_Landscape,33.89913997,-4.52297254,2019,1.959676027,1064,1174,1514,2034,2555,2651,2897,2880,3212,3283,4707,4040,172,2071,5,207,153,119,0.172161177,0.336783439,-0.310878485
Rwanda,East/Iburasirazuba,Mixed_Landscape,30.15424322,-2.027362849,2019,5.818078995,311.5,340,604,469,865,1961.5,2270.5,2284,2566,2452,1591,836.5,262.5,1817.5,4,47.5,61,35,0.659280777,1.780109847,-0.581717432
Rwanda,East/Iburasirazuba,Mixed_Landscape,35.38261783,-1.614586976,2019,2.540478945,518,750,1036,1204,1507,2310,2601,2744,2892,2864,3041,2202,89,1693,4,124,106,78,0.390070915,0.886279926,-0.451851845
Rwanda,East/Iburasirazuba,Mixed_Landscape,33.48052505,-4.031234753,2019,15.16309738,668,758,1055,1465,1860,2121,2360,2575,2712.5,2677,3746,2741.5,169,1836,5,150,108,79.5,0.274752468,0.48847034,-0.418732792
Rwanda,East/Iburasirazuba,Mixed_Landscape,33.90336205,-3.255898832,2019,0.479716986,626,791,1036,1440,1748,1911,2116,2178,2401,2293,3726,3027,164,1832,5,148,106,81,0.203980103,0.377570858,-0.355320483
Rwanda,East/Iburasirazuba,Mixed_Landscape,31.42679665,-3.251317424,2019,11.30251503,543.5,550,720,774.5,1258,1909,2198,2262,2439,2275,2499,1635,172.5,2113.5,5,78,72.5,56,0.489873201,1.335278276,-0.517102599
Rwanda,East/Iburasirazuba,Mixed_Landscape,31.66871295,-4.957757137,2019,42.863789,514,498,656,841,1364,1893,2120,2014,2457,2603,2927,1949,170,1882,5,87,68,51,0.410858154,0.881689717,-0.508614242
Rwanda,East/Iburasirazuba,Mixed_Landscape,31.965157,-3.785006534,2019,23.44109154,391.5,480,640.5,685.5,1077.5,1687,1977.5,1908,2263,2075,2159,1347,169,2076,5,70,65.5,48,0.471370727,1.261870355,-0.497351378
Rwanda,East/Iburasirazuba,Mixed_Landscape,32.88584033,-3.47562675,2019,1.171597004,710,965.5,1225,1577,1880.5,2069,2221.5,2250,2518,2214.5,3004.5,2318,167.5,2023.5,5,160.5,125,99,0.175855756,0.376250908,-0.294964015
Rwanda,East/Iburasirazuba,Mixed_Landscape,31.96336037,-3.782670914,2019,42.59939575,394,408.5,643,649,1004,1685.5,1979.5,2298,2302.5,2270.5,2006,1148,169,1987,4,67,65.5,44.5,0.559552073,1.317408325,-0.562733769
Rwanda,East/Iburasirazuba,Mixed_Landscape,36.69954804,2.402589143,2019,8.368968964,695,894,1078,1310,1437,1538,1634,1398,1604,1406,1514,1286,189,2721,7,134,110,91,0.032496307,0.086139389,-0.129240707
Rwanda,East/Iburasirazuba,Mixed_Landscape,31.75019015,-3.339981142,2019,1.271942019,694,891,1167,1642,1906.5,2222.5,2483,2605,2763,2831.5,4248,3624,170.5,1987,5,167.5,120,89.5,0.226748288,0.416847026,-0.381230116
Rwanda,East/Iburasirazuba,Mixed_Landscape,36.72191609,2.217087037,2019,9.086967468,549.5,607,813.5,953.5,1346,1850.5,2058,2032,2283.5,2210.5,2122.5,1512.5,173,2563,5,97.5,83.5,62.5,0.36124602,0.842183352,-0.428220004
Rwanda,East/Iburasirazuba,Mixed_Landscape,34.5861715,-2.869713091,2019,19.706699,492,667,856,1084,1463,1708,1874,1942,2093,2084,2760,2193,157,1777,5,111,88,68,0.283542633,0.622731891,-0.38813439
Rwanda,East/Iburasirazuba,Mixed_Landscape,34.85881019,-3.551803886,2019,9.358772278,588,635.5,796.5,1072,1372,1593.5,1772.5,1796,2057.5,2479.5,2564,1900.5,135,1272.5,5,110,81.5,64.5,0.252440721,0.522705942,-0.38553521
Rwanda,East/Iburasirazuba,Mixed_Landscape,35.20097848,-1.606861464,2019,1.061925054,608,790,1058,1316,1664,2150,2398,2454,2697,2645,3768,3106,97,1905,5,136,109,81,0.301856756,0.642792589,-0.397494316
Rwanda,East/Iburasirazuba,Mixed_Landscape,33.6439286,-4.180624585,2019,1.228435993,688.5,886.5,1185,1652,2047,2243,2441.5,2468,2739.5,2694.5,3614,2390,164,1972.5,5,167.5,121.5,91,0.198058248,0.355881198,-0.351218164
Rwanda,East/Iburasirazuba,Mixed_Landscape,31.21272811,-1.843208216,2019,13.38628864,467,537,731,821,1278,1876,2129,2262,2420,2405,2766,1908,270,2153,5,82,75,55,0.467401892,1.139490748,-0.511526883
Rwanda,East/Iburasirazuba,Mixed_Landscape,34.89546145,-2.239994077,2019,1.564893007,568.5,664.5,865.5,1216,1447,1650,1797.5,1847,2029.5,2026,3095.5,2657.5,152,1795,5,124,88,67.5,0.206007183,0.379183943,-0.361843318
Rwanda,East/Iburasirazuba,Mixed_Landscape,32.03585441,-4.323905873,2019,72.662376,379,410,584.5,536,926,1546.5,1795,1990,2027.5,2046.5,2003,1228.5,159.5,1937.5,4,55,59.5,44,0.575613618,1.704971857,-0.54593122
Rwanda,East/Iburasirazuba,Mixed_Landscape,31.20751789,-1.811857012,2019,1.022176981,489,588,779,836,1217,1863,2177,2120,2457,2302,2855,2056,279,2117,4,85,80,60,0.434370786,1.177117712,-0.46257329
Rwanda,East/Iburasirazuba,Mixed_Landscape,37.54504238,2.697595882,2019,1.228435993,1345,1656,2396,3298,3713,3692,3883,3676,3974,3973,4893,4820,193,3274,5,255,244,170,0.05420132,0.085559077,-0.210803688
Rwanda,East/Iburasirazuba,Mixed_Landscape,31.28908491,-1.240708155,2019,9.849947929,486,530,856,573,1162,3107,3916,3992,4168,4135,1910,862,403,2441,4,59,87,54,0.748959482,2.473234954,-0.646864712
Rwanda,East/Iburasirazuba,Mixed_Landscape,31.54339797,-3.65133722,2019,71.08078003,485,490,645,804,1094,1447,1612,1784,1975,1972,2598,1600,179,1949,5,83,66,50,0.378670782,0.835037491,-0.468917251
Rwanda,East/Iburasirazuba,Mixed_Landscape,32.8492789,-3.383818928,2019,0.870712996,403,441,460,529,599,735,834,902,966,1176,1864,1206,165,1701,5,54,47,46,0.260656893,1.211825861,-0.324522763
Rwanda,East/Iburasirazuba,Mixed_Landscape,34.46885153,-2.029339143,2019,2.686698914,584.5,678,958,1022,1643.5,2474.5,2869.5,2833,3145,2852,3485,2380.5,164,2157,4.5,103.5,97.5,69.5,0.469779521,1.166580778,-0.494592458
Rwanda,East/Iburasirazuba,Mixed_Landscape,34.39851344,-4.162748111,2019,7.019862175,480,590,770,1142,1415,1652,1837,1882,2140,2015,3117,2283,159,1647,5,116,78,61,0.244709,0.429234339,-0.419306189
Rwanda,East/Iburasirazuba,Mixed_Landscape,31.48599562,-3.17765557,2019,75.125397,444,466.5,605,693,1115.5,1427.5,1594.5,1629,1931,1865.5,2660,2013.5,170,2004.5,5,71.5,62,49,0.403100789,1.022168833,-0.458370626
Rwanda,East/Iburasirazuba,Mixed_Landscape,35.62462397,-1.146924039,2019,28.25886726,688,802,1072,1340,1691,2217,2462,2494,2706,2780,2869,2200,92,1764,5,137,109,82,0.300991118,0.638274336,-0.39876613
Rwanda,East/Iburasirazuba,Mixed_Landscape,30.94808443,-4.49063319,2019,94.39390564,328,371,510,450,902,1669,1877,1844,2216,2197,1813,1043,164,1887,4,46,52,38,0.607672215,1.977304965,-0.566694975
Rwanda,East/Iburasirazuba,Mixed_Landscape,34.15758528,-3.898104428,2019,0.919861972,769,929,1100,1416,1640,1777,1913,1888,2129,2159,3194,2714,171,1954,5,145,113,95,0.142857149,0.345281639,-0.263721555
Rwanda,East/Iburasirazuba,Mixed_Landscape,34.86698486,-4.601125969,2019,1.061925054,540.5,800.5,1243,2177.5,2494,2709.8,2894.5,2916.666667,3143,2955.55,4299.333333,3504.5,154,1497.666667,5,221,126.5,82,0.145100608,0.185182092,-0.402355969
Rwanda,East/Iburasirazuba,Mixed_Landscape,35.4372354,-3.083242634,2019,4.699281216,575,753,956,1220,1490,1624,1735,1812,1917,1918,2440,2159,118,1774,5,123,98,77,0.19525066,0.424616267,-0.309248567
Rwanda,East/Iburasirazuba,Mixed_Landscape,33.25711404,-4.751863274,2019,1.564893007,747,1000,1250,1820,2150,2534,2729,2938,3084,2950,4068,2998,166,2025,5,187,128,103,0.234972671,0.439534518,-0.403056353
Rwanda,East/Iburasirazuba,Mixed_Landscape,36.64888306,0.173150271,2019,1.061925054,539.5,664,933.5,954.5,1397.5,2191.5,2395,2452,2668,2687.5,3309,2399,95,1707,4.5,97.5,95,68,0.439600766,1.169921875,-0.448530495
Rwanda,East/Iburasirazuba,Mixed_Landscape,33.05283714,-3.127529577,2019,3.013622999,665,838,1228,1890,2396,2620,2795,2714,2990,2932,4064,3524,167,2014,5,192,125,86,0.178974807,0.265122265,-0.376966
Rwanda,East/Iburasirazuba,Mixed_Landscape,31.87972721,-3.166067303,2019,1.697227001,472.5,636.5,890.5,1293,1610,1799.5,2006,2106,2280,2244.5,3539,2766,164.5,2036.5,5,131.5,91,66,0.239188001,0.399214338,-0.405639917
Rwanda,East/Iburasirazuba,Mixed_Landscape,35.28182686,-1.827308035,2019,0.870712996,666,856,1120,1388,1743,2182,2360,2442,2613,2641,3882,3526,98,1724,5,142,114,87,0.275195837,0.605607906,-0.371139795
Rwanda,East/Iburasirazuba,Mixed_Landscape,33.20069984,-4.553694922,2019,2.540478945,772,932,1192,1638,2031,2255,2427,2545,2848,2754,4156,3192,166,1920,5,167,122,94,0.21683003,0.421155275,-0.362055123
Rwanda,East/Iburasirazuba,Mixed_Landscape,34.35126205,-2.783295161,2019,1.061925054,656,974,1262,1716,1965,2218,2412,2564,2691,2505,3972,3411,159,1888,5,175,129,99,0.198130846,0.381569474,-0.340303183
Rwanda,East/Iburasirazuba,Mixed_Landscape,35.0243697,-4.297225909,2019,0.666137993,425.5,446.5,665,1064,1373,1607,1758,1682,1997,2313.5,2690,2112,154,1368.5,5,108.5,68,45.5,0.225054622,0.327451915,-0.433319122
Rwanda,East/Iburasirazuba,Mixed_Landscape,34.95591807,-0.954415074,2019,6.651022911,310,358,621,442,1009,2490,2974,2884,3272,3502,1833,913,90,1956,4,47,64,37,0.73421526,2.140603086,-0.645649076
Rwanda,East/Iburasirazuba,Mixed_Landscape,35.6429496,-1.997628613,2019,149.069595,288,302,463.5,366,744,1742,1968.5,2084,2240,2272,1466.5,817.5,108,1329.5,4,37,47.5,32,0.701224506,2.130456349,-0.636113822
Rwanda,East/Iburasirazuba,Mixed_Landscape,34.78056693,-2.601925305,2019,1.228435993,450.5,493.5,620,832,1109.5,1228,1366,1377,1589,1529,2477.5,1990.5,156,1713,5,84.5,64,51,0.246717975,0.510538642,-0.379068613
Rwanda,East/Iburasirazuba,Mixed_Landscape,35.40031464,-3.7336229,2019,0.181136996,618.5,882,1288,1964,2328.5,2471,2731,2860,3124,3076,4230.5,3393.5,159,1704,5,200.5,131,90,0.185737982,0.278953923,-0.378977835
Rwanda,East/Iburasirazuba,Mixed_Landscape,34.20250104,-3.159958759,2019,1.271942019,549,657,864,1260,1499,1695,1937,2024,2230,2252,3097,2475,158,1761,5,128,88,67,0.232643113,0.410091251,-0.401662052
Rwanda,East/Iburasirazuba,Mixed_Landscape,31.33283287,-3.126541431,2019,17.0110569,463,515,702,795,1205.5,1899.5,2161,2263,2502.5,2508,2840,1846,167,1879.5,4,80,72,53,0.480052322,1.157181145,-0.526475549
Rwanda,East/Iburasirazuba,Mixed_Landscape,32.97648034,-3.225356112,2019,1.500722051,566,454,730,672,1037,1185,1286,1084,1270,2417,1245,853,167,1710,5,69,75,46,0.234624147,0.601635514,-0.195148841
Rwanda,East/Iburasirazuba,Mixed_Landscape,36.75515375,2.810334451,2019,1.391625047,529,605,927,1434,1591,1580,1618,1544,1652,1591,1711,1492,190,3126,7,146,95,62,0.036937542,0.049006504,-0.249696478
Rwanda,East/Iburasirazuba,Mixed_Landscape,31.65398058,-3.652325366,2019,73.083023,402,434,585,705,1099,1581,1818,1872,2136,2118,2387,1524,172,1927,4,72,60,43,0.45285216,1.02440309,-0.523809552
Rwanda,East/Iburasirazuba,Mixed_Landscape,33.98286296,2.575155509,2019,19.63200378,230,327.5,620,503,1030,2121,2454,2364.5,2781.5,2783.5,2064.5,1225,111.5,2300,4,51.5,63.5,32.5,0.64917177,1.589802716,-0.584520042
Rwanda,East/Iburasirazuba,Mixed_Landscape,37.49832999,2.698494198,2019,2.145004988,1021,1216,1816,2754,3275,3343,3464,3244,3575,3671,4271,4207,192,3204,5,255,184,124,0.081693895,0.115034276,-0.282213449
Rwanda,East/Iburasirazuba,Mixed_Landscape,34.66010285,-0.882639682,2019,65.1822052,301,415,640.5,959.5,1132.5,1822.5,2105,1860,2341.5,2392.5,2492,1994,151.5,2066.5,4.5,98,65,43,0.319382876,0.499667074,-0.487702459
Rwanda,East/Iburasirazuba,Mixed_Landscape,30.41825808,-2.016942392,2019,1.748222947,405,432,624,678,1075,1592,1717,1680,1983,1710,1232,779,264,1960,5,69,64,44,0.424936384,0.998405739,-0.458333343
Rwanda,East/Iburasirazuba,Mixed_Landscape,33.01465874,-4.031324585,2019,1.171597004,797,1048,1308,1835,2120.5,2267,2473,2627,2840,2890,3791,2916,170,1899.5,5,186.5,132.5,106.5,0.177498877,0.342679128,-0.335196942
Rwanda,East/Iburasirazuba,Mixed_Landscape,32.51546494,-3.737665318,2019,4.211391926,535,604.5,878.5,1033,1590.5,2371,2687.5,2820,3007,2790,3330.5,2367.5,167,2043.5,4,105.5,89.5,62,0.46379444,0.996042584,-0.524942517
Rwanda,East/Iburasirazuba,Mixed_Landscape,34.04906879,-3.432327953,2019,0.834730983,621,800,999,1354,1470,1567,1709,1932,1984,1891,3492,3128,167,1769,5,139,102,81,0.175897747,0.356174513,-0.318321407
Rwanda,East/Iburasirazuba,Mixed_Landscape,30.53818317,-3.927838664,2019,25.30512428,474,528.5,703,882,1196,1527.5,1702,1724,2028,2104,2584,1853,167,2080,5,89,71.5,54.5,0.323100537,0.689429297,-0.42068398
Rwanda,East/Iburasirazuba,Mixed_Landscape,35.41621482,-1.645039864,2019,4.699281216,381,601,918,1130,1320,2250,2579,2656,2842,2767,2564,1852,89,1782,4,115,94,63,0.403063923,0.773912161,-0.486289859
Rwanda,East/Iburasirazuba,Mixed_Landscape,33.56290056,-2.774042513,2019,0.301847994,601,716.5,909.5,1180,1580.5,2030.5,2279.5,2343,2593.5,2579,3262,2240,167,2027.5,5,119.5,92.5,73,0.330116391,0.717856922,-0.440737903
Rwanda,East/Iburasirazuba,Mixed_Landscape,37.61924323,2.102462007,2019,1.271942019,576,729.5,1018,1513,1721,1731,1808.5,1751,1914.5,1999.5,2411,2046.5,187,2786.5,5,154.5,104.5,75,0.072916664,0.111033357,-0.264716506
Rwanda,East/Iburasirazuba,Mixed_Landscape,34.46813287,-1.995831982,2019,4.289997101,463,599.5,804.5,1021,1360.5,1899,2142,2022,2377,2444,2748.5,2227.5,162,2144.5,5,105,83,61.5,0.328951687,0.685100267,-0.430744737
Rwanda,East/Iburasirazuba,Mixed_Landscape,34.70771356,-4.760127775,2019,9.515846252,694,807.5,1118,1622,1932.5,2152.5,2385.5,2440.5,2632.5,2994,3791.5,2965,159,1513,5,166.5,114.5,81,0.201476917,0.334504884,-0.371645361
Rwanda,East/Iburasirazuba,Mixed_Landscape,34.74166988,-2.849051839,2019,0.444341987,558,737,936,1220,1475,1760,1892,1946,2147,2338,2744,2033,151,1558,5,125,96,76,0.229311436,0.485359005,-0.350451082
Rwanda,East/Iburasirazuba,Mixed_Landscape,36.3333049,0.170275662,2019,3.823107958,282.5,343.5,559,438.5,851.5,2733.5,3469,3380,3625,3656,1897,1100.5,91.5,1611.5,4,45,57.5,35,0.770328641,2.140362366,-0.716171622
Rwanda,East/Iburasirazuba,Mixed_Landscape,33.04726759,-3.005538362,2019,1.453466058,573,773,1136,1560,1980,2617,2857,2906,3155,3099,3635,2946,167,2107,5,160,116,79,0.301388264,0.520132931,-0.437902033
Rwanda,East/Iburasirazuba,Mixed_Landscape,31.90290375,-2.962688723,2019,21.25168228,521,722,1045,1403,1579.5,2272,2497,2735,2729,2657,3111,2546,162,2056.5,5,143.5,107,74,0.321894646,0.58024046,-0.44708994
Rwanda,East/Iburasirazuba,Mixed_Landscape,30.09630188,-2.727869108,2019,48.75554276,345.5,432,673,579.5,1207.5,2712.5,3048,3245,3519,3144.5,2078.5,1210.5,234,1471.5,4,58.5,69,44.5,0.696953833,1.913221361,-0.656457365
Rwanda,East/Iburasirazuba,Mixed_Landscape,34.09685917,-4.013807437,2019,1.11609304,767,1152,1538,1986,2234,2423,2637,2796,2860,2492,3325,2371,173,2194,5,203,157,118,0.169385195,0.333443109,-0.290263027
Rwanda,East/Iburasirazuba,Mixed_Landscape,36.23440038,2.561411285,2019,1.061925054,964.5,1242,1745,2295,2813,2975,3121,2996,3211.5,3168,3571,3540.5,190,3257.5,5,233,177.5,127.5,0.13248913,0.235171766,-0.263868392
Rwanda,East/Iburasirazuba,Mixed_Landscape,34.91010399,-3.578394019,2019,4.699281216,848,1020,1364,1720,2037,2247,2389,2400,2587,2523,3498,3051,127,1842,5,175,139,104,0.16504854,0.335239598,-0.27523911
Rwanda,East/Iburasirazuba,Mixed_Landscape,34.82736915,-3.455504488,2019,1.887864947,529.5,612.5,779,1095,1276,1386,1517,1639,1739,1769,2920.5,2385.5,135,1457.5,5,110.5,79.5,63,0.198975861,0.376080194,-0.355665833
Rwanda,East/Iburasirazuba,Mixed_Landscape,34.66657072,-2.095904305,2019,1.11609304,423.5,580,801,1031,1325.5,1784.5,1972,2058,2213,2286.5,3004,2291,163,1998,5,105,81.5,60,0.332470059,0.659178434,-0.439664215
Rwanda,East/Iburasirazuba,Mixed_Landscape,30.40343588,-4.080192936,2019,5.551348209,523.5,674.5,913.5,1329,1746,2290,2562,2645,2979,2844,3102,2131,165,2031.5,5,135.5,93,69,0.331152499,0.591593617,-0.486581415
Rwanda,East/Iburasirazuba,Mixed_Landscape,31.55983714,-4.313036258,2019,84.049377,343.5,406,573.5,537,958,1606,1805.5,1909,2124.5,2087,1841.5,1031,171,1941,4.5,55,58.5,42,0.560915768,1.643507427,-0.537965775
Rwanda,East/Iburasirazuba,Mixed_Landscape,33.67168654,-4.899815801,2020,1.171597004,611,905,1221,1714,1950,2171.5,2433.5,2591.5,2776.5,2748.5,3910,2976,168,1804.5,5,173.5,124.5,92,0.203809083,0.360280834,-0.359475404
Rwanda,East/Iburasirazuba,Mixed_Landscape,34.86527806,-2.708914655,2020,2.644510031,499,670,871,1246,1594,1902,2121,2238,2472,2521,3298,2180,155,1635,5,126,89,69,0.284730196,0.528784648,-0.439691216
Rwanda,East/Iburasirazuba,Mixed_Landscape,32.5056733,-2.507692031,2020,2.221455097,442,672.5,933.5,1219,1638.5,2379,2685,2806,3029,2925.5,3704,2903.5,214.5,2222.5,5,124,95.5,69,0.394285709,0.781426954,-0.500735402
Rwanda,East/Iburasirazuba,Mixed_Landscape,34.69720327,-0.516845699,2020,17.78991318,400,519,828,687,1619,3114,3492,3378,3742,3416,2843,1944,233,2415,4,70,85,54,0.66199261,1.864348067,-0.606276751
Rwanda,East/Iburasirazuba,Mixed_Landscape,35.04467162,-1.301164773,2020,1.214100957,497.5,600,882.5,991.5,1458,2170.5,2433.5,2472,2710.5,2752.5,2966,1873.5,100.5,1917,4,100,89.5,62,0.42745778,0.943714941,-0.473841101
Rwanda,East/Iburasirazuba,Mixed_Landscape,37.29432259,-1.52080286,2020,82.34402466,416,390,628,484,1096,2512,2884,2952,3176,3545,2016,1216,132,1978,4,47,63,41,0.718277037,2.104365621,-0.649161994
Rwanda,East/Iburasirazuba,Mixed_Landscape,30.44978894,-3.836569831,2020,4.795748234,410,483,666,760,1224,1991,2203,2218,2442,2589,2420,1607,168,2023,4,78,68,50,0.489590317,1.154760019,-0.538141489
Rwanda,East/Iburasirazuba,Mixed_Landscape,33.00702306,-3.395137701,2020,1.630395055,689.5,726.5,938.5,1345,1836,2160.5,2513.5,2481,2897,2857,3782,2651.5,169,2227,5,137,96,74,0.296915829,0.556508108,-0.451089352
Rwanda,East/Iburasirazuba,Mixed_Landscape,37.23557277,-2.238826267,2020,93.56303406,755,609,966,1246,1547,2162,2504,2708,2785,2909,2877,2077,166,1827,5,128,99,65,0.369752139,0.650645305,-0.474142611
Rwanda,East/Iburasirazuba,Mixed_Landscape,36.89169768,-3.669123862,2020,0.970350027,806,971,1394,1682,1977,2258,2342,2448,2518,2604,2700,2361,94,2202,5,171,142,99,0.185472161,0.364172292,-0.274336278
Rwanda,East/Iburasirazuba,Mixed_Landscape,36.11573294,-4.814655513,2020,1.11609304,436,509.5,757.5,851.5,1339,2359.5,2710,2908,3091.5,2895.5,2855.5,1679,112,2108.5,4.5,87.5,78,49.5,0.547014236,1.225055102,-0.586686671
Rwanda,East/Iburasirazuba,Mixed_Landscape,35.76763576,-2.253648469,2020,5.362435818,448.5,563.5,778.5,954.5,1225,1752,1967.5,2084,2350,2235,2603.5,1687.5,138,1814.5,5,97.5,80,56.5,0.371729463,0.787492156,-0.456069857
Rwanda,East/Iburasirazuba,Mixed_Landscape,37.13675809,-2.369531141,2020,1.271942019,360,551,774,1194,1497,1724,1918,2040,2238,2221,2987,2124,167,1973,5,122,79,56,0.261595547,0.416954165,-0.449893385
Rwanda,East/Iburasirazuba,Mixed_Landscape,37.22461332,-3.619087701,2020,1.564893007,614,711.5,929,1379,1771.5,1938,2180.5,2197,2461.5,2353.5,3360.5,2277,107.5,2060,5,141,95,74,0.228747204,0.398189164,-0.405630201
Rwanda,East/Iburasirazuba,Mixed_Landscape,32.55229587,-3.55144456,2020,1.453466058,647,774,1052,1612,1870,2051,2283,2470,2702,2728,3916,2805,168,1886,5,164,108,80,0.210191086,0.338434837,-0.40261215
Rwanda,East/Iburasirazuba,Mixed_Landscape,36.57117878,-1.993586194,2020,1.870118976,437.5,455,856,729.5,1341.5,2193.5,2466.5,2578,2843.5,2675.5,2343.5,1284.5,156,1969.5,4,74.5,87,48.5,0.558881342,1.304148441,-0.501456022
Rwanda,East/Iburasirazuba,Mixed_Landscape,33.23483582,-4.276025668,2020,4.588345051,584,853,1136,1700,2079,2480,2789,2962,3275,3123,3637,2273,166,1863,5,174,117,86,0.270699263,0.46633656,-0.445583224
Rwanda,East/Iburasirazuba,Mixed_Landscape,32.77426957,-2.655195401,2020,1.022176981,690.5,923.5,1286,1665,2121.5,2626,2933.5,3145,3359.5,3205.5,4624,3593.5,212,2154,5,170.5,131.5,93.5,0.307692319,0.595837192,-0.419544131
Rwanda,East/Iburasirazuba,Mixed_Landscape,35.25209262,-1.48496008,2020,2.750601053,438,560,837,924,1413,2191,2506.5,2594,2806,2817,2956.5,1773.5,97.5,1868,4,94,85,58,0.474701524,1.059913684,-0.512095571
Rwanda,East/Iburasirazuba,Mixed_Landscape,36.85405827,-2.263350274,2020,14.42980194,573,668,913,1302,1602,2011,2275,2468,2650,2579,3328,2452,159,1745,5,134,93,68,0.309283823,0.553025991,-0.459923089
Rwanda,East/Iburasirazuba,Mixed_Landscape,37.53183715,-1.201361945,2020,11.93657398,488,678,1032,1350,1464,1970,2279,2490,2580,2645,3213,2209,140,1853,5,141,106,70,0.296875,0.517617145,-0.413969338
Rwanda,East/Iburasirazuba,Mixed_Landscape,37.9906966,-2.082339744,2020,26.54669952,535,607.5,787.5,1095,1414,1605.5,1821.5,1940,2180,2189,2923,1846.5,134.5,1973,5,110.5,80.5,62,0.278418452,0.534167773,-0.422548115
Rwanda,East/Iburasirazuba,Mixed_Landscape,34.83850826,-1.224179153,2020,36.42827606,278,423.5,725.5,590.5,1216.5,2344,2687.5,2723,3037,3169,2462,1342,117,1888.5,4,60,73.5,42.5,0.643579304,1.724904958,-0.579237342
Rwanda,East/Iburasirazuba,Mixed_Landscape,37.62984335,-1.80053824,2020,35.02430344,408,376,584,676,1177,1982,2170,2312,2509,2607,2554,1807,135,2142,5,71,60,39,0.547523439,1.152437306,-0.596685112
Rwanda,East/Iburasirazuba,Mixed_Landscape,34.00280556,-2.429358939,2020,1.271942019,605,638,789,877,1149,1387,1634,1654,1910,2266,2435,1769,164,2026,5,90,81,65,0.306993276,0.911116323,-0.354072869
Rwanda,East/Iburasirazuba,Mixed_Landscape,34.47352276,-4.948324827,2020,6.519321918,553.5,589.5,873.5,1215,1674,2060.5,2358.5,2373,2671,2812,3228.5,2223.5,107.5,1486.5,5,125.5,90.5,63,0.322742462,0.552191121,-0.461882025
Rwanda,East/Iburasirazuba,Mixed_Landscape,30.35932859,-3.919843658,2020,3.671634912,484,512,663,879,1220,1670,1880,1846,2249,2334,2644,1797,168,1954,5,89,68,54,0.354862392,0.736818043,-0.471502602
Rwanda,East/Iburasirazuba,Mixed_Landscape,33.94702018,1.311225904,2020,17.82473564,334.5,402.5,757.5,804.5,1386,2431.5,2732,2731,2977,3240.5,2505,1791,284,2927,4,82,77.5,40.5,0.544901729,1.060789604,-0.565715909
Rwanda,East/Iburasirazuba,Mixed_Landscape,36.68436651,-2.614411887,2020,8.368968964,234,256,494,432,940,1507,1672,1716,1962,2011,1965,1190,162,1897,4,44,51,27,0.597765386,1.343658434,-0.552941203
Rwanda,East/Iburasirazuba,Mixed_Landscape,30.66116253,-3.816267906,2020,13.28176689,482,538.5,774.5,1004.5,1360,1802.5,2027.5,2145,2334,2312,3154,2311,164,1969.5,5,102.5,79.5,55,0.362120986,0.689665598,-0.469429702
Rwanda,East/Iburasirazuba,Mixed_Landscape,33.06505423,-4.282044381,2020,0.624369025,750.5,1121,1618,2268,2599,2898,3150,3235,3414,3385.5,4427,3629,166,1916,5,231.5,164.5,115,0.175722331,0.28655248,-0.333195955
Rwanda,East/Iburasirazuba,Mixed_Landscape,32.10125176,-3.733353405,2020,137.005859,433,424,641,640,1041,1690,1960,2106,2328,2349,2159,1218,169,1974,4,66,66,44,0.533867419,1.324539212,-0.533309042
Rwanda,East/Iburasirazuba,Mixed_Landscape,36.84372764,-2.223914233,2020,13.71418285,385,460,761,824,1201,1841,2095,2104,2410,2431,2438,1551,155,1649,4,83,78,47,0.437158465,0.889135871,-0.468760908
Rwanda,East/Iburasirazuba,Mixed_Landscape,37.97120315,-1.471844677,2020,6.918302059,382,402,584,775,1305,1817,2037,1980,2373,2474,2590,1692,143,2177,5,81,58,39,0.437386572,0.833102876,-0.544461787
Rwanda,East/Iburasirazuba,Mixed_Landscape,37.31507367,-2.680527892,2020,1.022176981,605,678.5,1002,1202,1629.5,2248.5,2548,2671,2901,2900,3186.5,1983.5,130,1812.5,5,123,103,69.5,0.379292548,0.765862051,-0.454396963
Rwanda,East/Iburasirazuba,Mixed_Landscape,33.82610694,0.187253821,2020,10.83446026,398,715.5,1224,1710,1970,2660.5,2848.5,2904,2993.5,3106.5,3016.5,2265,185.5,2626,5,174.5,125,73,0.258777618,0.382753646,-0.40697673
Rwanda,East/Iburasirazuba,Mixed_Landscape,32.97998377,-3.744672178,2020,1.171597004,804.5,979.5,1332,1965,2366.5,2613.5,2857.5,2990,3256,3271,4515.5,3395,168,1956,5,200.5,135.5,99,0.206861749,0.344665254,-0.383618683
Rwanda,East/Iburasirazuba,Mixed_Landscape,37.32208053,-1.480109178,2020,93.56303406,527,408,612,649,885,2602,3174,3320,3410,3026,1428,715,136,1599,4,66,62,42,0.672965467,1.60709988,-0.688708007
Rwanda,East/Iburasirazuba,Mixed_Landscape,31.01042751,-4.234792997,2020,77.170448,338,393,551,583,928,1429,1650,1906,1993,2000,2061,1184,188,1885,4,60,57,40,0.531538785,1.345879959,-0.551485538
Rwanda,East/Iburasirazuba,Mixed_Landscape,36.7726709,-3.965028917,2020,69.524002,447,510.5,744,959.5,1361.5,1789.5,2024,2139,2432.5,2319,2822.5,1792.5,83,1552.5,5,97,76,53.5,0.380668074,0.724820254,-0.483870953
Rwanda,East/Iburasirazuba,Mixed_Landscape,37.85505099,-1.171268383,2020,1.271942019,498,715,1030,1452,1744,2015,2202,2382,2500,2394,3012,2390,138,1949,5,148,105,74,0.242566511,0.405582207,-0.396248549
Rwanda,East/Iburasirazuba,Mixed_Landscape,35.09650441,-1.825152079,2020,1.214100957,494.5,616.5,855,1038,1423,2070.5,2329.5,2439,2692,2639,3096,2175,109,1712.5,5,106,87,63,0.402933568,0.866044384,-0.48087433
Rwanda,East/Iburasirazuba,Mixed_Landscape,37.26297138,-1.351919587,2020,17.62800598,558,730,929,1256,1600,2028,2242,2260,2592,2481,3680,2804,136,2064,5,129,95,77,0.285551757,0.580749653,-0.417372227
Rwanda,East/Iburasirazuba,Mixed_Landscape,32.90946602,-3.101927592,2020,2.519921064,613.5,911.5,1227,1778,2222.5,2428.5,2666,2734,3193,2638,4025,2790.5,168,2220,5,181,125,92.5,0.211879432,0.363954772,-0.380459487
Rwanda,East/Iburasirazuba,Mixed_Landscape,30.53216446,-4.238296426,2020,4.599506855,440,474,661,777,1139,1772,2007,2170,2332,2147,2348,1514,166,2092,4,79,68,49,0.472684085,1.062385601,-0.533027172
Rwanda,East/Iburasirazuba,Mixed_Landscape,33.69001217,-4.926855092,2020,1.500722051,658.5,800,1097,1563,1690.5,1996.5,2114.5,2465,2502,2720.5,3483.5,2222.5,168,1608,5,159,110.5,82,0.223932475,0.385865845,-0.384053916
Rwanda,East/Iburasirazuba,Mixed_Landscape,36.004791,-2.046676628,2020,3.359055042,505,895,1226,1554,2019,2440,2630,2814,3014,2877,3133,2223,162,2436,5,157,124,91,0.288461536,0.580484659,-0.393069297
Rwanda,East/Iburasirazuba,Mixed_Landscape,33.25711404,-4.751863274,2020,1.817379951,615,760.5,953.5,1336,1488.5,1658,1823,2130,2097.5,2507,3491,2548,166,1655,5,138.5,98.5,76,0.22908251,0.446745063,-0.381546944
Rwanda,East/Iburasirazuba,Mixed_Landscape,32.84020591,-2.991165317,2020,0.479716986,562.5,755.5,1054,1565,1902,2136,2340,2442,2668.5,2634.5,3614.5,2949,168,2052.5,5,160.5,108,76.5,0.218866989,0.355535736,-0.397025168
Rwanda,East/Iburasirazuba,Mixed_Landscape,33.20617956,-4.235781143,2020,5.01107502,721,899,1242,1678,2034,2516,2794,3028,3085,2984,3786,2910,167,1997,5,173,126,92,0.286867827,0.531119679,-0.418266982
Rwanda,East/Iburasirazuba,Mixed_Landscape,36.16163685,-4.832442155,2020,1.228435993,449.5,546.5,757.5,1006.5,1374,1852,2111,2401,2436.5,2587.5,3196.5,2128.5,112,1937.5,4.5,103.5,77,55.5,0.409244329,0.802867177,-0.520341933
Rwanda,East/Iburasirazuba,Mixed_Landscape,37.2091623,-0.955672715,2020,3.241857052,452.5,433.5,700.5,581,1090,2171,2410.5,2628,2785,2517,1994,1126,132,1970.5,4,60,72.5,45,0.637893438,1.78699258,-0.579089701
Rwanda,East/Iburasirazuba,Mixed_Landscape,30.93883178,-4.85741532,2020,6.450085163,437,523,728,809,1102,1481,1643,1650,1798,1729,2080,1497,190,2041,5,83,74,54,0.342008948,0.814133591,-0.387720764
Rwanda,East/Iburasirazuba,Mixed_Landscape,37.55941543,-1.472832824,2020,11.15671062,394,418,684,976,1325,1908,2128,2234,2428,2417,2881,2030,139,2093,5,100,70,42,0.391900301,0.634584342,-0.531185746
Rwanda,East/Iburasirazuba,Mixed_Landscape,36.44658245,-1.849226928,2020,7.930399895,441,772.5,1093,1543,1865,2211,2394.5,2474,2672.5,2507,2866.5,2072.5,156.5,2422.5,5,156.5,111,80,0.231765002,0.391884497,-0.387160093
Rwanda,East/Iburasirazuba,Mixed_Landscape,30.89086175,-4.166880361,2020,110.398842,289,378,545,532,946,1464,1650,1794,1944,2023,1935,1055,187,1967,4,54,55,39,0.542562366,1.466078067,-0.533988893
Rwanda,East/Iburasirazuba,Mixed_Landscape,30.8334594,-3.753745162,2020,8.821089745,428,504,675,841,1032,1176,1319,1396,1510,1407,2279,1870,193,1947,5,85,69,51,0.248100132,0.521028915,-0.348140985
Rwanda,East/Iburasirazuba,Mixed_Landscape,37.00919732,-2.313745762,2020,9.319704056,450,564,901,1294,1519,1988,2175,2260,2501,2698,3175,2360,165,1885,5,132,93,57,0.271806419,0.416738568,-0.42992723
Rwanda,East/Iburasirazuba,Mixed_Landscape,33.94845748,-1.460705568,2020,3.241857052,551.5,366,669,518,1106,2614,3093,3260,3336.5,2873.5,2477,1371,170,2260,4,54,69.5,39.5,0.725780845,1.891556291,-0.659455359
Rwanda,East/Iburasirazuba,Mixed_Landscape,37.10010682,-1.849855749,2020,3.624110937,461,507,753,833,1378,1847,2083,2180,2430,2330,2891,1947,143,1739,4,84,77,50,0.447062731,0.997334518,-0.486532569
Rwanda,East/Iburasirazuba,Mixed_Landscape,37.80923691,-1.737566338,2020,5.787136078,623,877,1262,1740,1912,2362,2475,2604,2876,2826,4317,3519,145,2368,5,175,127,89,0.198895022,0.33397758,-0.347128808
Rwanda,East/Iburasirazuba,Mixed_Landscape,31.58579845,-4.684309965,2020,134.697479,533,526,703,644,1239,1826,2097,2192,2387,2206,2788,1989,171,2060,5,67,72,53,0.54583919,1.832386364,-0.514335036
Rwanda,East/Iburasirazuba,Mixed_Landscape,32.61859153,-3.795696486,2020,6.95894289,783,989.5,1359,1775,2122,2437,2668,2829,3036,2999.5,4090.5,3318,167,1887,5,178,138.5,103.5,0.228931367,0.434908191,-0.351002872
Rwanda,East/Iburasirazuba,Mixed_Landscape,35.66828209,-4.766056656,2020,4.727219105,458,580,785,1010,1471,2073,2367,2314,2703,2526,2951,1904,163,1703,5,103,80,59,0.39229843,0.809937888,-0.493384957
Rwanda,East/Iburasirazuba,Mixed_Landscape,33.86698028,0.441746541,2020,10.43158913,365,370,635,480,1130.5,2368,2682.5,2666,2949,2460,2142,1183.5,163.5,3135,4,49,65,38,0.694850624,1.971500722,-0.615268111
Rwanda,East/Iburasirazuba,Mixed_Landscape,35.99131627,-4.849060988,2020,3.772867918,470.5,494.5,754,802,1184,2213,2535,2546,2830.5,2633,2624.5,1618.5,101,1638,4,82,77.5,49.5,0.520907998,1.194438737,-0.543030322
Rwanda,East/Iburasirazuba,Mixed_Landscape,36.39421067,-3.616392755,2020,4.001527786,735.5,842,1122,1492,1792.5,1960,2137.5,2167,2422,2427.5,3182,2542,90.5,1798.5,5,151.5,114.5,87,0.184476629,0.35119667,-0.317725748
Rwanda,East/Iburasirazuba,Mixed_Landscape,37.46518216,-1.479929515,2020,3.823107958,472,562,829,1062,1489,2555,2824,2962,3231,3134,3313,2237,137,1876,5,110,87,57,0.472166985,0.927734375,-0.562648356
Rwanda,East/Iburasirazuba,Mixed_Landscape,36.35288817,-3.727334693,2020,15.51134109,517.5,636,922,1238,1361,1932.5,2149.5,2412,2417,2485.5,2648.5,1930,104,1598,5,125,94.5,68,0.321643829,0.578781305,-0.44691062
Rwanda,East/Iburasirazuba,Mixed_Landscape,33.34344214,-4.437452925,2020,1.171597004,723,874,1104,1428,1780,1923,2119,2126,2435,2589,3665,2931,167,1708,5,145,114,90,0.196398422,0.421497585,-0.316408664
Rwanda,East/Iburasirazuba,Mixed_Landscape,36.21832054,-4.58001556,2020,1.331117034,492,595,852,1116,1496.5,2116.5,2337,2566,2759.5,2835.5,3247.5,1991,119,1984.5,5,114,87,62,0.393807709,0.755129674,-0.501462817
Rwanda,East/Iburasirazuba,Mixed_Landscape,36.17268612,-4.538693057,2020,2.924632072,386,419,617,698.5,1105.5,1811,2055.5,2196,2449,2376,2639.5,1497.5,122,1925,4,71.5,64,42,0.517360508,1.153520259,-0.561322451
Rwanda,East/Iburasirazuba,Mixed_Landscape,37.44658703,-2.615579697,2020,2.750601053,680.5,750.5,948.5,1349,1619.5,1748,1903,1967,2196.5,2256,3470.5,2545.5,126,1576,5,138,96.5,76.5,0.186369121,0.348502791,-0.349339724
Rwanda,East/Iburasirazuba,Mixed_Landscape,34.3075141,-0.72148192,2020,11.65058899,346,445,873,672,1252,2852,3179,3370,3402,2673,2419,1448,246,2402,4,69,89,45,0.667491317,1.659082524,-0.588498712
Rwanda,East/Iburasirazuba,Mixed_Landscape,33.49525742,-3.559709061,2020,1.996078968,428,599,901,1500,1818,2132,2309,2514,2582,2489,3588,3010,169,1889,5,153,91,61,0.252615839,0.360982556,-0.472327977
Rwanda,East/Iburasirazuba,Mixed_Landscape,31.49596692,-4.017849856,2020,10.24679661,367,424,745,543,1093,2760,3319,3448,3752,3285,1870,886,197,2411,4,55,77,43,0.72788775,2.059115396,-0.64464581
Rwanda,East/Iburasirazuba,Mixed_Landscape,31.052289,-4.443202143,2020,122.2769852,337,371,537,496,991,1591,1797,2084,2155,2012,2033,1124,192,1867,4,51,55,38,0.615503848,1.742374369,-0.59023273
Rwanda,East/Iburasirazuba,Mixed_Landscape,37.0897762,-2.728408097,2020,1.613895059,911.5,1240,1595,2174,2478,2537.5,2719.5,2757,2942,2984,3918.5,3588.5,162,2093.5,5,221.5,163,126.5,0.118231595,0.224161796,-0.267003685
Rwanda,East/Iburasirazuba,Mixed_Landscape,34.03101266,-4.834957438,2020,1.228435993,917,1164,1365,1676,2003,2091.5,2287,2224,2579,2527,4042,3643.5,112.5,1748,5,170,139,119,0.140512824,0.385806815,-0.239342436
Rwanda,East/Iburasirazuba,Mixed_Landscape,35.59453041,-1.697321814,2020,2.338609934,228,268,501,365,871,2022,2354,2386,2537,2592,1581,815,96,1769,4,38,51,28,0.734641969,1.968250877,-0.652926922
Rwanda,East/Iburasirazuba,Mixed_Landscape,33.02031813,-4.350496005,2020,8.368968964,598,787,1017,1278,1705,2379,2646,2767,3052,3008,3471,2451.5,167,1849,5,130.5,103.5,80.5,0.368108779,0.821109518,-0.462473571
Rwanda,East/Iburasirazuba,Mixed_Landscape,35.55644184,-1.038317721,2020,10.4852457,442,539,848.5,915.5,1472,2284.5,2597.5,2713,2958,3039,2869,1727,93.5,1647,4,93,86.5,54,0.495383769,1.079061112,-0.523515344
Rwanda,East/Iburasirazuba,Mixed_Landscape,37.43670556,-1.495739864,2020,6.036953926,570,732,1090,1436,1798,2408,2748,2890,2970,3173,3369,2459,139,1973,5,146,111,74,0.336107254,0.604121655,-0.452261299
Rwanda,East/Iburasirazuba,Mixed_Landscape,32.17626109,-3.707392093,2020,0.970350027,572,698,887,1258,1550,1770,1991,2116,2286,2251,3019,2109,169,1965,5,129,91,70,0.254297584,0.484198646,-0.409257412
Rwanda,East/Iburasirazuba,Mixed_Landscape,37.76917205,-2.046946122,2020,7.259655952,538.5,574,724,1128,1368,1631,1835,1879,2116.5,2171.5,2876.5,2168,132,1762,5,113.5,74,58.5,0.249750584,0.432304858,-0.443718791
Rwanda,East/Iburasirazuba,Mixed_Landscape,30.50072342,-3.631843778,2020,4.652740002,402.8666667,491.9230769,654,1194.444444,1391.6,1488.4,1545.909091,1512.333333,1594.777778,1648.428571,2199.75,2037.571429,166,1973.5,5,122,66,49,0.117441811,0.159244559,-0.396214813
Rwanda,East/Iburasirazuba,Mixed_Landscape,32.74094208,-4.458832828,2020,3.624110937,536,590,777,954,1232,1715,1977,2116,2295,2306,2819,1844,167,1807,5,97,80,60,0.378501624,0.850409836,-0.462841332
Rwanda,East/Iburasirazuba,Mixed_Landscape,37.06659966,-2.407350214,2020,131.864334,372,561,839,1352,1730,1910,2091,2156,2325,2406,3148,2456,167,1953,5,138,86,58,0.229190424,0.331601089,-0.439732879
Rwanda,East/Iburasirazuba,Mixed_Landscape,35.714186,-1.857221934,2021,8.368968964,367,380,533,551,877,1777,2051,1938,2309,2254,1888,1197,144,1527,4,55,55,39,0.55725193,1.447807933,-0.568595707
Rwanda,East/Iburasirazuba,Mixed_Landscape,34.40417282,-4.116215379,2021,19.706699,524.5,687,950.5,1265,1617,1931.5,2156.5,2330,2487,2363,3089.5,2165,160,1509.5,5,128.5,96,71,0.29624477,0.558351683,-0.42051518
Rwanda,East/Iburasirazuba,Mixed_Landscape,31.05210934,-0.813469406,2021,8.630131721,378.5,459.5,719,1120,1325,2131,2338,2279,2636,2795.5,2623,1865,188.5,1852.5,5,114.5,73.5,47.5,0.340982646,0.521719559,-0.52034688
Rwanda,East/Iburasirazuba,Mixed_Landscape,33.99516988,1.204416217,2021,10.10359383,298,402,714,668,1309,2522,2840,2732,3039,2924,2469,1663,220,2648,4,68,74,41,0.607058823,1.384863124,-0.585606515
Rwanda,East/Iburasirazuba,Mixed_Landscape,33.03882342,-2.762723741,2021,1.697227001,550,587.5,890.5,978.5,1540,2170.5,2453.5,2554,2768.5,2768.5,2787,1895.5,168,1799,4.5,99.5,91,60,0.44600141,0.979849493,-0.482943833
Rwanda,East/Iburasirazuba,Mixed_Landscape,32.78585784,-3.002663753,2021,1.271942019,506,591,835.5,1190,1595,1979,2302.5,2203,2654.5,2585,3402.5,2155.5,162,1898,5,120.5,85,61.5,0.298555851,0.515626591,-0.450057596
Rwanda,East/Iburasirazuba,Mixed_Landscape,33.21067114,-3.80944071,2021,22.07493973,592,684,882,1092,1546,1826,2029,2091,2341,2296,2833,1966,165,1687,5,111,90,70,0.313854843,0.710728515,-0.406659931
Rwanda,East/Iburasirazuba,Mixed_Landscape,32.31451181,-2.583060684,2021,29.20209122,321,263.5,545.5,397.5,839,2046.5,2461.5,2490,2769,2691,1528,816,192.5,2020.5,4,42,55.5,27.5,0.724675298,1.804034831,-0.640586376
Rwanda,East/Iburasirazuba,Mixed_Landscape,34.03595339,2.461698289,2021,4.173219204,201,313,604,516,1067,2029,2321,2238,2489,2526,1857,1090,233,2645,4,53,62,32,0.625272334,1.441004184,-0.574947238
Rwanda,East/Iburasirazuba,Mixed_Landscape,34.52158263,-1.030861704,2021,79.152786,283,337,557.5,481.5,862,2228.5,2728,2815,2946.5,3000,1881.5,1061.5,223.5,1929,4,50,57,33,0.707871974,1.83595594,-0.669384718
Rwanda,East/Iburasirazuba,Mixed_Landscape,37.2704274,1.896298649,2021,2.145004988,629,755,1014.5,1404,1636.5,1717.5,1844,1853,1984.5,2022.5,2699.5,2160,181,2672,5,143,103.5,76.5,0.13785693,0.243202253,-0.292414993
Rwanda,East/Iburasirazuba,Mixed_Landscape,30.39337474,-0.279420969,2021,21.97926903,348,471,655.5,838,1126,1886,2127.5,2185,2471,2709.5,2688.5,1937,207.5,1448.5,4,85,67.5,48,0.44558385,0.914708679,-0.538461566
Rwanda,East/Iburasirazuba,Mixed_Landscape,30.91349929,-1.817246904,2021,4.671423912,329,383,571,631,1048,1888,2155,2068,2402,2534,2329,1532,222,1625,4,65,59,39,0.532419443,1.204526404,-0.567260325
Rwanda,East/Iburasirazuba,Mixed_Landscape,33.86976506,-2.848423019,2021,1.437880993,549,734.5,951.5,1437,1698,1975,2237,2418,2574.5,2467,3401,2350.5,164,1880,5,145.5,98.5,74,0.254474699,0.443309684,-0.435227782
Rwanda,East/Iburasirazuba,Mixed_Landscape,32.70500946,-4.740005512,2021,36.548328,448,626,822,1110,1497,1839,2053,2264,2466,2468,2948,1899,117,1753,5,112,84,64,0.342027277,0.682033097,-0.467271537
Rwanda,East/Iburasirazuba,Mixed_Landscape,30.18721139,-0.76909263,2021,41.044449,386.5,418.5,622.5,706.5,1051.5,1871.5,2203,2416,2542.5,2698.5,2473.5,1588.5,246,1950,4,72.5,64.5,43,0.547477961,1.215082806,-0.59025836
Rwanda,East/Iburasirazuba,Mixed_Landscape,33.7200159,2.246372115,2021,6.35683012,329,464,744,753,1188,2133,2395,2159,2644,2677,2513,1883,201,2437,4,77,76,46,0.48282966,1.099124453,-0.487426788
Rwanda,East/Iburasirazuba,Mixed_Landscape,37.1196901,1.889022295,2021,7.679905891,495.5,638.5,893,1144,1552.5,1933,2076,2246,2338.5,2202,2563,1962.5,168,2441,5,116.5,91.5,65,0.325073749,0.637399503,-0.431028992
Rwanda,East/Iburasirazuba,Mixed_Landscape,34.80545026,-3.406725968,2021,1.061925054,765,1033,1398,1685,2208.5,2903.5,3171.5,3163,3445,3451.5,3921.5,2989,155,1620.5,5,172,142,105,0.304867983,0.668596761,-0.38697654
Rwanda,East/Iburasirazuba,Mixed_Landscape,34.88728678,-3.997817425,2021,11.19936275,466,468,592,772,1177,1628,1825,1816,2130,2349,2473,1608,164,1513,5,79,61,49,0.403400302,0.888057162,-0.508305669
Rwanda,East/Iburasirazuba,Mixed_Landscape,31.30166133,-1.110093112,2021,1.228435993,551,664,866,997,1411,1912,2210,2302,2588,2605,2817,1698,192,1925,5,102,87,68,0.395574421,0.987140696,-0.453282833
Rwanda,East/Iburasirazuba,Mixed_Landscape,35.85782662,1.782302439,2021,2.45874095,567,597,845,1092,1314,1535,1614,1616,1736,1785,2378,2234,183,2406,5,111,86,62,0.193500742,0.354869294,-0.313287288
Rwanda,East/Iburasirazuba,Mixed_Landscape,34.82170977,-1.303500393,2021,37.35704422,302.5,371.5,671.5,497.5,984,2312.5,2735.5,2925,2994,2826,2115.5,1292,143,1918,4,51.5,69,39,0.709276855,1.942155372,-0.626581371
Rwanda,East/Iburasirazuba,Mixed_Landscape,30.53180513,-1.188336374,2021,17.45151711,358,402.5,496,598.5,714.5,870.5,952,1051,1083.5,938,1355.5,1223,280.5,1760.5,3,61.5,51,41.5,0.27432555,0.696475296,-0.358758897
Rwanda,East/Iburasirazuba,Mixed_Landscape,33.52948323,2.341503704,2021,10.8889246,237,316,596,530,1077,2126,2355,2316,2672,2632,1991,1133,198,2625,4,54,61,33,0.627547443,1.427886153,-0.59065932
Rwanda,East/Iburasirazuba,Mixed_Landscape,34.41800688,-1.236845399,2021,1.817379951,312,402,730,838,1389.5,2400,2773.5,2815,3012,3031.5,2827.5,2011.5,221.5,2075,4,85.5,75,40,0.541199028,1.023503831,-0.588152349
Rwanda,East/Iburasirazuba,Mixed_Landscape,35.4423558,-3.630855631,2021,10.2384758,482,564,724,924,1132,1327,1482,1620,1741,1689,2336,1748,158,1411,5,94,74,58,0.273584902,0.592844974,-0.382252574
Rwanda,East/Iburasirazuba,Mixed_Landscape,32.88943359,-4.100854188,2021,1.271942019,554,800,1158,1848,2322,2489,2739,2696,3060,2810,4023,3037,168,2038,5,188,118,82,0.186619714,0.272318561,-0.399065912
Rwanda,East/Iburasirazuba,Mixed_Landscape,30.08444412,-3.959010204,2021,12.40977192,325.5,484,691.5,914.5,1170.5,1732.5,2010,2160,2271.5,2420.5,2299.5,1515.5,166.5,1692.5,5,93.5,71,49,0.405106515,0.774950224,-0.514992118
Rwanda,East/Iburasirazuba,Mixed_Landscape,37.31085159,2.019817001,2021,1.009094954,1003,1452,2138,3229,3638,3733.5,3908,3804,3999.5,3729,5160.5,5053,186,3046,5,255,218,147.5,0.081757426,0.11697453,-0.280376971
Rwanda,East/Iburasirazuba,Mixed_Landscape,30.28926,-3.303599373,2021,13.67264557,439,491,679,776,1195,1848,2049,2136,2387,2444,2456,1564,163,1689,5,79,69,49,0.467032969,1.093071853,-0.517584383
Rwanda,East/Iburasirazuba,Mixed_Landscape,30.72081067,-4.854181385,2021,36.9318428,478,650,860,1230,1635,1886,2062,2136,2412,2346,3181,2164,199,1963,5,125,88,68,0.269162208,0.487936234,-0.425901204
Rwanda,East/Iburasirazuba,Mixed_Landscape,30.67059484,-3.914004609,2021,14.81443501,493.5,539,690,878.5,1100,1278,1414,1521,1632,1490.5,2243.5,1689.5,160.5,1779.5,5,90,71,54.5,0.267764121,0.58398473,-0.375848025
Rwanda,East/Iburasirazuba,Mixed_Landscape,34.53029629,-4.87268668,2021,1.564893007,843,1184,1628,2238,2336,2515,2782,3128,3044,3174,3949,2963,110,1399,5,228,167,119,0.165859118,0.289826755,-0.315391093
Rwanda,East/Iburasirazuba,Mixed_Landscape,30.93038762,-2.266853704,2021,15.34932137,377,426.5,597,650,944,1477,1572,1658,1738.5,2066.5,1882,1308,182,1885.5,5,66.5,61,44,0.436741769,1.067683508,-0.470509976
Rwanda,East/Iburasirazuba,Mixed_Landscape,34.4402851,-1.675402921,2021,13.38628864,398,548.5,833.5,775.5,1295,2307.5,2663,2915,3004.5,2793.5,2815,1675.5,208,1876,4,80,85.5,55.5,0.579731762,1.548006657,-0.555288792
Rwanda,East/Iburasirazuba,Mixed_Landscape,37.7980978,1.638661826,2021,0.834730983,892.5,1011.5,1582,2481,2951.5,3066,3211,3126,3388,3467,4105.5,3831.5,188,2790.5,5,250.5,160.5,103,0.115034781,0.154650299,-0.327952415
Rwanda,East/Iburasirazuba,Mixed_Landscape,35.23215002,-2.650524162,2021,2.581844091,613,791,1052,1454,1828,2166,2404,2500,2719,2719,3369,2703,150,1502,5,148,107,82,0.264542222,0.494095418,-0.407657653
Rwanda,East/Iburasirazuba,Mixed_Landscape,35.74787283,-3.3204877,2021,1.171597004,454,426,660,680,1179,2212,2561,2768,2837,2870,2283,1531,71,1176,4,71,69,46,0.605568469,1.428571429,-0.614935815
Rwanda,East/Iburasirazuba,Mixed_Landscape,33.92483179,-4.593849616,2021,0.870712996,958.3333333,1137.333333,1313.333333,1338.5,1433.166667,943,955.4,790.6666667,630.5,320,132.2,108,173,1629,6,137,134,116,-0.257299423,-4.679669704,0.248415723
Rwanda,East/Iburasirazuba,Mixed_Landscape,30.95589977,-3.142711106,2021,64.84321594,425,446,636.5,746.5,1053,1568,1784.5,2023,2094.5,2159,2361,1623,181.5,1956,5,77,65,46,0.460913509,1.010528816,-0.521338582
Rwanda,East/Iburasirazuba,Mixed_Landscape,30.30902294,-2.341144378,2021,0.834730983,397,427,578,528.5,589,339,338,289,255,171.5,99,83,287.5,1828.5,6,54,59,44,-0.292966366,-2.316247582,0.333333343
Rwanda,East/Iburasirazuba,Mixed_Landscape,30.91673323,-1.824523258,2021,14.28526402,376,557,836,1074,1544,2052,2274,2374,2604,2692,2686,1690,226,1552,5,110,85,57,0.377030164,0.700204675,-0.479127735
Rwanda,East/Iburasirazuba,Mixed_Landscape,34.41055086,2.56284859,2021,0.787926972,451,623.5,908.5,842.5,1368,2151,2417,2393,2583,2567.5,2447.5,1664.5,188,2400,4,86.5,92.5,64,0.479214966,1.397980344,-0.449644089
Rwanda,East/Iburasirazuba,Mixed_Landscape,30.34836915,-1.623300634,2021,13.124753,436.5,517,834,869,1383.5,2412.5,2799.5,2955,3130,2967,2620,1725.5,278.5,1757,4,88.5,84.5,53.5,0.545502067,1.214909726,-0.559778333
Rwanda,East/Iburasirazuba,Mixed_Landscape,33.96345935,1.890279937,2021,11.70981598,260,574,891.5,1042,1304.5,2360,2615.5,2782.5,2943.5,3043.5,2464.5,1744.5,212,2512,4.5,106.5,91,60.5,0.455092162,0.919828771,-0.51469785
Rwanda,East/Iburasirazuba,Mixed_Landscape,33.87219051,-3.024492814,2021,31.90794373,558,677,896,1192,1586,1971,2246,2234,2581,2510,3121,2186,164,1732,5,123,92,70,0.30414477,0.604478478,-0.427476048
Rwanda,East/Iburasirazuba,Mixed_Landscape,34.7306206,-4.256352563,2021,29.20209122,474,752.5,1059,1496,2022,2461.5,2727,2867,3207,3063.5,3779.5,2592.5,157,1470,5,156.5,108.5,76,0.314233333,0.55280029,-0.460519612
Rwanda,East/Iburasirazuba,Mixed_Landscape,31.9515026,-3.489640468,2021,1.613895059,610,728,998,1390,1710,2058,2291,2472,2706,2722,4009,2738,144,1826,5,142,102,74,0.280165732,0.505324117,-0.424783856
Rwanda,East/Iburasirazuba,Mixed_Landscape,32.05444954,-3.64486935,2021,1.061925054,564,759,1079,1470,1798.5,2029.5,2317,2242,2613.5,2578,4102.5,2981,169,2002,5,149.5,110,76.5,0.207974136,0.359370636,-0.350195736
Rwanda,East/Iburasirazuba,Mixed_Landscape,31.3708316,-2.074704064,2021,3.975795031,363,547,731,918,1293,1773,1957,2026,2239,2147,2737,1904,163,2017,5,94,74,56,0.376358688,0.806991988,-0.469713449
Rwanda,East/Iburasirazuba,Mixed_Landscape,34.28173245,-4.200387521,2021,2.088536978,510,800,1159,1670,1952.5,2292,2528.5,2760,2855,2970,3584.5,2405.5,166,1614.5,5,169.5,118,81.5,0.246049657,0.401858133,-0.408522576
Rwanda,East/Iburasirazuba,Mixed_Landscape,37.37436248,2.286706471,2021,1.171597004,797.5,989,1495,2457,2759.5,2839,3037,3107,3174.5,2962.5,4244,3899.5,189,2989,5,251,152,101.5,0.116822429,0.15576324,-0.35028249
Rwanda,East/Iburasirazuba,Mixed_Landscape,33.61850628,-3.371512009,2021,1.022176981,776,911,1228,1776,2270,2566,2816,2916,3206,3110,4150,3064,168,1986,5,180,126,93,0.242966756,0.422817298,-0.407335907
Rwanda,East/Iburasirazuba,Mixed_Landscape,33.05607108,-2.6204306,2021,1.061925054,545.5,684.5,1025,1275,1756.5,2475.5,2799.5,2911,3136,3149,3298,2353,174.5,1955,5,129.5,103.5,70,0.390826553,0.753465666,-0.479166657
Rwanda,East/Iburasirazuba,Mixed_Landscape,30.93577751,-5.001055934,2021,10.19369602,422,557,825,992,1247,1864,2172,2272,2548,2681,2677,1691,223,1857,4,102,84,57,0.392156869,0.790611489,-0.467226356
Rwanda,East/Iburasirazuba,Mixed_Landscape,34.31928203,-2.822192212,2021,0.834730983,473,532,738,880,1196,1634,1817,1908,2057,2169,2645,2107,160,1614,5,90,75,57,0.368723094,0.803376055,-0.442176878
Rwanda,East/Iburasirazuba,Mixed_Landscape,31.1371798,-1.147642691,2021,0.970350027,553,1060,1530,1914,1949,2824,3141,3360,3443,3386,3429,2584,235,2223,5,195,156,108,0.274175197,0.524292966,-0.374233127
Rwanda,East/Iburasirazuba,Mixed_Landscape,33.44683823,2.641361346,2021,17.16395378,327,691,1001,1186,1349,2188,2410,2286,2641,2854,2331,1714,193,2605,4,121,102,72,0.316820264,0.651581566,-0.39093399
Rwanda,East/Iburasirazuba,Mixed_Landscape,33.15039418,-3.243052923,2021,1.061925054,616,836,1074,1544,1953,2135,2373,2496,2752,2574,4068,3014,168,2057,5,157,109,85,0.235643566,0.433436533,-0.398319334
Rwanda,East/Iburasirazuba,Mixed_Landscape,36.50928486,2.258679035,2021,0.742465973,457,547,728,881,950,884,865,772,816,874,1722,1893,194,2931,5,90,75,56,-0.065940715,-0.139279325,-0.029333333
Rwanda,East/Iburasirazuba,Mixed_Landscape,32.79573931,-3.480836979,2021,0.666137993,496,662.5,851.5,1164,1397.5,1584.5,1750,1815,2023,1751,2870,2024,159.5,2054.5,5,119,86.5,68,0.218529701,0.424796085,-0.361335069
Rwanda,East/Iburasirazuba,Mixed_Landscape,35.1654052,-1.494033065,2021,3.950141907,508,650,917,1104,1578,2235,2495.5,2576,2784,2784,3136,2011,123,1779,5,112.5,94.5,67.5,0.400000006,0.850670365,-0.474949896
Rwanda,East/Iburasirazuba,Mixed_Landscape,33.07852896,-4.782136499,2021,0.323698014,722,968,1260,1752,2108,2371,2628,2764,2992,2982,4251,3465,167,1746,5,178,128,98,0.224092111,0.42047532,-0.373757452
Rwanda,East/Iburasirazuba,Mixed_Landscape,35.05266663,-4.555042395,2021,1.437880993,604,982,1362,1838,2238,2539,2739,2714,3009,2683,3220,2311,155,1470,5,187,139,100,0.192442879,0.343367827,-0.331697732
Rwanda,East/Iburasirazuba,Mixed_Landscape,33.17357072,-3.190501479,2021,22.31293488,611,802,1148,1704,2031,2626,2973,3220,3307,3210,3466,2643,168,2101,5,175,117,82,0.307879776,0.510094213,-0.474358976
Rwanda,East/Iburasirazuba,Mixed_Landscape,36.25048023,0.124551414,2021,3.454289913,342,375.5,698,549,1145,2268,2544,2689,2767.5,2605,2112,1204.5,112,1791,4,56.5,71.5,38.5,0.660901785,1.688895904,-0.587835848
Rwanda,East/Iburasirazuba,Mixed_Landscape,36.48538967,0.586105807,2021,2.772066116,448,565,882,1068,1471,2128,2382,2388,2568,2585,3004,2325,112,1523,5,109,90,58,0.381944448,0.723763571,-0.460550457
Rwanda,East/Iburasirazuba,Mixed_Landscape,35.82952969,2.251762007,2021,2.299227953,642,806,1034,1336,1486,1535,1613,1506,1644,1676,1839,1735,184,2741,7,136,106,80,0.059817031,0.122196665,-0.185826778
Rwanda,East/Iburasirazuba,Mixed_Landscape,31.76186825,-0.942826806,2021,11.46926212,355,356,542,433,810,2280,2928,2946,3299,3171,1700,828,248,2135,4,44,57,36,0.743711174,2.185217391,-0.68922019
Rwanda,East/Iburasirazuba,Mixed_Landscape,30.75647378,-2.004545641,2021,0.970350027,487,646,960,1318,1676,2004,2216,2364,2494,2521,3118,2410,257,1868,5,134,98,66,0.284084737,0.481761238,-0.422382683
Rwanda,East/Iburasirazuba,Mixed_Landscape,32.49902577,-2.616208518,2021,14.96582413,486,871.5,1182,1642,1876,2409,2658,2769,2986,2977.5,3836,3050.5,198,1919,5,167,120,90.5,0.255497634,0.462966767,-0.401670456
Rwanda,East/Iburasirazuba,Mixed_Landscape,34.5200555,-4.042373863,2021,0.970350027,737.5,923.5,1244,1671,1972.5,2063.5,2254.5,2240,2504.5,2478,3105,2444.5,171,1764.5,5,171,126.5,93.5,0.145487085,0.266348359,-0.285878301
Rwanda,East/Iburasirazuba,Mixed_Landscape,37.30662951,2.35893102,2021,1.453466058,697,797,1174,1831,2414.5,2681.5,2853.5,2885,3070,3041.5,3969.5,3414,189,2819.5,5,186.5,120.5,80,0.223494485,0.33377668,-0.421532393
Rwanda,East/Iburasirazuba,Mixed_Landscape,33.41755315,-4.357323201,2021,0.970350027,691,704,896,1348,1629,1852,2122,2242,2463,2615,3901,2740,166,1627,5,138,93,72,0.249025077,0.442486636,-0.428935617
Rwanda,East/Iburasirazuba,Mixed_Landscape,34.92699232,-1.253643895,2021,69.62662506,418.5,578,831.5,868,1341,2376,2656.5,2756,2938.5,2784,2866.5,1858,107.5,1636.5,4,88.5,85,61.5,0.520971298,1.300275482,-0.536445975
Rwanda,East/Iburasirazuba,Mixed_Landscape,32.3828736,-4.504467245,2021,75.486679,515,603.5,798,1029,1297.5,1653,1856,2086,2201.5,2425.5,2674,1795.5,112.5,1730,5,105.5,81.5,62,0.339325845,0.707544012,-0.446601927
Rwanda,East/Iburasirazuba,Mixed_Landscape,30.23563058,-1.180610862,2021,106.946991,544.5,672,958,1441,1863,2187,2358,2349,2661,2667.5,3566.5,2572.5,305,1655.5,5,146.5,98,68,0.23957783,0.381128274,-0.420622915
Rwanda,East/Iburasirazuba,Mixed_Landscape,32.74184039,-4.445717425,2021,7.259655952,489,619,834,1166,1508,2126,2415,2596,2829,2625,3562,2337,167,1852,5,119,85,64,0.380116969,0.722149278,-0.513702631
Rwanda,East/Iburasirazuba,Mixed_Landscape,34.82090128,-0.755797564,2021,43.53432465,237.5,218.5,432,262,818.5,2506.5,3092,2718,3295.5,3283.5,1597,801,128,1826.5,4,27,44,22.5,0.824161053,2.315015553,-0.725714266
Rwanda,East/Iburasirazuba,Mixed_Landscape,30.6046585,-0.965464352,2021,22.79261398,416,578.5,863,1101,1436.5,2081.5,2325,2510,2644.5,2807,2889.5,1884.5,247.5,1742,5,113,88,59.5,0.390196621,0.73719458,-0.488289356
Rwanda,East/Iburasirazuba,Mixed_Landscape,37.81723192,-4.945270555,2021,5.214612961,447,522,664,1084,1358,1509,1697,1896,2012,1990,2999,2255,121,1623,5,111,68,54,0.27248323,0.452518948,-0.481249988
Rwanda,East/Iburasirazuba,Mixed_Landscape,36.66002217,0.657342209,2021,0.834730983,658,858,1266,1732,2037,2240,2430,2492,2640,2649,4369,3663,144,1545,5,177,129,88,0.17992425,0.294573643,-0.326237351
Rwanda,East/Iburasirazuba,Mixed_Landscape,34.10584232,-2.488917242,2021,1.391625047,587,760,1040,1414,1774,2096,2296,2366,2550,2491,3747,3158,166,1951,5,145,106,78,0.251851857,0.462046205,-0.389312983
Rwanda,East/Iburasirazuba,Mixed_Landscape,31.71650333,-4.956858822,2021,4.886166096,491.5,715,956,1418,1739.5,1945.5,2098.5,2254,2496,2141.5,3774.5,2781.5,164,1998.5,5,145,98,73.5,0.227668852,0.387001204,-0.404361367
Rwanda,East/Iburasirazuba,Mixed_Landscape,32.03253064,-3.773328435,2021,70.88307953,472,559.5,754.5,1075,1511.5,1732,1966.5,1913,2352,2319.5,3429.5,2438,175,2025,5,108,76,56.5,0.280455142,0.502669306,-0.434301794
Rwanda,East/Iburasirazuba,Mixed_Landscape,34.63036861,-4.453263274,2021,1.376373053,540,757,1109,1632,2090.5,2319.5,2546,2683,2892,2837.5,3807.5,2820,163,1596.5,5,166.5,112,76.5,0.243568942,0.386482312,-0.415084392
Rwanda,East/Iburasirazuba,Mixed_Landscape,34.32152782,-4.450658159,2021,8.44318676,620.5,989.5,1291,1801,2129,2558.5,2836.5,3131,3339.5,3012,3792.5,2519.5,161,1650,5,183.5,131.5,99,0.269667476,0.510223654,-0.416101307
Rwanda,East/Iburasirazuba,Mixed_Landscape,30.79456235,-0.965733846,2021,0.822903991,392.5,541,775,871,1308.5,2115.5,2410,2409,2731.5,2597,2738.5,1638,227,1899,4,89.5,79.5,55.5,0.468902439,1.074472544,-0.513190925
Rwanda,East/Iburasirazuba,Mixed_Landscape,32.63494087,-2.757693175,2021,1.061925054,659,774.5,1077,1452,1987,2229.5,2435,2340,2861,2765,3882.5,2852,169,1813.5,5,148.5,109.5,79.5,0.234177217,0.42332078,-0.369622469
Rwanda,East/Iburasirazuba,Mixed_Landscape,32.59352854,-4.523870855,2021,1.11609304,608.5,732.5,989,1542,1949,2166,2444.5,2554,2879,2847.5,3716,2672,110,1916,5,157,101,75,0.247070313,0.400744466,-0.441716045
Rwanda,East/Iburasirazuba,Mixed_Landscape,31.59460194,-3.202808398,2021,23.22432899,471,567.5,715.5,854.5,1189,1586,1828.5,1893,2179,2190,2462.5,1686,133.5,1834,5,87,73.5,59.5,0.377979994,0.939054164,-0.451408863
Rwanda,East/Iburasirazuba,Mixed_Landscape,32.49866644,-4.530877714,2021,65.7771759,436,436.5,564,722,1087.5,1555.5,1771.5,1768,2089,2172,2571,1634.5,110,1702.5,5,74,58,45,0.420080334,0.924927049,-0.516295016
Rwanda,East/Iburasirazuba,Mixed_Landscape,37.98925929,-3.828215499,2021,18.002489,463.5,517.5,694,1069,1430,1676.5,1925,1965,2224.5,2254.5,2905.5,2058.5,134.5,1843.5,5,109,71,53,0.295319706,0.497916088,-0.47799924
Rwanda,East/Iburasirazuba,Mixed_Landscape,30.69457986,-1.520533366,2021,2.069880009,404.5,659,948,1248,1701,2236,2507.5,2679,2877,2706.5,3076,1883,278,1904.5,5,127,96.5,67.5,0.364400297,0.684623481,-0.477253944
Rwanda,East/Iburasirazuba,Mixed_Landscape,32.59613365,-4.659965621,2021,50.73793411,564,672,869,1218,1506,1835.5,2067,2181,2446.5,2383.5,3325.5,2178,109,1752.5,5,124,88.5,69,0.283318609,0.541011236,-0.43016392
Rwanda,East/Iburasirazuba,Mixed_Landscape,35.48682241,-1.09347428,2021,10.83446026,715.5,991.5,1371,1871,2164,2321.5,2495.5,2558,2753,2734,4000,3477,114.5,1573.5,5,192,140.5,101.5,0.155114025,0.270525694,-0.30211249
Rwanda,East/Iburasirazuba,Mixed_Landscape,35.69855532,2.27547753,2021,1.391625047,872.5,1042,1484,2041,2347.5,2408.5,2528.5,2450,2607,2673.5,3664.5,3814,183,2568,5,207.5,150.5,107.5,0.091071032,0.148575995,-0.245551601
Rwanda,East/Iburasirazuba,Mixed_Landscape,36.95134581,2.348869889,2021,2.836957932,927.5,1276,1867,2648,2749.5,2805,2967,3051,3084.5,2881,4353.5,4125,183,2682,5,255,190,130,0.070714161,0.107524013,-0.240748271
Rwanda,East/Iburasirazuba,Mixed_Landscape,31.22925712,-1.064997685,2021,0.38567999,566,597.5,854,1138,1561,1975.5,2219,2308,2593,2654,3202,2074.5,211,1982.5,5,115.5,87,61,0.33952409,0.628255383,-0.459835559
Rwanda,East/Iburasirazuba,Mixed_Landscape,32.13862168,-3.912567304,2021,0.247299999,463,572,753,941,1273,1712,1934,2035,2208,2186,2512,1728,168,1851,5,96,77,59,0.367607534,0.806308962,-0.45982784
Rwanda,East/Iburasirazuba,Mixed_Landscape,34.05104509,-0.672344074,2021,1.061925054,250.5,318.5,341,183,170.5,125.5,132,105.5,113.5,86.5,106.5,95,189,2098.5,6,19,35,32.5,-0.268630862,0.163605658,0.527435601
Rwanda,East/Iburasirazuba,Mixed_Landscape,35.86016224,-1.625276928,2021,19.98855591,371,439.5,629.5,669.5,1068.5,1859,2071,2141,2261.5,2224.5,2254.5,1574.5,125,1267.5,4.5,68.5,64.5,45,0.523572326,1.285040608,-0.54556942
Rwanda,East/Iburasirazuba,Mixed_Landscape,34.37300128,-4.684399796,2021,2.088536978,631,636,857,1118,1575,1929,2180,2198,2509,2737,3156,2004,111,1258,5,114,88,65,0.325693607,0.652646846,-0.438952535
Rwanda,East/Iburasirazuba,Mixed_Landscape,32.89769809,-4.382296366,2021,0.919861972,734,941,1214,1656,1983,2185,2425,2542,2759,2756,4052,2984,168,1881,5,169,124,96,0.21105288,0.408558517,-0.35356763
Rwanda,East/Iburasirazuba,Mixed_Landscape,33.88180249,-4.322019411,2021,0.624369025,1063,1316,1646,2170,2491,2601,2749,2656,2971,3091,4068,3247,171,1777,5,221,169,136,0.100704513,0.209230239,-0.23477453
Rwanda,East/Iburasirazuba,Mixed_Landscape,30.89885675,-3.058359301,2021,62.36961746,458,510.5,694,658,1128.5,1781,2047.5,2168,2442,2417.5,2255,1251.5,173,1688.5,4,68,71,50.5,0.53432411,1.649732328,-0.515024483
Rwanda,East/Iburasirazuba,Mixed_Landscape,31.62334803,-3.483801419,2021,58.57904434,433,513.5,692.5,804,1267,1520.5,1730.5,1895,2033,2043,2663,1768,143,1912.5,4,82,71,53,0.4042238,0.950762527,-0.464734286
Rwanda,East/Iburasirazuba,Mixed_Landscape,37.28363264,-4.508060506,2021,10.402565,490,528,734,952,1375,1560.5,1706.5,1765,1957,2018.5,2870,2080.5,82.5,1020.5,5,97.5,74.5,54,0.299227089,0.577743036,-0.412565023
Rwanda,East/Iburasirazuba,Mixed_Landscape,30.61346199,-3.0965377,2021,18.11018562,372,390.5,609,636,1125.5,1974.5,2239,2295,2553,2567.5,2288,1329.5,158,1670,4,65,62,40,0.566018403,1.302913689,-0.580578506
Rwanda,East/Iburasirazuba,Mixed_Landscape,34.10961524,1.915612428,2021,40.82131195,316,475,760,926,1269,2310,2665,2202,2812,2650,2661,2230,196,2512,4,95,78,49,0.407928377,0.760157274,-0.486833215
Rwanda,East/Iburasirazuba,Mixed_Landscape,35.84875363,2.517663331,2021,0.919861972,618,740,987,1368,1509,1543,1621,1574,1675,1635,1937,1806,187,2764,5,140,100,75,0.070020393,0.121663123,-0.229207337
Rwanda,East/Iburasirazuba,Mixed_Landscape,32.50369701,-4.5382439,2021,4.360451221,668.5,812.5,1067,1517,1957,2239.5,2484,2660,2856.5,2801,3853,2723,110,1883,5,154.5,109,83,0.273641378,0.504034925,-0.42742151
Rwanda,East/Iburasirazuba,Mixed_Landscape,31.87137288,-4.738837703,2021,9.358772278,498,534.5,779,980,1428.5,2041,2356,2682,2822.5,2772,3066,1857,160,1979.5,4,101,80,54.5,0.464773357,0.934292145,-0.549841106
Rwanda,East/Iburasirazuba,Mixed_Landscape,31.57546783,-2.428999612,2021,14.64999771,356,412,493,568,753,915,1057,1032,1107,1120,1435,1231,164,1924,4,58,51,42,0.289999992,0.858623242,-0.353442609
Rwanda,East/Iburasirazuba,Mixed_Landscape,33.66198474,-4.730393539,2021,81.67893982,502.5,587.5,785,1018.5,1405,1711.5,1942,2125,2275,2127,2960,1988,168,1575.5,5,104,80,60.5,0.351996183,0.722117079,-0.460481107
Rwanda,East/Iburasirazuba,Mixed_Landscape,36.87831278,-4.634992456,2021,4.925063133,446.5,486.5,634.5,826,1098,1317,1495.5,1579,1786.5,1790,2580,1829,138.5,1674.5,5,84,65,50.5,0.313097715,0.652004503,-0.426699787
Rwanda,East/Iburasirazuba,Mixed_Landscape,30.15702799,-3.164540167,2021,9.366275787,458,496,676,910,1288,1822,2047,2154,2358,2373,2561,1738,165,1627,5,94,69,52,0.406005234,0.798459564,-0.5222615
Rwanda,East/Iburasirazuba,Mixed_Landscape,30.45499917,-4.86855443,2021,5.12053299,475,590,775,1036,1351,1781,2030,2210,2418,2312,3337,2296,201,1825,5,106,79,59,0.361675918,0.733383308,-0.480737031
Rwanda,East/Iburasirazuba,Mixed_Landscape,36.3298913,-3.218708579,2021,3.26513195,475,576,756,848,1351,1727,1902,1984,2183,2120,2490,1799,74,805,5,87,77,60,0.401129931,1.031601889,-0.448175192
Rwanda,East/Iburasirazuba,Mixed_Landscape,30.37801355,-3.859566702,2021,23.59357452,488,559.5,733.5,970,1262,1569,1787,1877,2037.5,1976.5,2734,2069,159.5,1870,5,99,75,57.5,0.318580955,0.647533376,-0.438038677
Rwanda,East/Iburasirazuba,Mixed_Landscape,34.35808925,-2.86611983,2021,1.228435993,530,702,999,1296,1470,2084,2338,2622,2691,2635,3037,2133,161,1744,5,131,101,72,0.338437974,0.645695364,-0.448218733
Rwanda,East/Iburasirazuba,Mixed_Landscape,34.97900477,-2.414536736,2021,1.11609304,597,764.5,1007.5,1281,1674,2151,2370.5,2441,2653.5,2621.5,3310,2356.5,155,1679.5,5,131,102.5,79,0.311660409,0.659953348,-0.415687978
Rwanda,East/Iburasirazuba,Mixed_Landscape,35.23628227,2.647739384,2021,1.630395055,690.5,929.5,1445,2219,2676,2821,3013.5,2905,3088,3091,4222,4089,179,2675.5,5,224,149,91,0.133879781,0.185430464,-0.335632175
Rwanda,East/Iburasirazuba,Mixed_Landscape,34.29691398,2.783025666,2021,2.836957932,436,455,706,599,1281,2295,2593,2578,2818,2819,2458,1695,123,2191,4,61,72,47,0.622914672,1.792247781,-0.57003653
Rwanda,East/Iburasirazuba,Mixed_Landscape,31.62200056,-1.708730418,2021,1.548725009,439,433,735,937,1257,1891,2223,2434,2570,2534,3020,1892,178,1768,4,95,74,45,0.444081873,0.778147417,-0.536131263
Rwanda,East/Iburasirazuba,Mixed_Landscape,31.77103106,-1.387762367,2021,15.86006737,180,204,405,239,825,2352,2878,2768,3185,3069,1478,620,176,2234,4,25,42,21,0.841037571,2.365319865,-0.744721055
Rwanda,East/Iburasirazuba,Mixed_Landscape,33.21004232,-4.371965741,2021,0.919861972,734,974,1322,1916,2291,2589,2849,2968,3161,3185,4406,3539,166,1877,5,197,134,100,0.215397209,0.367318436,-0.383682996
Rwanda,East/Iburasirazuba,Mixed_Landscape,34.45735309,2.999250155,2021,1.331117034,427,480,727,714,1226,2023,2305,2386,2515,2456,2485,1677,122,2110,4,73,74,49,0.539354861,1.361120156,-0.53292644
Rwanda,East/Iburasirazuba,Mixed_Landscape,37.23233883,-3.656367785,2021,3.013622999,465,554,778,1068,1218,1515,1704,1890,2005,1989,2643,1899,71,1102,5,107,79,58,0.277890474,0.495897683,-0.416791618
Rwanda,East/Iburasirazuba,Mixed_Landscape,37.78597054,1.060146783,2021,2.221455097,524,668.5,1086,1902.5,2327.5,2547,2703.5,2666,2863.5,2799.5,4176.5,3572.5,181,2355.5,5,192,111,67.5,0.167122692,0.210487139,-0.421108752
Rwanda,East/Iburasirazuba,Mixed_Landscape,35.72819972,2.175944197,2021,2.45874095,808.5,827.5,1183,1605,1972.5,2192,2358.5,2385,2555.5,2790.5,3539.5,3106,181,2490,5,163.5,121,85,0.195488721,0.33564267,-0.336883396
Rwanda,East/Iburasirazuba,Mixed_Landscape,36.35145087,-3.3968445,2021,2.221455097,834,1021,1338,1870,2195.5,2318,2443,2607,2778,2782.5,4001,3025,73.5,1022.5,5,191,136.5,104.5,0.164619163,0.298598169,-0.321673006
Rwanda,East/Iburasirazuba,Mixed_Landscape,31.0294718,-3.990271576,2021,52.88972473,396,428,584,604,1011,1628,1869,1926,2118,2013,2021,1194,136,1729,4,64,62,45,0.522529662,1.411789833,-0.534661353
Rwanda,East/Iburasirazuba,Mixed_Landscape,34.75577343,2.800542814,2021,9.7937994,500,720.5,1010.5,1221,1616.5,2080.5,2265.5,2289,2515,2417,3088.5,2294.5,138.5,2194.5,5,124.5,103,73.5,0.304273516,0.633865511,-0.387482941
Rwanda,East/Iburasirazuba,Mixed_Landscape,34.39887276,-2.888128554,2021,7.156404018,543,783,1132,1294,1661,2247,2528,2798,2851,2669,3250,2370,159,1758,5,132,116,80,0.367546439,0.801620296,-0.423918575
Rwanda,East/Iburasirazuba,Mixed_Landscape,33.36365423,2.028889985,2021,10.33860207,220,276,538,417,881,1813,2148,2216,2392,2503,1596,885,221,2827,4,42,55,29,0.683251023,1.697810495,-0.609295547
Rwanda,East/Iburasirazuba,Mixed_Landscape,33.1313499,-3.418404066,2021,1.564893007,708,1080,1372,1870,2069,2323,2488,2824,2806,2709,3562,2687,168,2082,5,189,138,110,0.203238174,0.40117746,-0.346043855
Rwanda,East/Iburasirazuba,Mixed_Landscape,33.35224563,-3.116929457,2021,6.519321918,728,624,841,1086,1787,2207,2496,2474,2834,2940,3528,2473,168,1926,5,111,86,64,0.389887631,0.804917653,-0.492609352
Rwanda,East/Iburasirazuba,Mixed_Landscape,34.46804304,-4.697066042,2021,1.11609304,748,965,1362,2018,2309,2519,2766,2932,3081,3079,4357,3413,110,1462,5,205,140,99,0.184646457,0.292817326,-0.365626454
Rwanda,East/Iburasirazuba,Mixed_Landscape,34.26565261,-4.248088063,2021,1.271942019,1003.5,1415,1922,2504,2737.5,2817,2936.5,2853,2913.5,2901,4162.5,3973.5,170,1800,5,254,195.5,145,0.065148406,0.120088088,-0.194973826
Rwanda,East/Iburasirazuba,Mixed_Landscape,30.8764887,-2.055120791,2021,12.47073746,451.5,539.5,777.5,977.5,1385.5,1958.5,2216.5,2257,2534,2563.5,2731,1762,211.5,2020.5,4.5,100,79.5,55.5,0.395578921,0.784632366,-0.487559736
Rwanda,East/Iburasirazuba,Mixed_Landscape,30.97206945,-1.629139684,2021,1.331117034,466,785,1114,1396,1786,2565,2986,3200,3239,2714,3548,2542,230,2067,5,142,114,80,0.392515242,0.792688285,-0.483541965
Rwanda,East/Iburasirazuba,Mixed_Landscape,35.9828721,2.287245461,2021,1.171597004,622,772,1058,1542,1742,1783,1861,1824,1910,1864,2266,2149,187,2633,5,157,107,78,0.083778962,0.133345943,-0.265787661
Rwanda,East/Iburasirazuba,Mixed_Landscape,36.11995502,2.027901838,2021,1.171597004,891,1188,1732,2514,2833,2928,3063,2942,3124,3151,3907,3998,188,2870,5,255,176,121,0.078445747,0.117363168,-0.258878917
Rwanda,East/Iburasirazuba,Mixed_Landscape,35.06371591,-4.972938666,2021,1.453466058,668,772.5,1022.5,1466,1598.5,1947,2182.5,2362,2498,3006,3306,2288.5,133.5,1276.5,5,149.5,104.5,79,0.234064788,0.417501514,-0.395774841
Rwanda,East/Iburasirazuba,Mixed_Landscape,36.78668462,2.691397507,2021,1.271942019,554.5,755.5,983.5,1261,1489,1613,1721.5,1746,1824,1706,2016.5,1636,189,2711.5,5,128.5,100.5,77,0.161290318,0.332487832,-0.279355198
Rwanda,East/Iburasirazuba,Mixed_Landscape,34.58626133,-3.404120853,2021,2.924632072,634,724,1011,1472,1910,2146,2365,2302,2692,2703,3526,2413,161,1520,5,150,103,73,0.219925806,0.363716039,-0.389677018
Rwanda,East/Iburasirazuba,Mixed_Landscape,35.48448679,-3.660949193,2021,19.93202782,605,455,696,860,1463,1850,2106,1730,2268,2267,2954,2412,155,1298,5,87,71,47,0.33590734,0.625269513,-0.426216006
Rwanda,East/Iburasirazuba,Mixed_Landscape,33.63719124,1.952533186,2021,4.599815845,264,359,676,582,1168,2196,2560,2592,2809,2708,2392,1501,196,2533,4,60,68,36,0.633270323,1.481208548,-0.586291313
Rwanda,East/Iburasirazuba,Mixed_Landscape,34.8351845,-2.181064594,2021,1.228435993,518,637,898.5,1153,1499,2004,2210.5,2290,2504.5,2462.5,3135.5,2177.5,160,1835.5,5,118,92.5,65.5,0.330235273,0.641430667,-0.436412096
Rwanda,East/Iburasirazuba,Mixed_Landscape,34.25684912,-2.02215262,2021,1.870118976,534.5,715,938,1140,1588.5,2194,2396,2475,2795,2726,2923.5,1915,175,2024,5,117,96,72,0.369294614,0.844188694,-0.450336933
Rwanda,East/Iburasirazuba,Mixed_Landscape,34.31550911,-4.223294561,2021,4.397345066,429,428,649,752.5,1155.5,1676.5,1901,2007,2241.5,2286,2441.5,1508,159,1408,4.5,77,66.5,44,0.454611331,0.946649562,-0.511295199
Rwanda,East/Iburasirazuba,Mixed_Landscape,37.00129214,-3.684934211,2021,2.378324032,525,557.5,805.5,1295,1525.5,1678,1786,1870,2046,2057,2866,2363,62,1224,5,132,81,59.5,0.18167457,0.263290444,-0.397869557
Rwanda,East/Iburasirazuba,Mixed_Landscape,34.84668293,-3.448228134,2021,5.694789886,536,732.5,976.5,1402,1654,1946.5,2154,2231,2400.5,2464,3208.5,2184.5,154,1437.5,5,142.5,100,76,0.228186071,0.40240765,-0.391114563
Rwanda,East/Iburasirazuba,Mixed_Landscape,31.54977601,-4.453353105,2021,4.31324482,328,412,590,652,1278,1788,2020,2128,2328,2253,1417,803,212,2084,4,66,60,42,0.530935228,1.250423585,-0.565857232
Rwanda,East/Iburasirazuba,Mixed_Landscape,35.6913688,-1.215375664,2021,1.11609304,630,757.5,974.5,1326,1492,1819,2004.5,2081,2338,2465,3381,2313.5,116.5,1442,5,135,99,77.5,0.221602589,0.433235784,-0.362133861
Rwanda,East/Iburasirazuba,Mixed_Landscape,32.11032475,-4.611187101,2021,9.674197197,486,512.5,730,937,1338,1961,2241,2296,2596,2570.75,2699.666667,1788,165,1948.25,5,95,75,53,0.420352608,0.833691185,-0.517514884
Rwanda,East/Iburasirazuba,Mixed_Landscape,30.13043786,-1.099223497,2021,15.00456429,509,538,783.5,694.5,1268.5,2714.5,3152,3235,3572.5,3181,2249,1290.5,305,1917.5,4,71,80.5,53,0.646519899,1.885763064,-0.61005348
Rwanda,East/Iburasirazuba,Mixed_Landscape,37.23009305,1.604166519,2021,51.32864761,502,547,698,894,1208,1623,1863,1914,2099,2078,2396,1691,167,2029,5,91,72,56,0.363247871,0.802770345,-0.465543658
Rwanda,East/Iburasirazuba,Mixed_Landscape,30.49775898,-4.062945283,2021,4.688411236,542,666,889.5,1151,1494.5,1841,2064.5,2259,2431,2338,3199.5,2313.5,162,1878.5,5,117.5,91,69,0.324926674,0.664109326,-0.434969038
Rwanda,East/Iburasirazuba,Mixed_Landscape,36.4113685,2.283742031,2021,1.817379951,481,565,758,988,1175,1241,1335,1288,1397,1411,1967,1833,169,2175,5,101,77,59,0.131810188,0.251720087,-0.259042025
Rwanda,East/Iburasirazuba,Mixed_Landscape,37.19101633,1.838626808,2021,69.216568,390,414.5,682.5,607,1145,2614.5,2969.5,2945,3258.5,3020.5,2230,1371.5,179,2618,4,62.5,70,43,0.658220708,1.679959761,-0.623707771
Rwanda,East/Iburasirazuba,Mixed_Landscape,31.59594941,-2.89199131,2021,1.817379951,441.5,527.5,696,893.5,1212.5,1670,1881,2001,2226.5,2243,2534,1860,132.5,1870.5,5,91,72,54,0.382622212,0.812724738,-0.483870953
Rwanda,East/Iburasirazuba,Mixed_Landscape,30.23886452,-4.911763395,2021,5.046387196,452,566,752.5,1000,1344,1534.5,1642.5,1636,1851.5,2022.5,2666,2114,198.5,1696,5,102,77,58,0.241274655,0.46875,-0.369897425
Rwanda,East/Iburasirazuba,Mixed_Landscape,34.13072565,1.376982583,2021,3.616955042,247,370,648,637,1129,2375,2684,2030,2759,2955,2127,1456,221,2593,4,65,66,38,0.522309721,1.131416504,-0.516056776
Rwanda,East/Iburasirazuba,Mixed_Landscape,34.03792968,-4.17972627,2021,1.171597004,986,1097,1323,1524,1887,2171,2363,2487,2480.5,2613.5,2285,1998.5,173,1820,5,154.5,134.5,111.5,0.240089759,0.707152298,-0.305511802
Rwanda,East/Iburasirazuba,Mixed_Landscape,33.28927373,-3.184931924,2021,2.602649927,731,863,1140,1488,2052,2354,2611,2640,2926,3030,3797,3110,168,1960,5,151,116,88,0.279069781,0.565093692,-0.396825403
Rwanda,East/Iburasirazuba,Mixed_Landscape,34.64761627,-1.521611344,2021,1.391625047,369.5,923,1116,1213,1460,2134.5,2341.5,2389.5,2660.5,2541.5,3062.5,2297.5,227,1861,5,123.5,114.5,89,0.326578766,1.071103423,-0.363286257
Rwanda,East/Iburasirazuba,Mixed_Landscape,33.77939454,-3.099412309,2021,0.970350027,687,840,1102,1556,1799,2015,2223,2314,2564,2616,3863,2852,165,1716,5,159,111,86,0.195865631,0.354139413,-0.35480094
Rwanda,East/Iburasirazuba,Mixed_Landscape,31.31845982,-2.376178674,2021,14.70132923,358,405,631,554,978,1905,2252,2310,2572,2668,1873,985,214,1873,4,57,65,42,0.613128483,1.690086622,-0.570894241
Rwanda,East/Iburasirazuba,Mixed_Landscape,34.58715965,-4.049560385,2021,41.994831,651.5,1216,1676,2464,2701,2897.5,3116,3544,3559.5,3097,4343,3324,170,1953,5,248,170,123,0.179760322,0.293191443,-0.357854396
Rwanda,East/Iburasirazuba,Mixed_Landscape,33.84667836,2.309254185,2021,4.795748234,262,357,654,529,1108,2307,2801,2743,3072,2810,1829,1063,201,2666,4,54,67,38,0.676650345,1.708069742,-0.614954352
Rwanda,East/Iburasirazuba,Mixed_Landscape,30.77695537,-0.690220549,2022,2.729218006,324,478,792,985,1452,2183,2479,2590,2784,2851,2859,1982,198,2012,4,100,80,49,0.448951036,0.816212368,-0.531638086
Rwanda,East/Iburasirazuba,Mixed_Landscape,34.36267066,-3.462601178,2022,4.671423912,647,848,1062,1487,1669.5,1913.5,2109.5,2226,2366,2387,3359.5,2788.5,114,1807,5,150,109,86.5,0.199030429,0.385779912,-0.354014605
Rwanda,East/Iburasirazuba,Mixed_Landscape,30.66044388,-3.127439746,2022,72.221603,345.5,447,656.5,771,1145.5,1850.5,2153,2299,2455.5,2370.5,2301.5,1359,213.5,1834.5,4,78.5,67.5,46.5,0.497719884,1.068979992,-0.555743515
Rwanda,East/Iburasirazuba,Mixed_Landscape,32.55373317,-4.802707919,2022,25.07505989,631,647,876,1196,1782.5,2056,2290,2327,2612,2656,3760,2703.5,111,1862,5,121.5,90,66.5,0.32103321,0.60786843,-0.453012794
Rwanda,East/Iburasirazuba,Mixed_Landscape,31.59891386,-1.847430298,2022,4.811522007,357,510.5,831,1032,1382.5,2282.5,2627,2625,2793.5,2555,2567.5,1723,152,2258,4,106.5,84.5,52,0.435602963,0.798216165,-0.519097209
Rwanda,East/Iburasirazuba,Mixed_Landscape,30.30974159,-0.44111772,2022,112.817276,388,356,513,399,889,2186,2674,2736,2983,3137,1597,832,196,1713,4,41,52,38,0.74545455,2.374034945,-0.684210539
Rwanda,East/Iburasirazuba,Mixed_Landscape,33.7864014,-4.372145404,2022,1.061925054,717,743,959.5,1332,1636.5,1823,2005,2230,2292,2602.5,3267,2486.5,114.5,1531.5,5,134.5,97.5,75,0.252105564,0.482743791,-0.398338288
Rwanda,East/Iburasirazuba,Mixed_Landscape,32.48294593,-4.339716222,2022,1.214100957,784,1070,1346,1878,2272,2435,2698,2784,3056,3053,4982,4532,134,1912,5,192,138,108,0.194337189,0.375746516,-0.348184019
Rwanda,East/Iburasirazuba,Mixed_Landscape,31.55884899,-1.923697265,2022,2.163994074,443,475,687,790.5,1186,1934,2163.5,2212,2510.5,2562.5,2674,1679.5,150.5,2016.5,4,80.5,70,48.5,0.473438799,1.047222632,-0.526043475
Rwanda,East/Iburasirazuba,Mixed_Landscape,31.23913858,-2.265416399,2022,19.31536293,363,465,610,728,1009,1598,1761,1844,1976,2114,2111,1399,171,2030,5,74,62,48,0.433903575,1.023665382,-0.502852499
Rwanda,East/Iburasirazuba,Mixed_Landscape,33.49516759,-3.604804488,2022,0.870712996,566,760,1096,1649,1908,2211,2440.5,2539,2671.5,2601.5,3612.5,2778,115,1913,5,166.5,112.5,79.5,0.212511942,0.33041283,-0.396973878
Rwanda,East/Iburasirazuba,Mixed_Landscape,31.65038732,-4.910505753,2022,10.73456192,630,848,1158,1511,1776,2130.5,2401.5,2587,2669.5,2672,3444,2507,172.5,1989,5,154.5,118,86,0.262567103,0.508122403,-0.381575435
Rwanda,East/Iburasirazuba,Mixed_Landscape,32.74013359,-3.286441551,2022,2.202218056,478,669,812,949,1080,1496,1570,1726,1680,1774,2070,1413,122,1983,5,98,84,68,0.290467292,0.80819638,-0.360126078
Rwanda,East/Iburasirazuba,Mixed_Landscape,30.34845898,-1.173604003,2022,1.630395055,455,632,962,1108,1657,2596,2897,2988,3256,2981,3075,1997,247,2175,4,113,98,65,0.458984375,0.959771289,-0.512911379
Rwanda,East/Iburasirazuba,Mixed_Landscape,32.83239057,-3.472752141,2022,2.499444962,557,822.5,1218,1475,2012.5,2468.5,2699.5,2831,3005.5,2930,2859,1818.5,133,2117.5,5,150.5,124,84,0.314909428,0.614882329,-0.398369968
Rwanda,East/Iburasirazuba,Mixed_Landscape,30.78450122,-1.528258877,2022,15.06430435,412.5,397.5,707.5,730.5,1325.5,2484,2938,2989,3279.5,2995,2640.5,1537.5,196,2204,4,75,72,41,0.607205272,1.285649229,-0.617205441
Rwanda,East/Iburasirazuba,Mixed_Landscape,30.75970772,-0.039211462,2022,414.519257,484,556.5,871.5,950.5,1482,2292.5,2606,2746,2953.5,3081.5,3142.5,2087.5,169,2185,4,96.5,88.5,57.5,0.485729754,1.049693072,-0.518175542
Rwanda,East/Iburasirazuba,Mixed_Landscape,34.33078047,-4.17505503,2022,22.55216026,555,570,766,1056,1351,1727,1961,2040,2297,2502,3012,2039,110,1662,5,107,78,58,0.31782946,0.59970746,-0.454027086
Rwanda,East/Iburasirazuba,Mixed_Landscape,36.82468336,0.294422834,2022,0.583944976,854.5,1057,1347,1701,2009.5,2394.5,2612.5,2689,2904,2923.5,4358,3676.5,111,1426,5,173.5,137.5,106.5,0.225056946,0.497131931,-0.332507432
Rwanda,East/Iburasirazuba,Mixed_Landscape,31.67562998,-3.107856473,2022,1.548725009,632,752,1058,1476,1757,2138,2392,2520,2696,2602,3643,2677,132,2030,5,150,107,76,0.261261255,0.454941607,-0.408608168
Rwanda,East/Iburasirazuba,Mixed_Landscape,32.57160965,-4.338368749,2022,1.613895059,712,960,1366,1982,2464,2734,3002,3196,3510,3455,4854,3745,134,1949,5,203,139,98,0.234453455,0.384712891,-0.401139855
Rwanda,East/Iburasirazuba,Mixed_Landscape,30.23563058,-0.904019586,2022,3.241857052,356,507,744,897,1294,1987,2268,2449,2580,2695,2867,2064,251,1894,5,94,75,52,0.463837415,0.962898623,-0.533980608
Rwanda,East/Iburasirazuba,Mixed_Landscape,34.0254431,-4.833160807,2022,3.502401114,800,1108,1426,1998,2333,2460,2626,2720,2930,2889,3850,2829,92,1820,5,203,145,112,0.153030947,0.282075324,-0.31210807
Rwanda,East/Iburasirazuba,Mixed_Landscape,30.35465736,-2.201456351,2022,1.799965978,408.5,532,754,1018.5,1262.5,1748,1941.5,1862,2117.5,2186.5,2522.5,1987.5,233,1871,5,103.5,77,53.5,0.292831093,0.529304719,-0.423547387
Rwanda,East/Iburasirazuba,Mixed_Landscape,34.68615399,-2.125638541,2022,6.784017086,542.5,723,976.5,1394,1716.5,2036,2232,2303,2489,2472,3245.5,2483.5,141.5,1889.5,5,142.5,99.5,74,0.245875031,0.433228482,-0.404482394
Rwanda,East/Iburasirazuba,Mixed_Landscape,37.20871314,-0.015046781,2022,25.19139099,1985,1086,1180,1106,1451,2031,2191,2144,2374,3965,1988,1402,99,1473,8,113,121,110,0.319384605,4.080188679,-0.290012032
Rwanda,East/Iburasirazuba,Mixed_Landscape,32.46309316,-2.822192212,2022,1.171597004,521,571.5,818,931,1483,2246.5,2502,2443,2827,2773,2836,1906.5,153.5,2042.5,5,94,83,61.5,0.448132783,1.009682805,-0.498313397
Rwanda,East/Iburasirazuba,Mixed_Landscape,30.03943852,-3.804050818,2022,0.267122,423.5,522.5,790,894,1477.5,2262.5,2491.5,2674,2788.5,2834.5,2599,1640.5,158.5,1713,4,91.5,81,53,0.498878926,1.080031551,-0.543879926
Rwanda,East/Iburasirazuba,Mixed_Landscape,36.90813685,2.881481021,2022,2.665563107,725,954,1170,1434,1593,1732,1833,1694,1905,1802,1941,1602,132,2581,5,146,119,97,0.083120205,0.206743003,-0.182960898
Rwanda,East/Iburasirazuba,Mixed_Landscape,30.60645513,-3.744492515,2022,6.953539848,442.5,441,625,1007,1372,1837,2001.5,1912,2088.5,2097,2284,1981.5,168.5,2022.5,5,103,64.5,45.5,0.310037673,0.486820871,-0.507292092
Rwanda,East/Iburasirazuba,Mixed_Landscape,33.31990628,-3.667956052,2022,2.665563107,541.5,685,999.5,1546,1805,2167,2408.5,2579,2704.5,2672,3657.5,2746,120,1976,5,157.5,101.5,69,0.250424236,0.384386396,-0.441386044
Rwanda,East/Iburasirazuba,Mixed_Landscape,34.45950905,-1.836740346,2022,1.630395055,502,592,830,978,1273,1922,2130,2262,2452,2575,3056,2246,181,1945,5,100,85,61,0.396296293,0.869683013,-0.463130653
Rwanda,East/Iburasirazuba,Mixed_Landscape,30.84864093,-1.76056321,2022,8.148240089,304,381,613.5,558,1069,2388.5,2849,2954,3157,3071,2195.5,1239.5,223,2183.5,4,57,63,39.5,0.68223232,1.738499492,-0.656061649
Rwanda,East/Iburasirazuba,Mixed_Landscape,31.21021283,-3.63786249,2022,10.26817989,395,471,621,686,1051,1587,1791,1856,2100,2100,2122,1369,181,2105,4,70,63,47,0.460267514,1.198524892,-0.498587012
Rwanda,East/Iburasirazuba,Mixed_Landscape,33.11437174,-3.61612326,2022,1.548725009,703.5,728,875,1148,1275.5,1557.5,1689,1762,1887,2037.5,2800,2282,119,1542,5,117.5,90.5,74,0.210996568,0.481040426,-0.336367071
Rwanda,East/Iburasirazuba,Mixed_Landscape,34.17824653,-3.718710866,2022,1.941599011,984,1270,1678,2336,2586,2691,2884,2944,3086,2891,4159,3596,116,2005,5,238,171,130,0.115151517,0.204410974,-0.273907393
Rwanda,East/Iburasirazuba,Mixed_Landscape,32.17994418,-4.696257558,2022,19.19133759,493,565,761.5,884,1408,1872,2097,2175,2418.5,2433.5,2661.5,1701.5,139.5,1838,5,90.5,78,58.5,0.42203334,0.99537394,-0.481355369
Rwanda,East/Iburasirazuba,Mixed_Landscape,32.52597523,-3.825790048,2022,6.996768951,750,1046,1410,1996,2412,2659,2884,3088,3282,3120,4492,3529,124,1975,5,203,144,106,0.214791507,0.378116343,-0.373054683
Rwanda,East/Iburasirazuba,Mixed_Landscape,30.73203961,-4.717188304,2022,31.68524551,387,497,653,674,1002,1997,2367.5,2581,2680.5,1971,1918.5,1170.5,221,2503.5,4,70,67.5,51,0.585867882,1.644816284,-0.596165717
Rwanda,East/Iburasirazuba,Mixed_Landscape,30.67068467,-1.703071031,2022,6.35651207,246,213,344,325,804,1455,1609,1504,1792,1757,1752,1068,245,1932,4,33,35,23,0.644614518,1.586810229,-0.627705634
Rwanda,East/Iburasirazuba,Mixed_Landscape,33.94890664,-2.127704666,2022,2.902590036,546,573,704,809.5,960,1011.5,1118.5,1104,1235.5,1230.5,2076.5,1785.5,157,1870.5,5,83,72,59,0.15390645,0.442325023,-0.221238941
Rwanda,East/Iburasirazuba,Mixed_Landscape,30.43092432,-4.028270313,2022,5.097074986,546,647,800,1082,1376,1754,1920,2002,2268,2289,2962,2128,169,1974,5,110,82,65,0.298313886,0.631434454,-0.428979307
Rwanda,East/Iburasirazuba,Mixed_Landscape,30.05848281,-0.967260982,2022,11.72089767,382,532,780,938,1242,2073,2515,2634,2719,2709,2398,1806,250,1785,4,95,80,55,0.474804044,0.992277089,-0.543057978
Rwanda,East/Iburasirazuba,Mixed_Landscape,30.27075471,-1.795058516,2022,11.6227417,311,414,710,1096,1521,1973,2118,2094,2205,2322,2711,1964,261,1827,5,111,73,43,0.312852651,0.448257276,-0.49358061
Rwanda,East/Iburasirazuba,Mixed_Landscape,34.54664563,-2.998172177,2022,25.83782959,443.5,600,815,1019,1396.5,1846.5,2012.5,2047,2308,2289.5,2731,1841.5,134,1746.5,5,104,83,61,0.335290283,0.701802294,-0.430468202
Rwanda,East/Iburasirazuba,Mixed_Landscape,34.83392686,-3.435831383,2022,3.26513195,546,828,1172,1810,1865,2078,2280,2666,2654,2615,3363,2336,106,1356,5,185,120,84,0.191242173,0.292469591,-0.389265239
Rwanda,East/Iburasirazuba,Mixed_Landscape,36.89412313,0.272503941,2022,8.148240089,430.5,562,777,963,1243.5,1652.5,1861.5,1959,2115,2043,2786.5,2163,113,1548.5,5,98,78.5,58.5,0.340862423,0.706783991,-0.432017535
Rwanda,East/Iburasirazuba,Mixed_Landscape,33.82601711,-4.418228978,2022,1.009094954,739,775,953,1279,1512.5,1643,1791.5,1875,2030,2695.5,3064.5,2274.5,116,1465,5,131,97.5,79.5,0.188966393,0.398662207,-0.326025456
Rwanda,East/Iburasirazuba,Mixed_Landscape,32.72117914,-2.767484812,2022,9.202975273,532,585,830,1058,1422,2082,2365,2460,2691,2922,2864,1888,172,1888,5,108,84,62,0.3985219,0.792717404,-0.495440722
Rwanda,East/Iburasirazuba,Mixed_Landscape,33.6553372,-3.248981804,2022,5.097817898,646.5,808,1154,1777,2090.5,2343.5,2589,2694,2986,3009,3972,2815,112.5,1714,5,182,116,84,0.205099523,0.314170207,-0.400207907
Rwanda,East/Iburasirazuba,Mixed_Landscape,34.55086771,-2.59402013,2022,3.823107958,483,542,692,948,1116,1266,1319,1376,1457,1532,2143,1860,135,1488,5,97,70,56,0.184165239,0.356666667,-0.33075434
Rwanda,East/Iburasirazuba,Mixed_Landscape,32.84020591,-2.991165317,2022,1.799965978,603.5,843,1139,1605,1924,2362,2564,2502,2871,2761,3685.5,2761.5,144,2030.5,5,164,117,85.5,0.218407601,0.385939248,-0.374347717
Rwanda,East/Iburasirazuba,Mixed_Landscape,31.90425122,-4.050099374,2022,29.28545952,365.5,379.5,515.5,569,1047,1629.5,1891.5,1825,2183.5,2201,2290,1505.5,130.5,1924.5,4,58.5,53.5,39,0.524644971,1.311749347,-0.559495807
Rwanda,East/Iburasirazuba,Mixed_Landscape,32.99247036,-3.268115919,2022,1.171597004,533,624,854,1290,1577,1782,2009,1978,2311,2448,3153,2466,124,1805,5,132,87,64,0.210526317,0.341337567,-0.396892667
Rwanda,East/Iburasirazuba,Mixed_Landscape,33.96372884,-3.483891251,2022,2.069880009,791.5,887.5,1154,1591,1922,2137.5,2337.5,2448,2569.5,2697,3874,3212,110,1852.5,5,163,118.5,90.5,0.21218124,0.401311168,-0.359244853
Rwanda,East/Iburasirazuba,Mixed_Landscape,30.78027914,-0.56571405,2022,2.299227953,422,576,812,1064,1539,2126,2411,2636,2749,2693,3236,2216,188,1779,5,108,83,57,0.424864858,0.835992342,-0.529002309
Rwanda,East/Iburasirazuba,Mixed_Landscape,30.58022432,-3.384268086,2022,15.87751675,337,421,613,759.5,1154,1849,2102,2163,2392,2465,2289.5,1403,213.5,1975.5,4,77.5,63,43.5,0.480239511,0.984635892,-0.558357358
Rwanda,East/Iburasirazuba,Mixed_Landscape,30.97503389,0.948216698,2022,15.22869015,369,450,648,525,1031,2512,2919,2718,3228,2917,2099,1259,144,2664,4,55,65,46,0.676225722,2.198275862,-0.614973247
Rwanda,East/Iburasirazuba,Mixed_Landscape,33.87210068,-3.330728495,2022,1.564893007,634.5,652,930.5,1225,1845,2186.5,2413,2458,2728,2905,3723.5,2800,113,1725.5,5,124,96,66,0.334781438,0.626651758,-0.450789422
Rwanda,East/Iburasirazuba,Mixed_Landscape,32.66431578,-3.702631022,2022,1.331117034,751,932,1252,1824,2164,2323,2557,2590,2921,2975,4322,3266,129,1825,5,185,128,95,0.173538744,0.292589763,-0.348256111
Rwanda,East/Iburasirazuba,Mixed_Landscape,30.18038419,-1.741069768,2022,27.2647934,423,368,517,656,1205,1956,2193,2025,2379,2507,2214,1495,248,1622,4,69,53,35,0.510630369,1.06886321,-0.593233645
Rwanda,East/Iburasirazuba,Mixed_Landscape,33.44522126,-3.774136919,2022,2.991251945,895,1232,1566,2163,2481,2640,2771.5,2926,3134.5,2970,4412,3689.5,121,2002,5,221.5,160,126,0.149931222,0.286196549,-0.302760452
Rwanda,East/Iburasirazuba,Mixed_Landscape,36.60270965,0.347153942,2022,1.331117034,556,670,1084,1614,1905,2155,2324,2382,2486,2448,3860,3302,111,1502,5,164,110,67,0.192192197,0.272649815,-0.374495089
Rwanda,East/Iburasirazuba,Mixed_Landscape,33.8282629,-2.577221634,2022,1.548725009,530,590,914,1042,1628,2102,2332,2380,2615,2580,2807,1804,148,2096,5,105,92,59,0.390999407,0.794914449,-0.44505161
Rwanda,East/Iburasirazuba,Mixed_Landscape,32.13871151,-4.472666884,2022,1.500722051,442,606,844,1320,1663,1974,2282,2434,2657,2532,3337,2248,136,1965,5,134,85,63,0.296750128,0.479345955,-0.48505187
Rwanda,East/Iburasirazuba,Mixed_Landscape,34.39887276,-2.888128554,2022,1.680394053,617,849,1183,1488,1821,2353.5,2638.5,2967,2996,2714.5,3399.5,2485,136.5,1672.5,5,152,121,86,0.331986547,0.668807091,-0.429879516
Rwanda,East/Iburasirazuba,Mixed_Landscape,32.79511049,-4.802528256,2022,10.98689842,758.5,871,1105,1730,2167,2443.5,2731,3013,3217.5,3027.5,4457,3113,111,1857,5,176,113,89,0.270503908,0.467463383,-0.463331729
Rwanda,East/Iburasirazuba,Mixed_Landscape,33.36877463,-3.826957858,2022,1.009094954,481.5,644.5,930.5,1611,1956.5,2063.5,2229.5,2126,2356.5,2250,3153,2721,120,2075,5,162,95,65.5,0.13781108,0.185005568,-0.391133636
Rwanda,East/Iburasirazuba,Mixed_Landscape,36.34794744,0.386769646,2022,69.318977,360,336.5,542.5,504.5,996,1915.5,2285.5,2278,2547,2826.5,2055,1366.5,107,1332,4,52,55,35,0.637376487,1.593584329,-0.615316451
Rwanda,East/Iburasirazuba,Mixed_Landscape,33.63764039,-2.374292212,2022,1.331117034,593,831,1153,1628,1966,2287,2549.5,2673,2868,2790,3742.5,2665.5,144,1958,5,166,118,85,0.242966756,0.420726306,-0.397281766
Rwanda,East/Iburasirazuba,Mixed_Landscape,33.61518251,-3.003023079,2022,1.630395055,644.5,773.5,1100,1662,2025.5,2348,2570,2629,2876.5,2852.5,3954.5,3034,117.5,1886.5,5,170.5,112,79.5,0.225355402,0.355475499,-0.410029501
Rwanda,East/Iburasirazuba,Mixed_Landscape,33.69486308,-2.870611406,2022,1.316197991,608,777.5,1070,1552,1828.5,2146.5,2365,2580,2688.5,2682.5,3739.5,3004.5,118,1986.5,5,159.5,109.5,80,0.248789936,0.423969976,-0.413698643
Rwanda,East/Iburasirazuba,Mixed_Landscape,32.46354232,-4.391818508,2022,4.643650055,824,871,1086,1650,2353,2523,2859,2600,3225,3360,4606,3477,135,1951,5,168,111,88,0.223529413,0.397922426,-0.410743356
Rwanda,East/Iburasirazuba,Mixed_Landscape,31.49596692,-4.017849856,2022,10.35485363,381.5,475,713,695,1187.5,1999,2351.5,2353,2637.5,2492.5,2089.5,1162,184.5,2122,4,71.5,73.5,49,0.543963253,1.399628567,-0.534898877
Rwanda,East/Iburasirazuba,Mixed_Landscape,32.32825603,-3.821567966,2022,1.548725009,661,730,1001,1444,1793,1998,2214,2220,2525,2600,3818,2927,132,1784,5,146,101,76,0.211790398,0.358595194,-0.37845391
Rwanda,East/Iburasirazuba,Mixed_Landscape,31.13978491,-1.253464232,2022,18.05630112,395,538,741,969,1342.5,1989,2243.5,2255,2536,2568.5,2538,1832.5,199,2102,5,99,76,55,0.398883373,0.796778191,-0.505340457
Rwanda,East/Iburasirazuba,Mixed_Landscape,33.25253263,-3.084500275,2022,7.858428001,611.5,648.5,876,1162,1625.5,1923.5,2174.5,2176,2582,2627,3314,2288,129,1806.5,5,120.5,89.5,67,0.303774714,0.591564086,-0.425950199
Rwanda,East/Iburasirazuba,Mixed_Landscape,32.74094208,-4.458832828,2022,9.125555992,654,730,974,1441,1679,1945.5,2200,2504,2594.5,2880,3527,2495.5,121.5,1757,5,147.5,99,74.5,0.269455016,0.468199436,-0.439907998
Rwanda,East/Iburasirazuba,Mixed_Landscape,32.07169719,-4.989198172,2022,3.772867918,687.5,751,982,1458,1747,2021.5,2299.5,2550,2746,2664,4047.5,2915,162.5,1925.5,5,148.5,100,76,0.272455096,0.481778876,-0.443941116
Rwanda,East/Iburasirazuba,Mixed_Landscape,34.14518853,-1.911120851,2022,2.145004988,528.5,517,722.5,730,1227.5,2105,2387.5,2529,2704.5,2799.5,2654.5,1718,144.5,1802,4,74.5,74.5,52.5,0.552009821,1.483099753,-0.555589736
Rwanda,East/Iburasirazuba,Mixed_Landscape,32.20276139,-4.529530241,2023,1.697227001,494,548,784,1130,1774,2143,2400,2474,2728,2772,3384,2384,126,1893,5,115,80,56,0.372918993,0.653061224,-0.51872313
Rwanda,East/Iburasirazuba,Mixed_Landscape,34.65624009,0.207645578,2023,12.73142242,381.5,485,884,818,1430,2718.5,3135,3548,3466.5,3095,2606.5,1669,142.5,2266.5,4,82,90,50,0.625286281,1.416122004,-0.60108304
Rwanda,East/Iburasirazuba,Mixed_Landscape,31.6480517,-3.79183373,2023,102.258629,332,360,510,482,890,1474,1637,1757,1966,1959,1957,1163,160,1854,4,49,52,35,0.569450676,1.634615385,-0.550066173
Rwanda,East/Iburasirazuba,Mixed_Landscape,36.48592866,2.075871874,2023,1.022176981,798,964,1300,1788,2081,2143,2289,2260,2421,2492,2910,2322,138,2790,5,182,133,98,0.116600789,0.204896683,-0.269662917
Rwanda,East/Iburasirazuba,Mixed_Landscape,34.64977222,2.621239083,2023,3.359055042,471.5,647.5,944.5,1298,1566,1858,2043,2102,2299,2314,3071,2585.5,206,1841.5,5,132,96.5,66.5,0.236470595,0.399225384,-0.379944205
Rwanda,East/Iburasirazuba,Mixed_Landscape,37.33483661,0.223905085,2023,1.453466058,814,1004,1388,2020,2370,2547,2686,2832,3017,3080,4462,3370,85,1734,5,207,143,103,0.167353675,0.273474337,-0.342180103
Rwanda,East/Iburasirazuba,Mixed_Landscape,36.80465093,1.389558997,2023,4.61595583,473,558.5,805,1236,1432.5,1632.5,1778,1845,1968.5,1888.5,2747.5,2471.5,128,1905,5,125.5,82.5,58,0.197663099,0.300103484,-0.392452836
Rwanda,East/Iburasirazuba,Mixed_Landscape,35.2215499,0.281487094,2023,14.35455704,266,398,690,680,1212,2364,2700,2868,2935,2798,2396,1577,94,1533,4,70,71,42,0.61668545,1.379919273,-0.612141669
Rwanda,East/Iburasirazuba,Mixed_Landscape,35.72361831,-0.167041727,2023,11.1620369,298,443,686,681,1234,2467,2932,3060,3198,2985,2312,1768,90,1020,4,71,69,46,0.635926247,1.555105243,-0.63374263
Rwanda,East/Iburasirazuba,Mixed_Landscape,35.54072132,2.171362789,2023,0.919861972,757,1100,1619,2293,2565.5,2707.5,2866,2865,3034,2999.5,4248.5,4062.5,189,2699,5,234.5,164,113.5,0.110895693,0.170766659,-0.277876884
Rwanda,East/Iburasirazuba,Mixed_Landscape,36.13774166,-0.214203279,2023,2.299227953,303,400,641,610,1084,1981,2227,2178,2497,2397,1973,1213,95,1491,4,62,66,41,0.562410355,1.380767876,-0.545228779
Rwanda,East/Iburasirazuba,Mixed_Landscape,34.78290255,-3.398191973,2023,1.271942019,622,828,1130,1604,1958,2184,2379,2446,2673,2807,3500,2494,106,1488,5,163,115,85,0.207901239,0.359153728,-0.368008941
Rwanda,East/Iburasirazuba,Mixed_Landscape,34.55059822,1.950556892,2023,1.228435993,323.5,488,908,867.5,1460.5,2600.5,2938.5,2935,3107,3186,2622,1778,213.5,2133,4,88.5,93,50,0.543721259,1.153481366,-0.527452528
Rwanda,East/Iburasirazuba,Mixed_Landscape,34.21480796,0.962679574,2023,16.63216209,373,420.5,731,698,1263,2378.5,2755.5,2805,3029,3050.5,2690,1765,165,2480,4,69.5,74,43.5,0.601484418,1.371655491,-0.586538434
Rwanda,East/Iburasirazuba,Mixed_Landscape,34.59758011,1.828475845,2023,6.538862228,297,370.5,648,633,1180,2218.5,2566,2760,2818.5,2671,2337.5,1604,209.5,2117.5,4,65,66.5,38,0.626878858,1.406652999,-0.619718313
Rwanda,East/Iburasirazuba,Mixed_Landscape,31.22584352,0.223276264,2023,13.34157753,533.5,713.5,958,1144,1431.5,2262.5,2561,2780,2962.5,2875.5,3164,2197,179,2195.5,4,116.5,98,73,0.416921496,0.952547307,-0.48742643
Rwanda,East/Iburasirazuba,Mixed_Landscape,37.70997307,1.297661344,2023,4.811522007,571,698,1096,1895.5,2528,2653.5,2898,2735,3071,3109,3958.5,3162,214,2797,5,190,111,72.5,0.181297913,0.236505522,-0.42782563
Rwanda,East/Iburasirazuba,Mixed_Landscape,34.67717084,-4.837382889,2023,0.834730983,627,865,1202,1920,2331,2547,2883,3076,3341,3219,3773,2499,83,1673,5,193,121,87,0.231385112,0.356372156,-0.438055158
Rwanda,East/Iburasirazuba,Mixed_Landscape,33.99310375,0.339608093,2023,21.53349876,436,492.5,784,774,1349.5,2736.5,3111,2961.5,3359.5,2979,2610,1731.5,158,2747,4,79.5,78.5,51,0.585597634,1.39767427,-0.581364334
Rwanda,East/Iburasirazuba,Mixed_Landscape,37.01117361,1.999425244,2023,9.95438385,886,1126,1564,2286,2662,2789,3008,3050,3302,3162,4202,3427,166,2495,5,233,159,115,0.143178403,0.229512137,-0.322063297
Rwanda,East/Iburasirazuba,Mixed_Landscape,33.25944966,-4.600407317,2023,3.26513195,550,710,944,1308,1739,2261,2554,2766,2996,2894,3514,2255,123,1749,5,135,96,72,0.357879221,0.689035917,-0.491105109
Rwanda,East/Iburasirazuba,Mixed_Landscape,35.39267896,-4.945360386,2023,47.65986252,671,636,853,1304,1933,2227,2497,2340,2896,2871,4091,2942,77,1580,5,133,87,67,0.28430295,0.480074143,-0.465706229
Rwanda,East/Iburasirazuba,Mixed_Landscape,34.12812054,1.076496121,2023,10.14300156,393,452,745,552.5,1177.5,2432.5,2926,2799,3099,2516,1846,1091.5,169.5,2529,4,58,76,45,0.670296907,2.061009174,-0.579571128
Rwanda,East/Iburasirazuba,Mixed_Landscape,34.76484641,0.322540103,2023,22.64365387,386,753.5,999,998,1312.5,2512,2903,3279.5,3062,3319,2448,1599,146.5,2209.5,4,100,103,79,0.533372283,1.576819407,-0.53301388
Rwanda,East/Iburasirazuba,Mixed_Landscape,34.91486506,-3.164091009,2023,1.271942019,641,985,1324,1827,2114,2315.5,2505,2647,2830.5,2802.5,3502.5,2645.5,116,1491.5,5,186,135,101,0.183281183,0.329449578,-0.333165437
Rwanda,East/Iburasirazuba,Mixed_Landscape,35.37525165,2.310960984,2023,2.014405012,549,777,1152,1806.5,2018,2196.5,2356.5,2321,2482.5,2536.5,3761.5,3613,192.5,2694.5,5,185,118,78.5,0.124651723,0.175393741,-0.336596608
Rwanda,East/Iburasirazuba,Mixed_Landscape,36.74850622,-4.868195103,2023,3.013622999,513,592,848,1340,1729,2017,2233,2322,2601,2603,3810,2776,87,1711,5,137,86,59,0.268159479,0.414485902,-0.464984238
Rwanda,East/Iburasirazuba,Mixed_Landscape,32.69405002,0.83431032,2023,12.59651279,572,596,858,795,1224,2482,2865,3006,3206,2992,2563,1677,191,2687,4,81,87,62,0.581689,1.67145449,-0.555900633
Rwanda,East/Iburasirazuba,Mixed_Landscape,36.39178522,1.806377289,2023,0.970350027,1049,1470,1970,2700,3052,3038,3158,3044,3222,3055,3841,3816,138,2870,5,255,201,149,0.059888579,0.104622871,-0.214200243
Rwanda,East/Iburasirazuba,Mixed_Landscape,36.68751061,-2.571023259,2023,2.540478945,519,586,864,1362,1617,1735,1889,1954,2084,2068,3011,2572,77,1791,5,139,89,60,0.178528354,0.258199581,-0.386799157
Rwanda,East/Iburasirazuba,Mixed_Landscape,37.40364756,2.870072417,2023,0.870712996,1160,1342,1948,2990,3404,3425,3486,3388,3544,3708,4166,4259,137,3068,5,255,198,138,0.062402006,0.088334517,-0.269865066
Rwanda,East/Iburasirazuba,Mixed_Landscape,37.52554894,0.514510079,2023,1.453466058,743,1036,1578,2476,2877,3015,3201,3152,3395,3379,4171,3412,98,2477,5,252,161,106,0.120113716,0.165055181,-0.332769543
Rwanda,East/Iburasirazuba,Mixed_Landscape,32.34963594,-3.847439446,2023,9.674197197,456.5,436.5,630.5,668.5,1187,1849,2157.5,2309,2485,2578,2357.5,1446,110.5,1767.5,4,69,63.5,44.5,0.550965548,1.345885635,-0.571015477
Rwanda,East/Iburasirazuba,Mixed_Landscape,37.68410159,2.505446243,2023,1.11609304,628,590.5,864,1408,1848,1935,2060.5,1881,2186,2399,2520,2097.5,199,2724.5,5,142,88.5,59.5,0.143812716,0.200381275,-0.370491803
Rwanda,East/Iburasirazuba,Mixed_Landscape,31.01905134,-3.707392093,2023,91.58287048,385,401,620,590.5,1087,1575,1870,1870,2092,2017,2375.5,1649,141,1814,5,61,63,42,0.520016253,1.329212549,-0.502008021
Rwanda,East/Iburasirazuba,Mixed_Landscape,36.62956928,-2.535988963,2023,12.15775681,555,659,920,1374,1532,1726,1852,1902,2042,2028,2986,2588,76,1720,5,139,93,69,0.161172166,0.253626669,-0.347980142
Rwanda,East/Iburasirazuba,Mixed_Landscape,35.93508173,1.275383125,2023,61.003849,482,620,771.5,850.5,1154.5,1779,1806.5,1991,1974,2349,2132.5,1680.5,113,1949.5,5,87.5,78.5,63,0.401372522,1.166155419,-0.441447973
Rwanda,East/Iburasirazuba,Mixed_Landscape,35.12884376,-4.258957678,2023,12.83316898,356,474,681,936,1183,1681,1950,2028,2209,2142,2538,1880,101,1327,5,96,70,49,0.368421048,0.667481663,-0.497231454
Rwanda,East/Iburasirazuba,Mixed_Landscape,34.80634858,-3.938348953,2023,7.156404018,568.5,508,657,804.5,1127,1416,1611,1719,1856,2070,2350.5,1653.5,115,1786.5,5,81.5,67,52,0.362393498,0.835312386,-0.446969688
Rwanda,East/Iburasirazuba,Mixed_Landscape,37.53668805,1.542901416,2023,1.331117034,545.5,763.5,1106,1784,1989.5,2054,2167,2244,2362,2316,2871,2496.5,203,2754,5,182.5,113,79,0.114200599,0.159219134,-0.339701504
India,Madhya Pradesh,Mixed_Landscape,76.95673901,21.76631408,2019,147.902237,656,930.5,1179,1658,1834,1974.5,2137,2197,2433,2385,3194,2566.5,289.5,2581,5,170.5,120.5,95,0.139818415,0.260777009,-0.301540285
India,Madhya Pradesh,Mixed_Landscape,76.54387331,21.95037888,2019,0.742465973,677.5,770.5,947,1192,1283.5,1267,1316,1353,1431,1471,1500.5,1373.5,195,2786,7,121.5,96.5,78.5,0.0632613,0.147584563,-0.176521733
India,Madhya Pradesh,Mixed_Landscape,77.09472024,22.32434754,2019,33.05126953,638.5,766.5,913,1149,1313,1374,1523.5,1555,1681,2127.5,2372,2200,273,2534.5,5,116.5,93,79,0.15014793,0.375751967,-0.26012966
India,Madhya Pradesh,Mixed_Landscape,77.40661531,21.59850879,2019,1.061925054,748.5,719.5,852,1136,1417.5,1562.5,1715.5,1555,1967.5,2284.5,2849,2514.5,184,2492.5,5,116,87,74,0.1557042,0.352012098,-0.292064816
India,Madhya Pradesh,Mixed_Landscape,77.12104088,22.36360391,2019,3.899082899,740,956.5,1295,1599,1832.5,1868,2000,1977,2129,2130,2685.5,2366.5,269,2857,5,163.5,132.5,97.5,0.105704695,0.214858182,-0.208435208
India,Madhya Pradesh,Mixed_Landscape,74.71157962,20.88686342,2019,12.20223141,705.5,1052,1349,1773,1993.5,2131,2320,2186,2386.5,2530.5,2755.5,2184,408.5,3438,5,180,137,106,0.104319274,0.209219858,-0.2367751
India,Madhya Pradesh,Mixed_Landscape,74.77823462,21.49430421,2019,18.05630112,720,978,1357,1885,2065,2169.5,2362,2389,2587.5,2534,3195,2594.5,379,3621,5,191.5,138.5,100,0.117922321,0.197957581,-0.27549386
India,Madhya Pradesh,Mixed_Landscape,77.20135026,21.89674946,2019,37.6632843,671,916.5,1240,1854,2132.5,2207,2408.5,2304,2579.5,2382,3162.5,2668,294,2860.5,5,191,127.5,91,0.108225107,0.171618169,-0.300225735
India,Madhya Pradesh,Mixed_Landscape,74.2929647,22.54443478,2019,1.391625047,756,877,1156,1474,1854,2601,2937,2690,3244,3069,3832,3055,192,3184,5,150,118,90,0.292026907,0.613212305,-0.398855954
India,Madhya Pradesh,Mixed_Landscape,77.13316813,22.47813911,2019,1.271942019,840,1038,1330,1732,2012,2325,2590,2526,2773,2620,3305,2656,196,2567,5,177,136,107,0.18647252,0.386638099,-0.310165972
India,Madhya Pradesh,Mixed_Landscape,73.95744394,21.35919759,2019,10.2384758,650.5,770,1062,1442,1837.5,1920.5,2075.5,1925,2310.5,2186.5,2993.5,2495.5,366,3420.5,5,147,108,78,0.143451139,0.251405372,-0.288918644
India,Madhya Pradesh,Mixed_Landscape,76.81246958,21.65636029,2019,30.29826164,824,1007,1293,1909,2238.5,2351.5,2607.5,2723,2985,2948,3897.5,2913.5,191,2781.5,5,194.5,131.5,103,0.175734028,0.30714663,-0.356075704
India,Madhya Pradesh,Mixed_Landscape,76.92646579,22.04640879,2019,0.834730983,544.5,739.5,1051,1351,1641.5,1630.5,1727.5,1633,1812.5,1875,2138.5,1879.5,383,2769.5,5,137.5,107.5,76,0.094504021,0.168107303,-0.216840535
India,Madhya Pradesh,Mixed_Landscape,77.45853793,22.00787106,2019,117.461807,635.5,758,1089,1452,1982,2302,2601.5,2758,2905.5,2878,3393,2435.5,289.5,2783.5,5,150,111.5,77.5,0.310213774,0.564293121,-0.433844566
India,Madhya Pradesh,Mixed_Landscape,73.75379587,21.61917004,2019,4.505998135,765.5,902,1282,1812,2234,2407,2629.5,2637,2963.5,3046.5,3620.5,2772,193,3242,5,185,130.5,93,0.185434923,0.305782061,-0.345751464
India,Madhya Pradesh,Mixed_Landscape,74.31677006,20.97705427,2019,14.81869602,722,811,1241,1551,2071,2421,2678.5,2823,2858,2506.5,2670.5,2166,384.5,3310,5,158,126.5,82.5,0.290809333,0.525837123,-0.389271647
India,Madhya Pradesh,Mixed_Landscape,74.28200525,21.49610084,2019,2.519921064,595.5,729.5,905,1200,1429,1497.5,1633.5,1517,1699,1569,1915.5,1695,382.5,3537.5,6,121.5,92,75.5,0.116672799,0.244090244,-0.252683729
India,Madhya Pradesh,Mixed_Landscape,76.37238492,21.80557046,2019,0.919861972,897,1067,1494,1807,2150,2562.5,2805,2805,2857.5,2618,2820.5,2313,195,3094,5,184.5,152.5,108.5,0.216392025,0.441944912,-0.304954648
India,Madhya Pradesh,Mixed_Landscape,77.2077283,22.27017912,2019,1.500722051,682.5,947,1234.5,1578,1858.5,1920,2071,2149,2289.5,2314.5,2896,2466.5,276.5,2808,5,161,126,96,0.153206334,0.316133319,-0.270282239
India,Madhya Pradesh,Mixed_Landscape,77.7801348,21.97651986,2019,1.391625047,713,1177,1527,1915,2130,2245,2434.5,2493,2648.5,2614.5,3288,2951.5,311.5,2695,5,196,155,119,0.131125227,0.280228837,-0.24029851
India,Madhya Pradesh,Mixed_Landscape,74.16899719,18.06633309,2022,1.157595992,752,988,1352,1820,2123,2280,2480,2448,2623,2504,2966,2246,441,2598,5,187,140,101,0.147141516,0.263467025,-0.288421065
India,Madhya Pradesh,Mixed_Landscape,74.28101711,18.07181281,2022,1.331117034,517,548,835,738,1210,2670,3425,3480,3665,3420,1771,991,446,3046,4,77,85,55,0.650071144,1.804422216,-0.612977982
India,Madhya Pradesh,Mixed_Landscape,75.03317649,18.94407695,2022,1.214100957,511,786,1160,1598,1756,1863,2023,2041,2197,2130,2379,1913,651,2453,5,162,119,78,0.121736743,0.193112467,-0.275226504
India,Madhya Pradesh,Mixed_Landscape,75.08545844,18.39888941,2022,1.228435993,145,296,511,1042,1187,1237,1367,1356,1451,1489,2134,1864,670,2489,5,108,53,30,0.130942449,0.1456671,-0.452597737
India,Madhya Pradesh,Mixed_Landscape,75.07036675,18.35011089,2022,2.858752966,58,220,664,688,1035,1751,1973,2048,2089,1753,1788,1373,672,3033,5,70,67,24,0.497076035,0.75104926,-0.510324478
India,Madhya Pradesh,Mixed_Landscape,74.28487986,18.04890577,2022,1.331117034,545,990,1416,1660,1652,2802,3449,2673,3706,3451,2180,1418,439,3008,4,168,147,102,0.233787209,0.486177769,-0.307410121
India,Madhya Pradesh,Mixed_Landscape,75.04683089,18.97659597,2022,1.453466058,755,974,1350,1904,2232,2156,2275,2172,2327,2439,2692,2264,646,2417,5,195,139,99,0.065750733,0.106484425,-0.233390123
India,Madhya Pradesh,Mixed_Landscape,75.19640038,22.4305284,2023,1.171597004,366.5,569,881.5,1097.5,1457,2618,3146.5,2970.5,3463,3154,2708.5,1885,446,3677,4.5,112.5,90,57,0.460422814,0.885328039,-0.542315662
India,Madhya Pradesh,Mixed_Landscape,75.64681567,21.71897287,2023,11.67376614,451,563,935,933,1521,2658,3068,3125.5,3307.5,3218,2339,1622.5,457.5,4107,4.5,94.5,95.5,59.5,0.540224195,1.217514438,-0.539465606
India,Madhya Pradesh,Mixed_Landscape,75.89340321,22.23469567,2023,0.870712996,3055.5,6970,6646,6442,6705.5,6446.5,6506,5913.5,6287.5,3908.5,7821,8165.5,489,4384,5,255,255,254.5,-0.042774472,0.171401699,0.058322385
India,Madhya Pradesh,Mixed_Landscape,75.8024937,20.69525277,2023,11.50759506,425,674,968,1296,1508,1648,1793,1638,1826,1713,1923,1626,338,3357,5,131,98,70,0.116564415,0.196100917,-0.257099003
India,Madhya Pradesh,Mixed_Landscape,74.72703065,18.07567557,2023,0.870712996,403,729,1029,1245,1470,1994.5,2175.5,2370,2328.5,1888,2068.5,1689,422.5,2857.5,5,125,104.5,75.5,0.311203331,0.643077627,-0.394527793
India,Madhya Pradesh,Mixed_Landscape,74.31021235,21.14288327,2023,8.630131721,798,967,1339,1846,2033,2083,2219,2170.5,2310.5,2342.5,2628.5,2247,418.5,3074,5,188,136.5,100,0.080791734,0.135321101,-0.236928344
India,Madhya Pradesh,Mixed_Landscape,75.60908642,21.71277449,2023,1.061925054,302.5,511,868,804,1253.5,2265.5,2506.5,2597,2709,2616.5,1779.5,1243,461,4030,4.5,83,88.5,53,0.527197897,1.248781167,-0.49898991
India,Madhya Pradesh,Mixed_Landscape,75.11483335,22.3293781,2023,1.022176981,448.5,542,765,654,839.5,482,500.5,432,474,1197.5,688.5,575.5,450,3830.5,6,67.5,78,56,-0.204419896,-1.900684932,0.2781955
India,Madhya Pradesh,Mixed_Landscape,76.12453973,18.08870114,2023,1.171597004,549,650,954,1218,1487,1564,1624,1656,1772,2257,1976,1587,416,2167,5,124,96,69,0.152400836,0.267726161,-0.268965513
India,Madhya Pradesh,Mixed_Landscape,75.6266934,22.50625638,2023,0.666137993,276.5,331.5,662,489,1098.5,2951,3511,3581,3730.5,3374,2000,1125,441,3818.5,4.5,50,68.5,33,0.759705186,1.918233141,-0.687956631
India,Madhya Pradesh,Mixed_Landscape,75.33653757,20.14440584,2023,10.59220505,769,862,1176,1516,1833,1952,2075,2046,2204,2234,2515,2108,270,2966,5,153,119,89,0.148792818,0.283240701,-0.270018607
India,Madhya Pradesh,Mixed_Landscape,75.80447,18.9718349,2023,26.28785896,1057,1382,1694,2136,2301,2382,2484,2398,2481,2358,2858,2414,276,2885,5,218,173,141,0.057785619,0.135051546,-0.172043011
India,Madhya Pradesh,Mixed_Landscape,75.65193606,20.42539886,2023,10.53866196,717,602,816,1052,1330,1547,1622,1554,1767,2157,1790,1533,293,2415,5,109,84,60,0.192632392,0.374403341,-0.311392397
Ethiopia,Oromia,Mixed_Landscape,36.75838769,2.20433096,2019,2.378324032,675,774,1011.5,1259,1617,1816,1917,1808,2046.5,2089.5,2139,1729,165,2463,5,128.5,103,79.5,0.179002285,0.385750422,-0.282496899
Ethiopia,Oromia,Mixed_Landscape,35.08599413,-2.757603343,2019,1.271942019,696,857,1134,1442,1671,1980,2143,2182,2365,2363,2879,2343,113,1502,5,147,116,88,0.204194263,0.419739081,-0.316043437
Ethiopia,Oromia,Mixed_Landscape,37.14259714,3.563032827,2019,0.919861972,737,880,1292,1874,2072,2060,2150,2078,2179,2260,2458,2300,190,3081,5,192,132,90,0.051619433,0.075858992,-0.23323442
Ethiopia,Oromia,Mixed_Landscape,35.99347223,1.760473378,2019,1.061925054,545,626,830,993,1271,1530,1641.5,1616,1760,1764.5,2116,1952.5,184,2707.5,5,102,85,64,0.238788813,0.540798611,-0.321340978
Ethiopia,Oromia,Mixed_Landscape,41.2787102,4.34492645,2019,1.228435993,676.5,883,1286,1992,2273.5,2393,2590,2622,2873.5,2843,4211,3694,181,2564.5,5,203,132,90.5,0.136540964,0.198050927,-0.341862857
Ethiopia,Oromia,Mixed_Landscape,40.43941423,4.9778794,2019,89.133476,744.5,1041,1399,1862,2107.5,2384,2669,2842,3064,2959.5,4298.5,3277.5,111,2084,5,190,142.5,106,0.208333328,0.39468385,-0.340249956
Ethiopia,Oromia,Mixed_Landscape,40.08781363,4.973118329,2019,0.870712996,663.5,1148,1713,2464,2553.5,2776.5,2956,3248,3294.5,2864.5,4252.5,3709,111,2427,5,245.5,174.5,117,0.137254909,0.208001698,-0.309413433
Ethiopia,Oromia,Mixed_Landscape,38.9064392,1.009032643,2019,0.834730983,1421,1636,2080,2677,2947,2961.5,3108.5,3092,3326,3274,4209,3736,196,3061.5,5,255,213,167,0.071936212,0.150689906,-0.19566898
Ethiopia,Oromia,Mixed_Landscape,40.35191832,3.652864356,2019,5.572797775,957,959,1320,1746,1917.5,1987.5,2149,2157,2364,2389.5,3695.5,2962,183,2319.5,5,176.5,135.5,98.5,0.105303615,0.18882661,-0.240724757
Ethiopia,Oromia,Mixed_Landscape,39.91461844,3.68134095,2019,1.061925054,1127.5,1305,1647,2208,2707.5,2854,3105.5,2997,3446.5,3352,5257,4752.5,181,2433.5,5,225,167.5,133.5,0.151585013,0.305411473,-0.290697664
Ethiopia,Oromia,Mixed_Landscape,35.07593299,-2.318776327,2019,1.228435993,555.5,748,978.5,1344,1546.5,1638,1770,1851,1988,1928.5,3244.5,2926,147.5,1712,5,137.5,100.5,76,0.158685446,0.294356712,-0.308358371
Ethiopia,Oromia,Mixed_Landscape,35.45645935,-2.115667241,2019,0.787926972,839,985,1227,1546,1853,2028.5,2196.5,2239,2452,2453.5,3605.5,3108.5,140,1555,5,158,125,100,0.183091149,0.419643938,-0.291979223
Ethiopia,Oromia,Mixed_Landscape,40.70037482,2.92963072,2019,2.750601053,509,658,864,1443,1849,2016.5,2246,2219,2455.5,2592,3855,3211,191,2764,5,146,89,68.5,0.211906061,0.326434461,-0.439506978
Ethiopia,Oromia,Mixed_Landscape,35.43498961,3.677029037,2019,1.564893007,603,681,947,1368,1583,1569,1637,1500,1618,1702,2043,1770,186,3243,5,139,97,69,0.046025105,0.071715745,-0.225991011
Ethiopia,Oromia,Mixed_Landscape,35.9982333,3.221223862,2019,4.61595583,1299,1691,2301,2822,3121,3122.5,3233,3114,3315,3280,4790.5,4908.5,191,3416,5,255,234.5,172,0.049191374,0.099124177,-0.150138497
Ethiopia,Oromia,Mixed_Landscape,41.653667,1.148630838,2019,2.858752966,639,947,1359,2194,2448.5,2560,2754.5,2896,3012,2889,4318,3598,164,2921,5,223,139,97,0.137917489,0.195903332,-0.361222088
Ethiopia,Oromia,Mixed_Landscape,36.54324118,0.81841014,2019,1.228435993,489.5,529,859,938.5,1454,2189.5,2442,2438,2623,2573,3080.5,2050,104,1721.5,4,96,87,54.5,0.44409892,0.91377209,-0.478920221
Ethiopia,Oromia,Mixed_Landscape,35.18633594,-4.3125871,2019,11.50014687,456,545.5,774.5,1256,1590,1796,1987,2023,2305.5,2319,2991,2252.5,152,1361,5,128,79.5,56,0.233912781,0.350628571,-0.446291327
Ethiopia,Oromia,Mixed_Landscape,36.85828035,3.164091009,2019,0.787926972,694,807,1056,1352,1493,1460,1484,1382,1531,1556,1770,1540,190,3264,5,138,108,82,0.010972934,0.021786492,-0.133716166
Ethiopia,Oromia,Mixed_Landscape,37.3268416,2.025296724,2019,1.214100957,984.5,1181,1853,2917,3573,3708.5,3874,3713,4026.5,3908.5,5207,4970.5,186,3049.5,5,255,188.5,121,0.120060332,0.161022778,-0.334171742
Ethiopia,Oromia,Mixed_Landscape,40.44803806,3.782581083,2019,5.818078995,423,524.5,699,1354,1732.5,1862.5,2041,1965,2158.5,2148,3297.5,2791.5,180,2344,5,137.5,70.5,52,0.184091598,0.248121827,-0.47522524
Ethiopia,Oromia,Mixed_Landscape,40.87330051,3.011197748,2019,4.505998135,487,636,1146,2292,2568,2787,2957,3084,3062,2991,4474,3923,192,3025,5,234,116,67,0.147321433,0.164083865,-0.458156019
Ethiopia,Oromia,Mixed_Landscape,36.52401723,2.472118746,2019,30.02240181,665,724,977,1284,1515,1615,1678.5,1585,1768,1865,1831,1500.5,189,2928.5,7,130.5,100,74,0.104914606,0.194948187,-0.237314597
Ethiopia,Oromia,Mixed_Landscape,39.90743192,3.027726749,2019,4.699281216,1525,1360,1528,2510,2921,3063,3281,3150,3405,3347,4488,3920,187,2534,5,255,156,139,0.113074206,0.199725378,-0.346729368
Ethiopia,Oromia,Mixed_Landscape,39.03274233,-0.232978069,2019,1.500722051,1246,1490,1948,2602,2994,3111,3229,3278,3520,3640,4236,3726,196,3023,5,255,198,152,0.114965983,0.219025402,-0.254496753
Ethiopia,Oromia,Mixed_Landscape,38.96231441,-0.484147022,2019,3.26513195,1148,1514,1954,2651,2931,3011.5,3242.5,3432,3554.5,3433.5,4615,3856.5,192,2807.5,5,255,199,154,0.128390595,0.244551603,-0.274415165
Ethiopia,Oromia,Mixed_Landscape,41.38480123,4.708923804,2019,4.210343838,631.5,716.5,989.5,1418,1612,1851,2010,2308,2318,2402,3289.5,2637,185,2328,5,145.5,102.5,76.5,0.238862053,0.408763147,-0.399848372
Ethiopia,Oromia,Mixed_Landscape,39.84589732,3.741797569,2019,3.013622999,643,789,1015,1398,1650.5,1781.5,1984.5,2085,2281.5,2258,3523,2959,125.5,2216.5,5,142.5,103.5,80.5,0.19724375,0.37693405,-0.345161289
Ethiopia,Oromia,Mixed_Landscape,38.94425827,0.98711375,2019,1.022176981,1425,1956,2436,3060,3469,3502,3623,3588,3866,3638,4700,4057,196,3183,5,255,248,199,0.079422385,0.181343591,-0.191235065
Ethiopia,Oromia,Mixed_Landscape,40.09077807,3.921011468,2019,45.958302,448,529.5,688,1152,1620.5,1888.5,2059,2037,2243.5,2315,3328,2775,181,2413,5,119,69,55.5,0.277516454,0.444388652,-0.495045871
Ethiopia,Oromia,Mixed_Landscape,35.53757722,-1.159680116,2019,1.271942019,618,724,1001,1310,1603,2209,2501,2580,2806,2902,3066,2400,92,1504,5,133,101,75,0.326478153,0.633606067,-0.440938294
Ethiopia,Oromia,Mixed_Landscape,41.62626838,4.858223804,2019,4.001527786,589.5,848,1163,1578,1723,1802,1867,1885,1924,1771,2198.5,1840.5,190,2903.5,5,159,117,86.5,0.088651456,0.153684421,-0.236876637
Ethiopia,Oromia,Mixed_Landscape,35.68319413,-4.787077233,2019,0.666137993,580,711,1092,1864,2185,2518,2725,2714,2973,2992,4993,4068,163,1764,5,190,111,73,0.185670599,0.248059301,-0.426169217
Ethiopia,Oromia,Mixed_Landscape,35.51143624,3.913375788,2019,306.052734,701,1040,1416,1882,2116,2174,2238,2220,2302,2306,2625,2294,183,3113,5,191,144,105,0.082398832,0.147908279,-0.221122116
Ethiopia,Oromia,Mixed_Landscape,36.4791913,3.890019591,2019,1.391625047,607,804.5,1050,1379,1565,1563.5,1624,1572,1659.5,1608.5,1835.5,1638.5,188,3091,7,140,107,82.5,0.065401562,0.126532485,-0.199084669
Ethiopia,Oromia,Mixed_Landscape,38.45081368,0.90132464,2019,1.391625047,975,1151,1627,2300,2557,2607,2762,2671,2917,2960,3935,3514.5,193,2960,5,234,166,117,0.074632868,0.118311117,-0.24290368
Ethiopia,Oromia,Mixed_Landscape,37.20287409,4.182421216,2019,5.244015217,594,675,895.5,1117,1388.5,1541.5,1642,1576,1732,1615.5,1668,1353.5,182,2788,5,114,91.5,68.5,0.170441881,0.356754236,-0.275338858
Ethiopia,Oromia,Mixed_Landscape,38.42152861,1.432947625,2019,2.772066116,803.5,1034,1385,1886,2077,2220,2386,2544,2643.5,2641,3874.5,3165,194,2967.5,5,192,141.5,105,0.148532733,0.269407141,-0.29498601
Ethiopia,Oromia,Mixed_Landscape,39.64305773,4.049650217,2019,11.67376614,503.5,530,712.5,1099,1461,1633,1776,1709,1948,1989.5,2854.5,2373,174,2123.5,5,112,73,54.5,0.217236474,0.352275352,-0.411521792
Ethiopia,Oromia,Mixed_Landscape,38.11511326,1.921810803,2019,1.630395055,794.5,963.5,1206,1535,1705,1784.5,1920.5,1988,2074.5,2125.5,3030,2456,192,2971,5,156,123,99,0.128583595,0.285067019,-0.244834065
Ethiopia,Oromia,Mixed_Landscape,35.51233456,4.983898112,2019,3.454289913,605,865,1296,1892,2176,2478,2603,2432,2723,2759,3160,2858,323,3212,5,193,132,87,0.124884367,0.184994861,-0.304721028
Ethiopia,Oromia,Mixed_Landscape,37.54396441,2.374741369,2019,0.919861972,679,813,1172,1905,2347.5,2350.5,2487.5,2226,2600,2746.5,3128.5,2822.5,190,3157,5,194.5,118.5,82.5,0.07770516,0.106157815,-0.310182452
Ethiopia,Oromia,Mixed_Landscape,39.76945069,4.074803045,2019,5.126894951,502.5,605.5,795.5,1525,1830.5,2054,2220.5,2315,2419,2444,3546,3026,148.5,2248,5,155.5,81.5,62,0.205729172,0.285208852,-0.488506675
Ethiopia,Oromia,Mixed_Landscape,37.24482542,2.1326454,2019,1.376373053,1164,1655,2412,3363,3875.5,3923,4071,3868,4179.5,4084.5,5335,4711.5,184,3104.5,5,255,246.5,168.5,0.069838196,0.108513473,-0.231847137
Ethiopia,Oromia,Mixed_Landscape,35.57359966,-1.382372475,2019,1.817379951,686,863,1154,1520,1799,2281,2512,2670,2789,2814,3707,3035,93,1739,5,156,118,87,0.274462998,0.540565949,-0.396443516
Ethiopia,Oromia,Mixed_Landscape,36.14968925,3.150256954,2019,0.834730983,817,965,1357,1580,1549.5,887.5,943.5,773.5,715,646.5,556,527.5,193,3233.5,7,161.5,138,98.5,-0.34268111,-0.668296321,0.273879379
Ethiopia,Oromia,Mixed_Landscape,35.29655923,-4.33432633,2019,1.391625047,706.5,854,1139,1464,1746.5,1928,2101,2233,2378.5,2379,3437,2769.5,150,1236,5,149.5,116.5,87.5,0.208006486,0.416756991,-0.324436545
Ethiopia,Oromia,Mixed_Landscape,40.3612608,3.026648771,2019,2.163994074,460,484.5,839,2170.5,2453,2561.5,2669.5,2810,2793,2658.5,4095,3612,189,2540.5,5,224.5,86.5,49.5,0.128400758,0.131042397,-0.54014796
Ethiopia,Oromia,Mixed_Landscape,38.47237325,-0.015316276,2019,5.818078995,835,1028,1376,2026,2462,2653,2797,2758,3041,2973,4229,3528,193,2938,5,207,140,105,0.153010041,0.253990285,-0.334300905
Ethiopia,Oromia,Mixed_Landscape,37.04342313,3.557822599,2019,1.500722051,869,1084,1612,2462,2794.5,2830.5,2903.5,2811,3039.5,3067,3328.5,3148,189,3081,5,250.5,164,110.5,0.066186234,0.092288978,-0.271082968
Ethiopia,Oromia,Mixed_Landscape,40.7527466,4.15681923,2019,4.505998135,531,753.5,1147,1983,2371,2528.5,2731,2732,2982,2895,4179.5,3654.5,182,2491,5,202,118,75.5,0.158854723,0.208524736,-0.408610463
Ethiopia,Oromia,Mixed_Landscape,41.53005882,4.810792757,2019,1.391625047,664.5,896.5,1424,2612,2845,3011.5,3177,3283.5,3443,3365.5,4527.5,4104.5,190,2832,5,250,144.5,96.5,0.113900431,0.137234064,-0.395007968
Ethiopia,Oromia,Mixed_Landscape,41.77035815,1.982536916,2019,2.902590036,597,751,931.5,1191,1499,1672,1882.5,1986,2205.5,2226,3115,2338,198,3017.5,5,122,95.5,77,0.250236064,0.567776032,-0.361439586
Ethiopia,Oromia,Mixed_Landscape,38.2129398,-1.577486555,2019,13.38628864,353.5,489,734,1028,1317.5,1726.5,1938.5,1934,2170.5,2168,2959,2133,206,2422.5,5,105,75,50,0.305874407,0.510652689,-0.4497751
Ethiopia,Oromia,Mixed_Landscape,37.91290249,-3.546054668,2020,142.4147797,1121,1015.5,1338,1929,2429,2745.5,2990.5,2804,3396.5,3165,4634,3298,151.5,1763.5,5,196.5,136.5,104,0.18487218,0.323463088,-0.353935301
Ethiopia,Oromia,Mixed_Landscape,36.96679684,-2.333418866,2020,2.836957932,494,851,1102,1438,1806,2031,2274,2330,2624,2534,3733,2795,163,1793,5,148,113,86,0.236730367,0.487271933,-0.357808858
Ethiopia,Oromia,Mixed_Landscape,38.01602909,-1.360363751,2020,1.271942019,483,430,723,897,1171,1858,2173,2436,2332,2544,2413,1484,135,2030,4,92,74,40,0.461746186,0.837505442,-0.54226023
Ethiopia,Oromia,Mixed_Landscape,38.14026609,-1.522599491,2020,34.06748199,378,477,717.5,781.5,1246,2325.5,2687.5,2837,3144,3109.5,2570.5,1536.5,134,2575.5,4,79,73,49,0.568053067,1.301114065,-0.596286416
Ethiopia,Oromia,Mixed_Landscape,36.00371302,-2.722838542,2020,8.111731529,609.5,837,1161,1518,1889,2252.5,2499.5,2690,2908,2659,2885,1977,153,2065.5,5,155.5,118.5,86,0.278517097,0.530652902,-0.397039741
Ethiopia,Oromia,Mixed_Landscape,39.5415481,2.046676628,2020,1.11609304,709,817,1168,1840,2178,2366,2528,2466,2732,2695,3989,3304,194,3080,5,187,119,84,0.145378545,0.212073989,-0.357182175
Ethiopia,Oromia,Mixed_Landscape,37.17170255,-4.169126149,2020,13.33976078,628.5,624,787.5,909.5,1185.5,1535.5,1702.5,1779,1969.5,1979.5,2565.5,1752,87.5,1516.5,5,94,80,63,0.323414534,0.850117325,-0.38632378
Ethiopia,Oromia,Mixed_Landscape,36.42978396,-2.545061947,2020,3.526578903,363,500.5,745.5,1033,1421,1948,2181,2358,2557,2576,2933,1869.5,142.5,1258,5,105.5,76,52,0.390740186,0.689637225,-0.519574702
Ethiopia,Oromia,Mixed_Landscape,37.96383697,-2.697865377,2020,5.244015217,624.5,645.5,769,889,1291.5,1596,1800.5,1857,2105,2109.5,2301.5,1380.5,123.5,1593.5,5,90.5,78.5,66,0.352512747,1.029458683,-0.414318353
Ethiopia,Oromia,Mixed_Landscape,38.40931152,-1.342307613,2020,2.014405012,476.5,730.5,1010.5,1380,1690,2106.5,2381,2662,2743.5,2303.5,3237.5,2081,182,2691.5,5,140.5,103.5,74.5,0.317169726,0.586539781,-0.44969368
Ethiopia,Oromia,Mixed_Landscape,39.83403956,1.800897566,2020,1.271942019,995,1094,1534,2410,2811,2883,3111,2988,3225,3213,5073,4084,196,2969,5,246,155,112,0.107076697,0.156317611,-0.321539134
Ethiopia,Oromia,Mixed_Landscape,38.05429732,-2.474813692,2020,1.331117034,541,678.5,981,1439,1864,2173.5,2384,2532,2693,2534,3705.5,2845,134.5,1993.5,5,146.5,100.5,70.5,0.275245517,0.449553737,-0.441502988
Ethiopia,Oromia,Mixed_Landscape,37.37849473,-2.503919107,2020,0.919861972,636.5,779.5,1044.5,1559,1807.5,1953.5,2139.5,2246,2441,2372,3334,2454,128,1778.5,5,159,106.5,80,0.180551901,0.298449107,-0.365142077
Ethiopia,Oromia,Mixed_Landscape,38.11071152,-3.703978495,2020,0.834730983,603,677,799,1132,1321,1432,1553,1634,1702,2352,2729,1701,139,1995,5,117,82,69,0.181489512,0.374682788,-0.343197703
Ethiopia,Oromia,Mixed_Landscape,38.72219473,0.004716155,2020,55.310242,492,658,932,1368,1722,1930,2192,2232,2433,2504,3294,2313,193,2969,5,139,95,67,0.239999995,0.39229931,-0.41087231
Ethiopia,Oromia,Mixed_Landscape,38.12643204,0.365479573,2020,1.697227001,478,583,859,963,1421,1876,2095,2102,2445,2454,2566,1555,179,2650,5,99,87,59,0.371615022,0.811600399,-0.419790626
Ethiopia,Oromia,Mixed_Landscape,37.48961633,-1.426479755,2020,17.84152985,490,641,870,1036,1384,2087,2326,2520,2710,2845,2925,1868,136,1926,5,106,89,67,0.417322844,0.944140476,-0.486725658
Ethiopia,Oromia,Mixed_Landscape,36.29925875,-4.983359123,2020,4.183956146,464.5,511.5,742.5,877,1323.5,2160,2444,2624,2864.5,3023.5,2816,1757.5,92.5,1764,4.5,89,75.5,52,0.499000281,1.078195396,-0.558889031
Ethiopia,Oromia,Mixed_Landscape,36.71383125,-2.113601116,2020,2.519921064,500,745,1088,1318,1659,2410,2687,2896,3097,2985,3201,2100,154,1741,5,134,112,74,0.374466062,0.756109248,-0.453815252
Ethiopia,Oromia,Mixed_Landscape,37.44595821,-1.408423618,2020,18.9829483,534,633,994,1392,1865,2661,2887,2842,3044,3411,3248,2529,140,2003,5,144,103,63,0.342465758,0.562233424,-0.481751829
Ethiopia,Oromia,Mixed_Landscape,36.28802981,-2.39360599,2020,24.13708687,440,603,799,1004,1406,1867,2138,2076,2382,2424,2554,1719,156,2231,5,104,83,61,0.348051935,0.748917144,-0.444173902
Ethiopia,Oromia,Mixed_Landscape,38.53615364,0.717708996,2020,4.183956146,591,803,1122,1608,1955,2120,2284,2332,2558,2519,3380,2568,191,2949,5,164,114,83,0.183756351,0.303767727,-0.350318462
Ethiopia,Oromia,Mixed_Landscape,39.39512271,1.791824581,2020,1.171597004,868,1044,1364,2086,2422,2445,2666,2622,2849,2876,4362,3400,195,3050,5,213,139,108,0.113848768,0.183335614,-0.315604627
Ethiopia,Oromia,Mixed_Landscape,35.26080628,-4.977160747,2020,2.902590036,586,788,989,1436,1731,2110,2396,2564,2749,2633,3535,2634,101,1735,5,146,101,80,0.282000005,0.535002846,-0.443287373
Ethiopia,Oromia,Mixed_Landscape,35.4870919,-4.788424706,2020,2.581844091,643,870,1176,1528,1883,2311,2591,2646,2927,2809,3886,3009,159,1751,5,156,120,89,0.267848581,0.528355388,-0.384615391
Ethiopia,Oromia,Mixed_Landscape,35.67439064,-4.714762853,2020,28.72862244,658,667,912,942,1517,2667,3109,3220,3520,3293,3014,1836,162,1926,4,96,93,68,0.547333002,1.471386126,-0.558567286
Ethiopia,Oromia,Mixed_Landscape,36.33375405,-4.337470434,2020,3.241857052,433,528,676,846,1070,1385.5,1514.5,1531,1741,2104,2185,1529,107,1605.5,5,86,69.5,54.5,0.288178384,0.646714502,-0.387403727
Ethiopia,Oromia,Mixed_Landscape,37.51440983,-2.17495605,2020,1.453466058,563.5,676.5,892,1392,1678.5,1819,1999.5,2096,2306.5,2335,3261,2496,128,1759,5,142,91.5,69,0.201834857,0.327426631,-0.402945101
Ethiopia,Oromia,Mixed_Landscape,38.476775,-1.167854785,2020,5.362435818,458.5,498,697,759,1260.5,2298,2656.5,2659,3053,2991,2397.5,1331,183.5,2715.5,4,78,71,51,0.555880606,1.365334866,-0.584624529
Ethiopia,Oromia,Mixed_Landscape,38.5030058,0.032653761,2020,4.210343838,609,686,984,1547,2102,2307,2612,2531,2830,2870,3776.5,3058.5,193,3022.5,5,158.5,101,69.5,0.241294757,0.368870895,-0.440113813
Ethiopia,Oromia,Mixed_Landscape,36.62346073,-3.701463212,2020,1.171597004,642,756,1064,1506,1881,2117,2400,2494,2765,2657,3859,2674,100,1914,5,154,110,80,0.246999994,0.42142979,-0.401911199
Ethiopia,Oromia,Mixed_Landscape,36.68508516,-2.085843174,2020,10.56792831,315,456,695,839,1196,1921,2225,2136,2518,2481,2516,1670,154,1715,4,86,70,47,0.435966372,0.86443615,-0.509007394
Ethiopia,Oromia,Mixed_Landscape,38.46006633,-1.369616398,2020,2.686698914,436.5,489,709.5,1159,1597.5,1970,2185.5,2056,2460,2520.5,3229.5,2367,182.5,2493,5,119,72.5,50,0.279004663,0.419668756,-0.486892074
Ethiopia,Oromia,Mixed_Landscape,41.99251152,3.140375486,2020,21.54396629,461,532,718,982.5,1424,1882,2159,2125,2442.5,2477,2874.5,2046.5,186,2577.5,5,100.5,73,55,0.367658883,0.708571074,-0.49489975
Ethiopia,Oromia,Mixed_Landscape,36.4774845,-3.988654609,2020,1.022176981,457,507.5,735,1077,1395,1713.5,1901.5,1975,2183.5,2129,2804,2114,101.5,1418,5,110,75,51.5,0.294233292,0.484698008,-0.457564563
Ethiopia,Oromia,Mixed_Landscape,39.74564534,1.747717301,2020,1.061925054,807,1018,1438,2162,2514,2562,2763,2788,3017,3064,4838,3585,196,2921,5,220,148,105,0.12646465,0.192591681,-0.319451004
Ethiopia,Oromia,Mixed_Landscape,36.35396615,-4.172270253,2020,24.13708687,536,553.5,776,1090,1615,1942,2173,2121,2494.5,2618.5,3506,2337,100.5,1435.5,5,111,78.5,57,0.321083784,0.571412736,-0.464273393
Ethiopia,Oromia,Mixed_Landscape,38.05016507,-2.697146725,2020,26.35245895,579.5,697.5,933,1357,1580.5,1878,2059.5,2190,2427.5,2483,3065,2130,134,1804,5,139,96,72.5,0.234846354,0.408193267,-0.40249759
Ethiopia,Oromia,Mixed_Landscape,35.5700064,-1.150876626,2020,1.171597004,408.5,514.5,775.5,795,1302,2195.5,2473,2510,2757.5,2594.5,2628.5,1638.5,92.5,1824.5,4,80.5,79,51,0.518910766,1.25283074,-0.52792573
Ethiopia,Oromia,Mixed_Landscape,38.2810321,-1.538679334,2020,17.41572571,444,539,708,929,1317,1739,1895,1956,2300,2130,2784,1811,132,2564,5,95,72,55,0.355979204,0.73598968,-0.468468457
Ethiopia,Oromia,Mixed_Landscape,37.10468823,-1.929536315,2020,2.221455097,457,568,803,1100,1384,1745,1949,2074,2312,2264,3209,2209,157,1662,5,111,81,60,0.306868315,0.551528879,-0.441779643
Ethiopia,Oromia,Mixed_Landscape,39.29540972,2.41004516,2020,1.941599011,738.5,954,1277,1669,2168,2506.5,2695,2778,2966.5,2940,3716.5,2770.5,192,2992,5,170,130,97.5,0.249381602,0.491752394,-0.370160282
Ethiopia,Oromia,Mixed_Landscape,36.57414322,-2.448942212,2020,29.542561,295.5,442,735,861,1313.5,2037,2223.5,2289,2563,2469.5,2843,1833.5,138,1426.5,4.5,88,75.5,45,0.453333348,0.862110601,-0.513888896
Ethiopia,Oromia,Mixed_Landscape,38.1382898,-3.554409,2020,0.742465973,574,601,672,835,915,954,1025,1060,1109,1145,2144,2444,136,1942,5,85,69,62,0.11873351,0.359769747,-0.224018469
Ethiopia,Oromia,Mixed_Landscape,38.59229834,-1.231904665,2020,6.163806915,544,707,963,1366,1756.5,2133.5,2369.5,2338,2666.5,2577,3280,2286.5,183.5,2670,5,139,98.5,72,0.262419015,0.46440516,-0.416540444
Ethiopia,Oromia,Mixed_Landscape,36.66101031,-2.062307314,2020,5.332708836,365.5,436.5,667.5,731,1132,1841.5,2117.5,2235,2459,2452.5,2179,1237.5,151,1905.5,4,74.5,67,44.5,0.507080257,1.122974688,-0.540051699
Ethiopia,Oromia,Mixed_Landscape,35.30500339,-1.062482402,2020,6.324192047,214.5,280,530.5,339.5,930,2566.5,3068,3291,3334.5,3317.5,1730.5,794,80.5,1780.5,4,36,54,28.5,0.81297344,2.285150201,-0.722360313
Ethiopia,Oromia,Mixed_Landscape,37.4117324,-2.022601778,2020,2.540478945,546,566,781,1015,1579,1980,2201.5,2251,2525,2469,3131,2175.5,126.5,1884.5,5,103.5,79.5,58.5,0.378444582,0.754210398,-0.484828502
Ethiopia,Oromia,Mixed_Landscape,39.70297536,2.228585473,2020,2.45874095,695,814,1194,2056,2443,2636,2812,2850,3041,3011,4841,3888,193,3111,5,209,122,83,0.161842644,0.218564193,-0.409495562
Ethiopia,Oromia,Mixed_Landscape,38.06642457,-1.912558156,2020,14.18929577,531,547,733.5,1097,1500,1702,1959,1996,2329.5,2258.5,2914,1885,136,1757.5,5,111.5,75,56,0.290656328,0.502066346,-0.462538928
Ethiopia,Oromia,Mixed_Landscape,36.79189485,-2.003467662,2020,6.784017086,558,662,916,1162,1483,1974,2210,2382,2546,2516,3157,2322,151,1556,5,120,95,69,0.344243795,0.69476082,-0.444511831
Ethiopia,Oromia,Mixed_Landscape,37.36969124,-2.664717543,2020,1.11609304,573,576,794,1179,1408.5,1482,1618.5,1663,1844.5,2051,2113,1616.5,127.5,1757.5,5,119.5,80.5,60.5,0.1703026,0.273879584,-0.353683352
Ethiopia,Oromia,Mixed_Landscape,39.66910887,1.739183306,2020,1.331117034,741,894,1274,1864,2099,2168,2359,2508,2637,2650,4373,3509,196,3012,5,191,129,93,0.147301003,0.230394963,-0.326282382
Ethiopia,Oromia,Mixed_Landscape,37.85558998,-2.209810683,2020,162.490616,534,618,925.5,1481,1866,2174,2397,2456,2644,2524.5,3319,2470.5,133,1896,5,151,94.5,63.5,0.247650489,0.363372093,-0.452609777
Ethiopia,Oromia,Mixed_Landscape,38.93383781,0.664259237,2020,1.11609304,1313.5,1811,2244,2817,3132,3147,3298,3367,3578.5,3525.5,4448,3864.5,194,3145,5,255,228.5,184,0.088939197,0.205607477,-0.200142577
Ethiopia,Oromia,Mixed_Landscape,36.49724744,-2.673790527,2020,5.244015217,538.5,783,1154,1499,1784.5,2183,2445.5,2723,2754,2751.5,3583,2485.5,151,1583.5,5,152,117.5,82.5,0.289909989,0.5234796,-0.404694349
Ethiopia,Oromia,Mixed_Landscape,37.09390845,-1.983884389,2020,1.271942019,640,818,1114,1490,1879,2426,2668,2840,2988,3075,3415,2342,159,1875,5,152,113,82,0.311778277,0.597768332,-0.43651998
Ethiopia,Oromia,Mixed_Landscape,38.1180777,-2.293713331,2020,36.37004471,788,760,925,1106,1381,1676,1852,2012,2207,2146,2527,1672,179,1572,5,113,94,78,0.290570885,0.768056968,-0.370105565
Ethiopia,Oromia,Mixed_Landscape,36.83725977,-2.335754486,2020,7.122148037,376,521,802,1136,1572,1947,2171,2302,2507,2401,2963,2044,160,1715,5,116,82,53,0.339150667,0.559339921,-0.483247429
Ethiopia,Oromia,Mixed_Landscape,37.64861814,-2.470052621,2020,1.022176981,707,779,1008,1416,1658.5,1805,1950.5,2043,2263,2380.5,3186.5,2268,128,1732.5,5,144.5,103,80.5,0.181266263,0.333688132,-0.339233041
Ethiopia,Oromia,Mixed_Landscape,36.0577916,-2.57344871,2020,9.95438385,572,697,1010,1020,1479,2451,2811,3088,3166,3098,2162,1200,177,2138,4,103,103,73,0.503407955,1.298505588,-0.507076621
Ethiopia,Oromia,Mixed_Landscape,41.99098439,3.453079036,2020,7.259655952,458,537.5,842,1893,2187.5,2447.5,2704,2740,2868,2819,4192,3501.5,194,2948,5,193,86.5,54.5,0.182818905,0.210325048,-0.529871583
Ethiopia,Oromia,Mixed_Landscape,36.78075574,-2.079465135,2020,7.122148037,388,644,890,1138,1394,2039,2283,2356,2548,2502,2768,1862,153,1598,5,116,92,66,0.348597586,0.699196326,-0.451632768
Ethiopia,Oromia,Mixed_Landscape,37.73584455,-2.503380118,2020,4.316711903,615,705,833,1111,1417.5,1586,1777,1866,2098,2024,2768,1909.5,127,1687,5,113.5,85.5,72,0.253611028,0.581574488,-0.382734358
Ethiopia,Oromia,Mixed_Landscape,35.20888366,-4.888946187,2020,18.76289368,379,471.5,623,714.5,945.5,1442,1645,1752,1921.5,1836,2187,1423,95,1598.5,5,73,64,48.5,0.420636535,1.035946081,-0.47536841
Ethiopia,Oromia,Mixed_Landscape,39.74348938,2.338269769,2020,0.479716986,624,865,1210,2098,2525,2621,2729,2532,2951,2767,4801,4052,193,3163,5,214,124,88,0.0937365,0.12567325,-0.353287011
Ethiopia,Oromia,Mixed_Landscape,36.45978769,-4.032672058,2020,1.331117034,536,676.5,982,1353,1714,2134.5,2356,2550,2747.5,2730.5,3273.5,2189,101,1432.5,5,138.5,100.5,69,0.306687176,0.534828649,-0.443941116
Ethiopia,Oromia,Mixed_Landscape,37.49707235,-1.314100513,2020,3.081229925,351,539,762,1120,1272,1965,2175,2368,2539,2464,2854,1888,139,2188,5,114,78,55,0.357798159,0.618250272,-0.513099015
Ethiopia,Oromia,Mixed_Landscape,35.78200881,3.955776269,2021,1.548725009,717,850,1176,1488,1620,1662,1738,1640,1754,1812,2032,1868,191,2955,5,151,120,88,0.04859335,0.090605627,-0.164772734
Ethiopia,Oromia,Mixed_Landscape,39.85568896,0.87311754,2021,1.022176981,1170,1532,2040,2780,3191,3251,3464,3486,3711,3630,5396,5259,198,2917,5,255,207,153,0.112671562,0.203411317,-0.261672109
Ethiopia,Oromia,Mixed_Landscape,41.26622362,0.084666216,2021,2.240773916,808.5,999,1369,1727,2181,2454.5,2707.5,2650,3033.5,3000.5,4027.5,3302,203,2757.5,5,175.5,140,102,0.210875034,0.417987501,-0.318736017
Ethiopia,Oromia,Mixed_Landscape,41.88147976,3.111449734,2021,1.331117034,373,448,735,1770,2172,2415,2602,2518,2695,2375,4329,3812,190,2821,5,180,75,46,0.174440295,0.191226097,-0.548109412
Ethiopia,Oromia,Mixed_Landscape,35.71768943,-1.995382825,2021,114.694077,489,470,577,457,887,1934,2169,2334,2432,2824,1631,882,140,1373,4,47,59,49,0.67251879,3.023518041,-0.603572667
Ethiopia,Oromia,Mixed_Landscape,38.9460549,-1.344822896,2021,2.750601053,787,1158,1552,2110,2405,2542,2752,2944,3056,2884,4424,3600,177,2673,5,215,157,118,0.165017813,0.301300578,-0.309608549
Ethiopia,Oromia,Mixed_Landscape,41.09796916,4.216826691,2021,3.454289913,558,629,870,1397,1768,1911,2062,1970,2304,2429,3449,2813,186,2587,5,145,90,64,0.17018117,0.254192175,-0.387323946
Ethiopia,Oromia,Mixed_Landscape,38.67691964,0.838801897,2021,1.748222947,655,821,1198,2160,2475,2551,2721,2758,2910,2890,4349,3760,193,2875,5,220,122,83,0.121594146,0.15635622,-0.394337714
Ethiopia,Oromia,Mixed_Landscape,37.18391964,-3.620255511,2021,5.039907932,612,793,1087,1481,1812,1959.5,2151,2274,2466.5,2384,3081.5,2519.5,61,1220,5,151.5,112,81.5,0.211185083,0.380262779,-0.353168696
Ethiopia,Oromia,Mixed_Landscape,35.13495231,-1.280952679,2021,0.970350027,669.5,854,1126,1439,1857,2238,2466,2558,2770.5,2786,3986,3137.5,121.5,1731,5,147.5,114.5,87,0.279959977,0.584273183,-0.388707936
Ethiopia,Oromia,Mixed_Landscape,39.53229546,1.737296844,2021,1.171597004,645,777,1210,2186,2587,2679,2889,2866,3068,3034,4204,3448,196,2813,5,223,123,79,0.134600163,0.167396977,-0.406280667
Ethiopia,Oromia,Mixed_Landscape,35.12605899,2.836924583,2021,5.039907932,666,875,1300,1832,2159,2299,2452,2406,2534,2490,3621,3688,184,2711,5,188,133,91,0.135441244,0.209902728,-0.298434973
Ethiopia,Oromia,Mixed_Landscape,41.77565821,4.527014959,2021,1.453466058,697.5,908,1477,2728.5,3133.5,3217.5,3378.5,3289,3562,3537,4853,4492.5,198,3284.5,5,255,150.5,93,0.093144991,0.109038207,-0.380193025
Ethiopia,Oromia,Mixed_Landscape,38.42467271,0.19309287,2021,1.941599011,674,1148,1598,2186,2532,2611,2788,2842,3075,2870,4511,3857,190,2681,5,223,163,116,0.130469367,0.223159614,-0.280180186
Ethiopia,Oromia,Mixed_Landscape,41.7995534,-0.046038658,2021,6.651022911,652.5,715.5,939.5,1009,1486.5,2004,2257,2348,2584,2598,2801.5,1943.5,204,3035.5,4.5,102.5,95,72.5,0.398868024,1.102329793,-0.428441077
Ethiopia,Oromia,Mixed_Landscape,41.52610623,3.033745462,2021,1.817379951,514,646,978,1718,2024,2155,2303,2322,2465,2377,4164,3244,124,2830,5,174,99,67,0.149504945,0.193937837,-0.407272726
Ethiopia,Oromia,Mixed_Landscape,36.64852373,-3.322194499,2021,13.71418285,512,430,688,755,1142,1931,2300,2160,2516,2357,2011,1518,73,992,4,77,70,46,0.481989712,1.013416042,-0.516853929
Ethiopia,Oromia,Mixed_Landscape,41.83036562,3.251047929,2021,1.887864947,423,525,803,1672,1974,2159,2314,2320,2459,2421,3959,3271,188,2725,5,170,82,54,0.162324652,0.192501931,-0.485750884
Ethiopia,Oromia,Mixed_Landscape,41.14243577,4.255454248,2021,2.299227953,502,618,933,1648,1895,2006,2157,2188,2328,2259,3247,2784,188,2665,5,169,96,64,0.140771642,0.181402849,-0.402114719
Ethiopia,Oromia,Mixed_Landscape,38.63874124,-2.506344558,2021,4.397345066,531,646,832,1252,1562,1738,2036,2104,2283,2285,3204,2273,192,2437,5,126,85,70,0.253873646,0.44635373,-0.4332425
Ethiopia,Oromia,Mixed_Landscape,35.6147425,3.578214355,2021,2.540478945,696,839,1182,1616,1791,1867,1928,1830,1998,1996,2199,2247,189,2996,5,165,121,86,0.062100988,0.102206514,-0.215139449
Ethiopia,Oromia,Mixed_Landscape,37.19910117,-4.45595822,2021,3.599605083,410,526,849.5,1482,1767,1949.5,2105.5,2159,2357.5,2377,3703,3150.5,80,910,5,150.5,87,55.5,0.185937926,0.23814549,-0.435266733
Ethiopia,Oromia,Mixed_Landscape,36.86968895,2.374112549,2021,3.599605083,754,674,828.5,1056,1230,1403.5,1435,1414,1621.5,2147,2187,1828,179,2415,5,108,85,69,0.144939274,0.331973294,-0.261092544
Ethiopia,Oromia,Mixed_Landscape,38.11071152,-3.703978495,2021,1.171597004,641.5,822.5,1086,1642,1916.5,2060,2249,2482,2552,2603,3900,3056.5,181,2024,5,167,110.5,84.5,0.203685746,0.340563552,-0.391255617
Ethiopia,Oromia,Mixed_Landscape,35.08554497,3.579471997,2021,4.210343838,756,933,1266,1612,1872,2235,2365,2370,2509,2520,2773,2417,185,2819,5,163,129,93,0.190356597,0.375582202,-0.303630352
Ethiopia,Oromia,Mixed_Landscape,36.79683558,1.73181712,2021,1.11609304,512,645,861,1072,1460,1790,1932,1996,2151,2193,2836,2260,164,2040,5,109,88,66,0.301173389,0.643185299,-0.397269875
Ethiopia,Oromia,Mixed_Landscape,37.40813913,1.304668203,2021,7.433351994,439,587,876.5,1198,1482.5,1935.5,2192,2229,2408.5,2324.5,3010.5,2259,179,2443,5,121,89.5,61,0.300846219,0.513906889,-0.435517639
Ethiopia,Oromia,Mixed_Landscape,38.84544359,2.710531623,2021,3.335450888,529.5,615,847.5,1259,1528,1675,1843.5,1873,2045,2076.5,2500,1961,190,2725,5,128,87,63,0.196040869,0.31876233,-0.376952767
Ethiopia,Oromia,Mixed_Landscape,35.38773823,3.177565739,2021,1.061925054,692,1128,1746,2767,3082,3249,3412,3442,3453,2984,4622,4472,188,3210,5,254,178,115,0.108713157,0.145662495,-0.326908261
Ethiopia,Oromia,Mixed_Landscape,39.95198836,0.92423168,2021,2.902590036,506.5,633.5,900,1719,2077,2233.5,2398.5,2367,2501,2483.5,4278.5,3509.5,198,2642,5,175.5,91.5,66,0.158590302,0.204268197,-0.449035823
Ethiopia,Oromia,Mixed_Landscape,38.1978481,-1.338355026,2021,0.870712996,553,639,865,1214,1446,1621,1813,1958,2106,2109,3059,2207,185,2319,5,124,88,65,0.234552339,0.41793057,-0.387176752
Ethiopia,Oromia,Mixed_Landscape,41.10470653,4.275756174,2021,3.722954988,700,1086,1656,2492,2502,2677,2866,3182,3126,2875,4343,3601,189,2812,5,255,169,109,0.121607333,0.172672673,-0.315419585
Ethiopia,Oromia,Mixed_Landscape,41.28859167,4.428829098,2021,10.69278526,721,894,1202,1648,1902,2039,2246,2284,2514,2541,3775,2936,183,2556,5,168,123,92,0.16174975,0.290782736,-0.310384393
Ethiopia,Oromia,Mixed_Landscape,38.45970701,3.485867544,2021,7.966506004,911.5,1077,1262,1530,1767.5,1933.5,2104.5,2138,2329.5,2270,2768,2388,185,2571.5,5,156,128.5,109,0.165757909,0.46891871,-0.257647067
Ethiopia,Oromia,Mixed_Landscape,36.89538077,2.428011466,2021,2.581844091,858,1098,1463,1896,2239.5,2290.5,2413,2369,2550.5,2584.5,3361,3219.5,183,2625.5,5,193,149,112,0.110902697,0.214570858,-0.236430064
Ethiopia,Oromia,Mixed_Landscape,40.08242374,2.738828554,2021,3.454289913,443,574,775,1596,1938,2108,2238,2232,2426,2440,3923,3341,190,2657,5,161,79,58,0.166144207,0.211886994,-0.484536082
Ethiopia,Oromia,Mixed_Landscape,37.22928456,2.641810503,2021,0.919861972,733,962.5,1369,2144,2514,2597.5,2738,2689,2917,2911,4197,3868,190,2933.5,5,218.5,139.5,98,0.1127664,0.163462404,-0.325283378
Ethiopia,Oromia,Mixed_Landscape,40.5521528,3.241435955,2021,8.743260384,575,678,969,1550,1926,2157,2355,2302,2566,2682,3733,2906,185,2619,5,157,99,68,0.195223257,0.288432034,-0.407520622
Ethiopia,Oromia,Mixed_Landscape,40.41039865,3.93816929,2021,7.822563171,436,494,692,1410,1636,1839,2006,2018,2102,2165,3456,2806,178,2477,5,143,71,51,0.177362889,0.224387363,-0.48929888
Ethiopia,Oromia,Mixed_Landscape,35.33976819,2.951100456,2021,0.479716986,820,1062,1532,2270,2495,2685,2867,2814,3001,3078,3819,3582,187,2984,5,231,156,108,0.107002363,0.160566706,-0.294983894
Ethiopia,Oromia,Mixed_Landscape,35.08644328,2.860550275,2021,1.061925054,1145,1312,1784,2260,2501,2501,2605,2526,2623,2445,3247,3273,184,2925,5,231,182,134,0.055578772,0.106451097,-0.172157779
Ethiopia,Oromia,Mixed_Landscape,38.50614991,0.184648707,2021,1.887864947,712,1556,2170,2850,2872,2884,3018,3430,3272,2773,4257,3743,193,2850,5,255,222,158,0.092356689,0.163638416,-0.224999994
Ethiopia,Oromia,Mixed_Landscape,35.49499707,4.18089408,2021,10.73456192,665.5,883,1279,1723,2126.5,2408,2583.5,2377,2571,2447.5,2789,2288.5,180,2796.5,5,175.5,130.5,91,0.159512192,0.2683187,-0.300328225
Ethiopia,Oromia,Mixed_Landscape,40.08610683,2.868724944,2021,1.228435993,643,850,1230,2150,2615,2705,2972,2898,3207,3078,4771,4071,189,2631,5,222,127,87,0.14817749,0.198429542,-0.404069781
Ethiopia,Oromia,Mixed_Landscape,41.5191892,0.369072834,2021,1.022176981,1163,1600,2108,2868,2939,3110,3294,3548,3547,3598,5016,4645,202,3025,5,255,215,163,0.105985038,0.19413041,-0.254596889
Ethiopia,Oromia,Mixed_Landscape,35.10818251,4.145141131,2021,0.787926972,775.5,912,1255,1667,2065.5,2209,2291.5,2176,2420,2479,2625,2465.5,189,3047,5,169.5,127,93,0.132448614,0.238340513,-0.268434852
Ethiopia,Oromia,Mixed_Landscape,39.33313896,1.704059178,2021,1.022176981,720.5,836.5,1267,2207,2501.5,2549.5,2706.5,2655,2800,2798.5,3890.5,3513,196,2817,5,224,129.5,84.5,0.092143148,0.116372704,-0.353901058
Ethiopia,Oromia,Mixed_Landscape,36.24221573,2.58755226,2021,1.061925054,924,1298,1774,2430,2679,2720,2804,2718,2862,2800,3537,3482,190,2980,5,247,181,132,0.055944055,0.095187731,-0.210151374
Ethiopia,Oromia,Mixed_Landscape,37.66523697,1.221843534,2021,4.896554947,512,656.5,935.5,1517.5,1736.5,1881,2041.5,2050,2265.5,2246.5,3346.5,2775,183,2402.5,5,155.5,95,66,0.149264187,0.213606643,-0.373304307
Ethiopia,Oromia,Mixed_Landscape,38.4366203,0.621679092,2021,1.564893007,449,558,927,2206,2401,2555,2658,2734,2737,2873,4186,3639,187,2638,5,226,94,57,0.106882595,0.111997285,-0.493580997
Ethiopia,Oromia,Mixed_Landscape,39.64835779,3.180530179,2021,1.817379951,581,698,1064,2104,2572,2696,2840,2592,2859,2837,4084,3476,183,2648,5,214,109,71,0.103918225,0.122219996,-0.41794312
Ethiopia,Oromia,Mixed_Landscape,41.05053812,2.947776689,2021,2.858752966,509,586,857,1652,1922,2069,2244,2244,2406,2456,3958,3205,125,2716,5,170,88,61,0.151950717,0.190672507,-0.447275072
Ethiopia,Oromia,Mixed_Landscape,37.91793306,2.890284511,2021,1.022176981,488.5,534.5,694,1020,1168.5,1190.5,1278,1289,1398.5,1446.5,1999,1768,190,2851,5,103,71,55.5,0.116500653,0.197721426,-0.300050437
Ethiopia,Oromia,Mixed_Landscape,35.66280237,4.251232166,2021,0.870712996,605,808,1030.5,1270,1384,1425.5,1503.5,1574,1538.5,1428.5,1647.5,1405.5,187,2918,7,128.5,105.5,82.5,0.106891699,0.242424242,-0.208677292
Ethiopia,Oromia,Mixed_Landscape,38.95494822,0.861259779,2021,1.022176981,1081,1208,1678,2580,2948,3042,3239,3138,3476,3347,4955,4333,194,2839,5,255,171,122,0.097586572,0.145935767,-0.303156137
Ethiopia,Oromia,Mixed_Landscape,40.06679305,3.949488062,2021,8.517724037,495,610,802,1438,1860,2114,2256,2206,2428,2389,3610,3022,181,2815,5,144,81,62,0.210757405,0.306709265,-0.466755331
Ethiopia,Oromia,Mixed_Landscape,35.38486362,3.422087159,2021,5.48215723,943,1040,1498,1946,2659,2815,2952,2850,3073,3083,3937,3586,186,2969,5,198,153,105,0.188490406,0.335959566,-0.310947567
Ethiopia,Oromia,Mixed_Landscape,36.76844882,1.918846363,2021,5.603175163,600,878,1220,1500,1793,2265,2474,2489,2660,2490.5,3073.5,2493,157,2072,5,153,124.5,90,0.247931808,0.504077472,-0.342140734
Ethiopia,Oromia,Mixed_Landscape,35.46472385,-2.295689624,2021,16.47591019,377.5,651,852,1056.5,1338,2037,2289,2380,2637,2557.5,2784.5,1977.5,147,1595.5,5,107.5,87.5,66,0.385130227,0.862214984,-0.47277227
Ethiopia,Oromia,Mixed_Landscape,35.47235953,3.576507556,2021,1.271942019,631,814,1136,1500,1693,1816,1847,1782,1872,1871,1904,1615,187,3062,5,152,116,82,0.085923217,0.15070543,-0.22138451
Ethiopia,Oromia,Mixed_Landscape,39.03426946,-2.404026448,2021,1.391625047,916,1082,1568,2250,2665.5,2855.5,3067,3139,3357.5,3536,4718.5,4020.5,196,2868,5,229,159.5,112,0.164965674,0.260703812,-0.333758235
Ethiopia,Oromia,Mixed_Landscape,41.13578824,3.748445102,2021,0.624369025,970,1144,1610,2330,2403,2576,2873,3084,3197,3799,4312,3399,192,2555,5,238,166,117,0.139268562,0.222156747,-0.314017892
Ethiopia,Oromia,Mixed_Landscape,35.49903949,-2.962778554,2021,0.273898005,333,426.5,603,678,1155,1796,2006,1928,2243.5,2003.5,1965.5,1422.5,183,2001.5,5,69.5,62.5,43,0.479662329,1.116769409,-0.523508489
Ethiopia,Oromia,Mixed_Landscape,38.54890971,0.4122818,2021,2.602649927,843,1004,1300,1648,1871,1962,2116,2104,2289,2310,2934,2493,189,2752,5,167,133,103,0.121535182,0.255433565,-0.236192718
Ethiopia,Oromia,Mixed_Landscape,41.86575924,0.013160319,2021,9.95438385,748.5,821.5,1014,1153,1560,1884.5,2098.5,2239,2473,2468,3406.5,2588.5,263,2956,5,118.5,104,84,0.320165098,0.90598148,-0.37657547
Ethiopia,Oromia,Mixed_Landscape,35.03820375,3.905111287,2021,1.564893007,596,795.5,1087,1480,1708.5,1878,1964,1894,1975,1849,1989,1836,187,2925,5,151,111,81.5,0.122703023,0.215232649,-0.270714521
Ethiopia,Oromia,Mixed_Landscape,41.50885858,-0.014148466,2021,0.377636999,1006,1387,1728,2119,2291.5,2501,2810.5,2990,3162,3079.5,3940.5,3286,204,2946,5,216,176,141.5,0.170483455,0.410655351,-0.267486215
Ethiopia,Oromia,Mixed_Landscape,35.03703594,2.640283367,2021,0.410315007,645.5,790,1141,1536,1984,2103,2221,2084,2325.5,2381.5,3642.5,3677.5,175,2517,5,156,116.5,81,0.151381209,0.25483631,-0.292403102
Ethiopia,Oromia,Mixed_Landscape,37.41766128,1.195253401,2021,46.805408,464,557.5,715,963.5,1238,1635,1828.5,1930,2132,2102,2370,1650,175,2307.5,5,97.5,73,57,0.334024549,0.684344686,-0.459357291
Ethiopia,Oromia,Mixed_Landscape,35.02230357,-2.557189204,2021,1.11609304,500,629,831,981,1354,1936,2174,2240,2471,2503,2828,1881,154,1574,5,100,85,64,0.390872389,0.923155888,-0.458808213
Ethiopia,Oromia,Mixed_Landscape,38.78381916,-0.257951234,2021,4.316711903,798,984.5,1301,1689,2043.5,2168.5,2338,2351,2546,2457,3720,3193,184.5,2722,5,172.5,132.5,100.5,0.163861379,0.324366701,-0.287513703
Ethiopia,Oromia,Mixed_Landscape,36.55500911,-2.790122357,2021,11.41381168,826,789,1007,1178,1400,1512,1660,1788,1879,1953,2649,2203,107,1467,5,120,103,81,0.205664188,0.518795714,-0.279427558
Ethiopia,Oromia,Mixed_Landscape,38.58241687,-0.92890292,2021,6.651022911,623.5,766,1073,1685,1843.5,1998.5,2199.5,2398,2502.5,2262,3795.5,3071.5,189,2438.5,5,171.5,109.5,78.5,0.174626499,0.263527499,-0.381734371
Ethiopia,Oromia,Mixed_Landscape,37.91218384,2.344737639,2021,13.20065403,642.5,718,902.5,1153,1399.5,1578,1697,1682,1816.5,1981,1834.5,1434,172,2453.5,5,118,92.5,73,0.186596125,0.411225124,-0.301605731
Ethiopia,Oromia,Mixed_Landscape,39.57011453,1.659951898,2021,1.331117034,702.5,904,1444,2447,2827.5,2923.5,3081,3047,3262.5,3248,4390.5,3855,196,2891,5,250,147.5,93,0.109210044,0.136986301,-0.356936097
Ethiopia,Oromia,Mixed_Landscape,39.8255954,1.053050092,2021,1.391625047,588,706.5,993.5,1914,2350.5,2532.5,2683,2658,2842.5,2839,4592.5,3665.5,197,2643.5,5,195,102,71,0.162729666,0.210306131,-0.455840051
Ethiopia,Oromia,Mixed_Landscape,37.72434611,-4.724374826,2021,6.036953926,475.5,552.5,746,1115,1433.5,1663.5,1836.5,2070,2129.5,2079.5,2926.5,2192,119.5,1615,5,113.5,76.5,56.5,0.299843013,0.517082679,-0.470170468
Ethiopia,Oromia,Mixed_Landscape,38.44533396,0.020706167,2021,10.402565,472,678,963,1644,1695,1820,1993,2264,2144,2074,3128,2534,191,2737,5,168,98,70,0.158648923,0.220045429,-0.40316084
Ethiopia,Oromia,Mixed_Landscape,35.02463919,3.13238048,2021,411.34259,527,528,656,369,770,2249,2911,3194,2910,2987,1365,678,129,1924,4,38,67,51,0.792871177,4.87405107,-0.659220755
Ethiopia,Oromia,Mixed_Landscape,35.1981937,-2.602554125,2021,2.499444962,716,941,1244,1578,1832,2074,2212,2216,2419,2355,2671,2401,152,1586,5,161,127,96,0.16816026,0.344678552,-0.280924857
Ethiopia,Oromia,Mixed_Landscape,35.00694238,-2.072997265,2021,8.630131721,450.5,655,917,1030.5,1412,2123.5,2335.5,2420,2572.5,2624,2612.5,1620.5,157,1800.5,5,105,94,67,0.402695268,0.941013138,-0.450404555
Ethiopia,Oromia,Mixed_Landscape,41.25212007,2.804854727,2021,2.540478945,469,542,827,1514,1996,2208,2369,2210,2541,2591,3969,3212,132,2816,5,154,84,52,0.186895818,0.2406639,-0.455383599
Ethiopia,Oromia,Mixed_Landscape,38.9545889,-2.751315136,2021,1.171597004,765,888,1201,2004,2327.5,2449.5,2611,2656,2910.5,2848.5,4594,3700.5,196,2704,5,203.5,122.5,91,0.13991417,0.203216557,-0.377236187
Ethiopia,Oromia,Mixed_Landscape,39.88874696,1.446602018,2021,1.228435993,474,614.5,948,2022,2443,2556.5,2731.5,2708,2878,2849.5,5029,4652,197,2787.5,5,206,96.5,62,0.145031705,0.16760732,-0.48140043
Ethiopia,Oromia,Mixed_Landscape,38.45081368,0.90132464,2021,1.376373053,924,1092,1554,2236,2537,2595,2784,2706,2962,3016,3863,3433,193,2636,5,228,160,110,0.095103197,0.148115467,-0.270422548
Ethiopia,Oromia,Mixed_Landscape,36.0643493,1.93923812,2021,5.603175163,609,742,966,1242,1415,1500,1593,1518,1605,1619,1922,1743,187,2741,5,127,99,76,0.100000001,0.202583676,-0.222222224
Ethiopia,Oromia,Mixed_Landscape,35.47577313,-3.564649795,2021,12.15775681,721,734,1012,1208,1803,2334,2502,2460,2737,2753,3477,3151,184,1672,5,123,103,75,0.341330439,0.74452902,-0.417050689
Ethiopia,Oromia,Mixed_Landscape,38.44937638,0.857936012,2021,148.047928,393,344,651,454,1085,2358,2718,2736,2939,2761,1872,1060,193,2907,4,48,68,36,0.715360522,1.980215203,-0.615589023
Ethiopia,Oromia,Mixed_Landscape,41.96744853,0.321282461,2021,9.95438385,853.5,985,1252,1481,1927.5,2221.5,2416.5,2504,2695,2772,3376,2674,257,3020,5,150.5,128,101,0.256712675,0.638816036,-0.333333343
Ethiopia,Oromia,Mixed_Landscape,41.81626207,1.704238841,2021,5.694789886,595.5,703,927.5,1207,1668.5,2138.5,2369,2446,2660,2668,3417.5,2411,239,2886.5,5,123.5,95,72.5,0.339173287,0.701347221,-0.450125992
Ethiopia,Oromia,Mixed_Landscape,39.58098414,1.924056591,2021,1.11609304,679,926,1366,2406,2752,2833,2985,2962,3145,3154,4570,4097,195,2861,5,245,139,95,0.10357675,0.132963459,-0.368761539
Ethiopia,Oromia,Mixed_Landscape,35.1055774,-4.7804297,2021,1.817379951,616,776,1057,1567,1811.5,2039.5,2241.5,2336,2510.5,2521,3531,2682.5,128.5,1387,5,160,108,79.5,0.197027922,0.324801487,-0.376952559
Ethiopia,Oromia,Mixed_Landscape,40.20109118,4.772704189,2021,14.09364319,602.5,765,940.5,1216,1491,1806,2045.5,2163,2354,2356,3089.5,2142.5,110.5,2464,5,124,96,77,0.280260444,0.635997314,-0.39391011
Ethiopia,Oromia,Mixed_Landscape,39.24034299,3.064917002,2021,3.081229925,412,543,779.5,1275,1570,1704.5,1885,1948,2125.5,2107,3012.5,2451,189.5,2659.5,5,130,80,55.5,0.208811671,0.304442233,-0.428414285
Ethiopia,Oromia,Mixed_Landscape,37.95727927,2.886870913,2021,0.834730983,602.5,658,881.5,1293,1490.5,1498,1588.5,1539,1706,1808,2254.5,1994,189,2807,5,131.5,89.5,67,0.086864404,0.140958056,-0.271638095
Ethiopia,Oromia,Mixed_Landscape,41.55125906,4.962518208,2021,3.359055042,751,1289,1782,2635,2689.5,2801,3046,3374.5,3356.5,3098,4824,4013,191,3122,5,255,181,130.5,0.12305516,0.194237235,-0.30883351
Ethiopia,Oromia,Mixed_Landscape,41.27242199,2.880133548,2021,2.240773916,490,610,886,1654,2008,2210,2345,2373,2626,2654,4036,3375,126,2841,5,168,91,64,0.178544819,0.232746342,-0.456274927
Ethiopia,Oromia,Mixed_Landscape,37.94578083,2.780779878,2021,0.787926972,516,686,983,1554,1556,1611.5,1718,1838,1849.5,1860.5,2390,2115.5,189,2822.5,5,158.5,100.5,69.5,0.083726414,0.117979395,-0.303084016
Ethiopia,Oromia,Mixed_Landscape,37.49114347,-2.730474222,2021,1.171597004,422,493,694,922,1071,1132,1180,1118,1227,1267,1328,1330,153,1880,7,94,71,50,0.096078433,0.165904859,-0.233995587
Ethiopia,Oromia,Mixed_Landscape,35.20178697,4.238206595,2021,0.834730983,701.5,926,1208,1548,1726,1834.5,1973.5,2029,2139.5,2110.5,2511.5,2245.5,189,2913,5,158.5,123,94,0.134470224,0.274982849,-0.253629893
Ethiopia,Oromia,Mixed_Landscape,41.35803144,3.610733369,2021,1.817379951,465.5,576,873,1814,2312.5,2467,2632.5,2572,2816.5,2837.5,4204.5,3623.5,154,2790,5,184.5,89.5,58.5,0.172822624,0.20739849,-0.493178517
Ethiopia,Oromia,Mixed_Landscape,39.3825463,2.504368265,2021,0.870712996,588,708,1108,1832,2173,2349,2472,2476,2649,2635,3521,2901,191,2893,5,187,113,72,0.149489328,0.197328104,-0.381696433
Ethiopia,Oromia,Mixed_Landscape,36.24302421,-4.76336171,2021,3.624110937,492,558,695,970,1201,1555,1654,1734,2050,1960,2905,2131,119,1689,5,97,71,60,0.282544374,0.566765579,-0.427748054
Ethiopia,Oromia,Mixed_Landscape,38.27285743,-0.529152618,2021,13.71418285,527,545,862,1128,1566,1945,2137,2236,2414,2496,3264,2564,180,2290,5,115,88,56,0.329369783,0.563294357,-0.443511933
Ethiopia,Oromia,Mixed_Landscape,40.01082801,4.620439748,2021,6.519321918,498,708,978.5,1281,1705.5,2139.5,2378,2503,2733,2538.5,3327,2521,108,2459,5,131,100,71.5,0.322938681,0.62602459,-0.43788597
Ethiopia,Oromia,Mixed_Landscape,36.48943209,-3.539317304,2021,0.882875025,707.5,837.5,1023,1369,1480.5,1572.5,1719.5,1840,1930,1947.5,2573,2207.5,74.5,950,5,139.5,105.5,86,0.146774694,0.312023849,-0.285365015
Ethiopia,Oromia,Mixed_Landscape,35.04925303,3.381842634,2021,19.706699,573,744,1062,1456,1793,1993,2141,2116,2204,2295,2728,2423,183,2814,5,148,107,77,0.184770435,0.312914849,-0.331655115
Ethiopia,Oromia,Mixed_Landscape,40.59769738,2.766766159,2021,1.748222947,458,552,797,1180,1601,2049,2337,2336,2585,2646,3318,2362,192,2649,5,119,81,56,0.328782707,0.547659655,-0.491222471
Ethiopia,Oromia,Mixed_Landscape,37.6074753,2.570663933,2021,1.11609304,957.5,1249,1880,2974,3292,3394.5,3535.5,3571,3758.5,3836,4736,4499,192,3049,5,255,192,126.5,0.091214664,0.123874341,-0.310218304
Ethiopia,Oromia,Mixed_Landscape,37.83016766,0.818679634,2021,1.11609304,490,611,936,1796,2157,2368,2514,2532,2659,2726,3875,3220,181,2211,5,185,95,64,0.170055449,0.210852003,-0.460207611
Ethiopia,Oromia,Mixed_Landscape,37.14358528,2.34482747,2021,0.834730983,836.5,1023.5,1596,2337,2810,3003,3151.5,3140,3318,3338.5,4340.5,3999.5,187,2745,5,237.5,162.5,104.5,0.146613106,0.211610931,-0.326013505
Ethiopia,Oromia,Mixed_Landscape,40.06194215,2.806022537,2021,1.331117034,450,551,856,2077,2435,2555,2742,2690,2897,2770,4502,4101,189,2621,5,210,88,62,0.128592402,0.139059026,-0.517202497
Ethiopia,Oromia,Mixed_Landscape,36.24571916,1.900790225,2021,1.061925054,515,636,825,1072,1200,1262,1348,1300,1424,1433,1625,1457,186,2734,7,109,84,65,0.096121415,0.192372595,-0.223529413
Ethiopia,Oromia,Mixed_Landscape,38.11798787,0.835657793,2022,2.686698914,857,1052,1490,2176,2574,2659,2794,2758,3006,2836,4307,3700,158,2511,5,223,153,108,0.117957033,0.183596215,-0.298493415
Ethiopia,Oromia,Mixed_Landscape,36.74284684,0.632818202,2022,2.665563107,742.5,841,1207,1661,1872.5,1970,2137,2326,2339,2380,3834,3323,112,1371.5,5,169.5,123.5,87.5,0.16679208,0.277754574,-0.316727996
Ethiopia,Oromia,Mixed_Landscape,36.68185123,2.226160021,2022,19.25976753,833.5,913.5,1205,1473,1718.5,1974.5,2086.5,2029,2147,2185.5,2273.5,1930,131.5,2659,5,150,123,94,0.158766419,0.346050912,-0.254792839
Ethiopia,Oromia,Mixed_Landscape,36.78102523,0.208274399,2022,1.214100957,548,646,810.5,1041,1259.5,1473.5,1650.5,1738,1880,1860.5,2695.5,2226.5,111,1450.5,5,106.5,83,66.5,0.25080964,0.554936306,-0.363939583
Ethiopia,Oromia,Mixed_Landscape,35.82449912,-1.197229695,2022,4.671423912,568,787,1195,1802,1984.5,2126.5,2286.5,2349,2458,2550,3360,3143,114.5,1400.5,5,183.5,122,80.5,0.131775469,0.188373855,-0.32562077
Ethiopia,Oromia,Mixed_Landscape,38.52339756,0.901863629,2022,1.817379951,655,792,1195,1841,2360,2452.5,2673.5,2649,2917,2899.5,4117,3481.5,171,2591.5,5,187.5,123,82,0.179955453,0.260443528,-0.378251821
Ethiopia,Oromia,Mixed_Landscape,36.71338209,0.831256048,2022,4.157649994,603,720,1114,1734,1964,2243,2379,2304,2499,2768,3962,3331,120,1571,5,178,114,74,0.141158983,0.194965112,-0.34815681
Ethiopia,Oromia,Mixed_Landscape,36.55950069,3.374476449,2022,1.271942019,711.5,937,1213,1699,1869.5,1861.5,1896.5,1788,1880,1718.5,1970,1829,118,2761.5,5,173.5,124,95,0.025523372,0.044899606,-0.191602796
Ethiopia,Oromia,Mixed_Landscape,36.68373769,0.168119705,2022,2.665563107,594,698,892,1112,1319.5,1617.5,1820.5,1950,2066.5,2098.5,3191,2561.5,110,1416,5,113.5,91,73,0.273677349,0.618358914,-0.372273058
Ethiopia,Oromia,Mixed_Landscape,36.84741073,3.294885715,2022,0.834730983,783,949,1194,1500,1635,1606,1629,1568,1611,1621,1760,1601,135,3052,5,153,122,97,0.022164276,0.049253948,-0.135409117
Ethiopia,Oromia,Mixed_Landscape,39.03849154,2.079105809,2022,2.750601053,709,888.5,1311,2067,2351,2411.5,2537,2475,2700.5,2619.5,3628.5,3337.5,148,3006.5,5,210.5,133.5,90.5,0.089828268,0.124174453,-0.307448506
Ethiopia,Oromia,Mixed_Landscape,36.76907764,2.969785414,2022,5.422132969,399,436,569,973,1099,1126,1200,1176,1269,1271,1858,1618,137,2673,5,99,58,45,0.094462544,0.135514019,-0.347851008
Ethiopia,Oromia,Mixed_Landscape,39.15266742,1.433576446,2022,1.228435993,1143,1404,1942,2722,3203,3272,3454,3404,3610,3570,4238,3899,122,3120,5,255,198,143,0.111328766,0.185185185,-0.273475498
Ethiopia,Oromia,Mixed_Landscape,36.96419172,0.293165193,2022,1.022176981,620,720,1062,1261,1894.5,2692,2989.5,3067,3213,3064.5,3691,2693,113,1700,5,128.5,109.5,74.5,0.41728282,0.862628964,-0.485589743
Ethiopia,Oromia,Mixed_Landscape,36.99590225,3.116749794,2022,1.11609304,632,762,1002,1338,1459,1445,1493,1412,1485,1476,1782,1695,141,2851,5,136,102,78,0.026909091,0.0496511,-0.169842586
Ethiopia,Oromia,Mixed_Landscape,36.69864972,2.632737519,2022,5.787136078,584,688.5,900,1164,1277.5,1256,1285.5,1214,1281.5,1287.5,1348.5,1249.5,145,2874,5,119,92,70.5,0.021026073,0.041182769,-0.148533583
Ethiopia,Oromia,Mixed_Landscape,38.94677355,1.651417903,2022,0.970350027,662,800,1176,2032,2282,2343,2491,2466,2596,2630,3189,2831,159,2750,5,208,120,82,0.096487328,0.125303153,-0.354200989
Ethiopia,Oromia,Mixed_Landscape,37.90679395,3.335399734,2023,1.228435993,699,847,1122,1516,2074,2604,2935,2688,3254,3230,2872,1836,140,2574,5,154,114,85,0.278782099,0.539346526,-0.411023617
Ethiopia,Oromia,Mixed_Landscape,36.35522379,1.078562246,2023,4.925063133,505.5,568,792.5,1105,1441,1576.5,1670,1573,1740.5,1798,1845,1801,134.5,2460,5,112.5,81,58.5,0.174757287,0.296653144,-0.329951376
Ethiopia,Oromia,Mixed_Landscape,36.70781254,1.208368804,2023,166.576859,277.5,314.5,553,336.5,872.5,2288.5,2708,2673,2951,2748,1551,760.5,92,1345,4,35.5,56.5,33.5,0.776374817,2.502409768,-0.65716058
Ethiopia,Oromia,Mixed_Landscape,39.08277849,0.722200573,2023,0.970350027,1146,1470,2100,3208,3822,4012,4300,4244,4742,4811,5328,3918,127,2954,5,255,214,150,0.13902308,0.207731793,-0.337957114
Ethiopia,Oromia,Mixed_Landscape,37.89304973,3.247724162,2023,1.171597004,515,679,940,1370,1693,1892,2083,2080,2336,2579,2553,1836,136,2545,5,141,96,68,0.205797106,0.340789095,-0.377483457
Ethiopia,Oromia,Mixed_Landscape,35.6777144,4.994049075,2023,4.001527786,650,794,1038,1372,1655,1741,1962,1896,2090,2115,2734,2288,195,3206,5,141,106,82,0.160342723,0.313847628,-0.29243353
Ethiopia,Oromia,Mixed_Landscape,36.76916747,3.164540167,2023,1.061925054,760,973,1306,1880,2296,2312,2465,2232,2613,2522,2792,2413,153,3123,5,192,133,99,0.08560311,0.14158153,-0.261729777
Ethiopia,Oromia,Mixed_Landscape,38.57882361,1.460975062,2023,0.919861972,755,1046,1530,2376,2799,2906,3163,3200,3478,3456,4249,3279,184,3020,5,243,156,107,0.147776186,0.214315439,-0.35306555
Ethiopia,Oromia,Mixed_Landscape,36.74374515,4.903409063,2023,5.039907932,776,835,1124,1466,1934,2192,2404,2364,2606,2556,3214,2713,195,2726,5,149,116,86,0.23446475,0.458303562,-0.355504572
Ethiopia,Oromia,Mixed_Landscape,41.78553968,4.184487341,2023,5.694789886,766,954,1488,2488,2928.5,3039.5,3239,3226,3496.5,3527.5,4611.5,3617,177,2862.5,5,253.5,151.5,99,0.129156455,0.167727273,-0.368689001
Ethiopia,Oromia,Mixed_Landscape,35.17070526,-4.209999495,2023,1.11609304,748,1176,1682,2424,2269,2629,2844,3176,3091,3038,3948,3138,96,1504,5,247,171,120,0.134285718,0.211212223,-0.307533979
Ethiopia,Oromia,Mixed_Landscape,35.64250044,3.637682827,2023,2.014405012,720,898,1235,1653,1782,1804.5,1879,1887,1867.5,1842.5,1978,1611.5,160,3030.5,5,168,127,95,0.066101693,0.115361862,-0.208840489
Ethiopia,Oromia,Mixed_Landscape,38.2941475,-0.892251656,2023,84.804298,412,528,697,1016,1391,1742,1976,2062,2285,2197,2683,1775,102,2412,5,104,71,54,0.339831054,0.622767326,-0.49474448
Ethiopia,Oromia,Mixed_Landscape,35.72074371,-0.162100993,2023,10.75394917,289,452,775,794,1274,2473,2860,3000,3061,3162,2261,1508,85,996,4,81,79,46,0.581444383,1.260571429,-0.589403987
Ethiopia,Oromia,Mixed_Landscape,36.72263474,4.740275007,2023,0.834730983,927,1168,1616,2098,2417,2505,2596,2566,2679,2703,3426,3221,187,2657,5,214,163,117,0.100343056,0.182955434,-0.22716403
Ethiopia,Oromia,Mixed_Landscape,35.14303715,-1.621504004,2023,1.630395055,531,766,1028,1114,1652,2269,2641,2712,2967,2987,3364,2282,107,1820,5,114,105,78,0.417668581,1.093921139,-0.450267375
Ethiopia,Oromia,Mixed_Landscape,38.38164341,1.755173318,2023,2.014405012,860,1092,1574,2396,3022,3192,3329,3224,3619,3666,4594,3983,188,2998,5,245,160,112,0.147330955,0.219955371,-0.34389329
Ethiopia,Oromia,Mixed_Landscape,38.58852542,1.213489202,2023,1.022176981,1344,1754,2372,3284,3436,3511,3749,3884,4011,4105,4685,4020,177,2871,5,255,241,179,0.083705358,0.143760782,-0.241687983
Ethiopia,Oromia,Mixed_Landscape,36.84741073,3.294885715,2023,0.919861972,780,982,1260,1564,1759,1800,1849,1780,1835,1718,1905,1692,159,3445,5,159,129,100,0.0645933,0.142105263,-0.171052635
Ethiopia,Oromia,Mixed_Landscape,38.59113053,-1.370784208,2023,18.65332985,518,594,769,1012,1340,1582,1805,1996,2131,2151,2936,2047,129,2428,5,103,79,61,0.327127665,0.68068622,-0.443761289
Ethiopia,Oromia,Mixed_Landscape,39.97561405,3.409061587,2023,4.397345066,1155.5,1249,1527,2218,2549,2867.5,3114.5,3267,3419.5,3306,4330,3155.5,141.5,2462.5,5,224.5,156,130.5,0.191248864,0.363806617,-0.362953693
Ethiopia,Oromia,Mixed_Landscape,37.22928456,1.991969227,2023,1.061925054,572,702,1078,1848,2170,2232,2340,2246,2437,2521,3279,2910,176,2696,5,188,110,73,0.097215436,0.123296159,-0.351383865
Ethiopia,Oromia,Mixed_Landscape,37.8029487,1.60775978,2023,0.919861972,953.5,1215,1773,2654,3116.5,3178,3323.5,3260,3519,3542.5,4102,3620.5,212.5,2874,5,255,180,122,0.102468722,0.150409531,-0.295450032
Ethiopia,Oromia,Mixed_Landscape,35.86294701,2.555392573,2023,3.26513195,684.5,777,998.5,1381,1578.5,1640.5,1729.5,1671,1800,1761,2029,1882.5,135,2716,5,140,102.5,78.5,0.095019661,0.175523544,-0.251919836
Ethiopia,Oromia,Mixed_Landscape,36.85235147,-2.387048289,2023,1.391625047,566,702,1096,1956,2262,2344,2546,2504,2727,2705,3706,3267,78,1761,5,198,112,73,0.122869954,0.152629234,-0.391111106
Ethiopia,Oromia,Mixed_Landscape,35.02463919,3.13238048,2023,360.135712,350.5,357.5,517.5,358.5,764,2049.5,2510.5,2509,2622.5,2555.5,1278.5,670.5,101.5,1947.5,4,36.5,53.5,35.5,0.749956429,2.715620659,-0.658020794
Ethiopia,Oromia,Mixed_Landscape,37.66299118,1.91219883,2023,4.001527786,500,561,721,931,1158.5,1251,1392,1393,1514,1906,1840.5,1515.5,188.5,2508,5,95,73.5,58,0.198795184,0.416591524,-0.317880809
Ethiopia,Oromia,Mixed_Landscape,37.88065297,-3.847169952,2023,13.01627922,495,483,698,1122,1398,1711,1930,2000,2117,2049,3048,2363,137,2270,5,114,70,53,0.281229973,0.429507876,-0.482579678
Ethiopia,Oromia,Mixed_Landscape,35.86052156,-2.71511303,2023,10.73456192,969,1128,1476,1960,2383,2475,2662,2546,2833,2795,2945,2259,81,2076,5,199,150,115,0.130048826,0.250555841,-0.266036808
Ethiopia,Oromia,Mixed_Landscape,36.33016079,1.883812067,2023,2.378324032,620,766,966,1200,1363,1350,1385,1272,1394,1340,1653,1665,135,2714,5,122,99,79,0.029126214,0.065982405,-0.136729226
Ethiopia,Oromia,Mixed_Landscape,36.84318865,3.933228556,2023,1.331117034,529.5,641,877,1188,1563.5,1653.5,1816,1820,2010.5,2102,2241.5,1598.5,123,2430.5,5,121,89,65.5,0.210106388,0.381504286,-0.34964776
Ethiopia,Oromia,Mixed_Landscape,38.03067163,3.13651273,2023,0.970350027,714,999,1446,2212,2484,2566,2679,2744,2823,2997,2853,2166,138,2700,5,226,147,102,0.107344635,0.156020881,-0.309785217
Ethiopia,Oromia,Mixed_Landscape,37.25641368,0.890544857,2023,3.899082899,645,783,1268,2262,2582,2701,2839,2752,2964,2834,4078,3852,146,2311,5,231,129,81,0.097726367,0.117196843,-0.369154215
Ethiopia,Oromia,Mixed_Landscape,35.79260893,-0.853893593,2023,122.708946,173,208.5,397,212.5,744,2709,3393.5,3230,3627.5,3354.5,1510.5,663,86,1670,4,22.5,41,22,0.876543224,2.563939162,-0.781086326
Kenya,Nyanza,Mixed_Landscape,35.3144357,-1.692201416,2019,2.45874095,574,689,959,1158,1551,2196,2460,2540,2738,2765,3316,2439,94,1796,5,119,98,70,0.37371552,0.799490918,-0.451843381
Kenya,Nyanza,Mixed_Landscape,35.57872006,-1.133718804,2019,1.11609304,873,1146,1520,1976,2313,2865,3041,2952,3298,3248,3932,3479,92,1647,5,201,155,116,0.198051944,0.392661732,-0.320214659
Kenya,Nyanza,Mixed_Landscape,35.9099289,1.808623077,2019,3.722954988,733,906,1210,1434,1702,2040,2181,2000,2261,2198,2558,2320,184,2997,5,145,123,93,0.16482237,0.371391076,-0.246105924
Kenya,Nyanza,Mixed_Landscape,34.53739298,-1.980111465,2019,1.171597004,665,877.5,1132,1407,1750.5,2120,2373,2324,2641,2586,4350.5,3822.5,163,2069,5,144,115.5,89,0.245778605,0.547691573,-0.344907403
Kenya,Nyanza,Mixed_Landscape,35.22406518,-1.469239563,2019,1.887864947,492,512,713,789,1181,1862,2127,2226,2415,2579,2773,1985,98,1859,4,81,73,53,0.476616919,1.151073374,-0.514800966
Kenya,Nyanza,Mixed_Landscape,35.30913564,-1.469688721,2019,1.228435993,713,949,1278,1706,2172,2482,2700,2752,3004,2906,4391,4046,98,1950,5,174,130,96,0.23463437,0.445371711,-0.36575681
Kenya,Nyanza,Mixed_Landscape,34.82188943,-1.153751235,2019,1.022176981,430,562,950.5,677.5,1426.5,3228,3830.5,4053,4200.5,3812.5,2956,1598,120,2126.5,4,69,97,57.5,0.713560939,2.161565061,-0.620065928
Kenya,Nyanza,Mixed_Landscape,34.75577343,-0.058974398,2019,36.43733215,298,336,492,366,824,2197,2621,2702,2817,2974,1739,1012,145,2461,4,37,50,35,0.761408091,2.454812947,-0.691922367
Kenya,Nyanza,Mixed_Landscape,35.93121898,-1.635248227,2019,68.238182,324,359,535.5,414,898,2041.5,2416.5,2733,2678.5,2512.5,1721,996.5,66,1241,4,43,54.5,37,0.736892283,2.295585033,-0.672326744
Kenya,Nyanza,Mixed_Landscape,35.28407265,-1.688608155,2019,2.299227953,513,716,1010,1210,1615,2139,2336,2446,2628,2550,3529,2581,95,1824,5,124,103,74,0.338074386,0.71247406,-0.415509254
Kenya,Nyanza,Mixed_Landscape,34.26825772,1.996460803,2019,19.78540421,202.5,317.5,615.5,331.5,1006,3104,3762.5,3754,4070,3976,1943.5,911.5,181.5,2731.5,4,34,63,33,0.837718785,2.544420489,-0.718274415
Kenya,Nyanza,Mixed_Landscape,35.15911699,-1.232084328,2019,0.742465973,596,743,1005,1122,1621,2419,2679,2764,2997,2991,3671,2710,96,1893,4,114,104,76,0.422542453,1.04599312,-0.466702044
Kenya,Nyanza,Mixed_Landscape,33.93094033,1.136503582,2019,9.886797905,333,402,672,596,1026,2099,2417,2718,2544,2534,1524,881,234,2681,4,61,69,41,0.640313804,1.617378049,-0.603539824
Kenya,Nyanza,Mixed_Landscape,34.16171753,-0.908511163,2019,1.228435993,425,549,883,732,1254,2548,2952,3168,3243,3147,2293,1388,194,2527,4,75,89,56,0.624615371,1.768549441,-0.564058244
Kenya,Nyanza,Mixed_Landscape,34.16207686,1.875278071,2019,4.706157207,262,328,701.5,515.5,1184.5,2529.5,2852.5,2760,3096.5,2932,2068.5,1052,202,2740.5,4,53.5,72,34,0.685238898,1.653285209,-0.594684362
Kenya,Nyanza,Mixed_Landscape,33.9160283,0.479385951,2019,13.91618347,330.5,357,648.5,422,1083.5,2570,2971,3090,3254,3288.5,2053.5,1079.5,180.5,2980.5,4,43,66.5,36.5,0.759681106,2.264471227,-0.653069437
Kenya,Nyanza,Mixed_Landscape,34.87426121,-1.290115495,2019,53.645672,299,422,665.5,641,1032,2008.5,2253,2392,2474.5,2358.5,2333,1612,108,1845,4,65.5,68,44.5,0.577316165,1.424040338,-0.564677
Kenya,Nyanza,Mixed_Landscape,34.21328083,-1.941214413,2019,0.583944976,855,915.5,1241,1398,1933.5,2688.5,3009,3046,3351,3324,4368.5,3313,165,2194,5,142.5,126.5,95,0.370837092,0.901778386,-0.421040356
Kenya,Nyanza,Mixed_Landscape,33.63171151,-1.951275544,2019,1.228435993,700,781.5,987,1230,1560.5,1944,2124.5,2112,2424.5,2307,3042.5,2433,168,2172.5,5,125.5,101,80,0.26391381,0.607145316,-0.363020331
Kenya,Nyanza,Mixed_Landscape,34.20187222,-0.598951716,2019,11.60481834,516,484,812,684,1414,2678.5,3013.5,2937,3272,3021,2290,1382.5,170,2180.5,4,68.5,83,49.5,0.622203827,1.650791325,-0.56681782
Kenya,Nyanza,Mixed_Landscape,34.64123823,-0.668391487,2019,27.68315887,282,302,508,364,1097.5,2708,3305.5,3106,3596.5,3259.5,2169,1247,151.5,2363,4,37.5,52.5,32,0.790201724,2.265366821,-0.718871057
Kenya,Nyanza,Mixed_Landscape,34.15668696,1.998526928,2019,2.540478945,350.5,600.5,858.5,949,1305,2044.5,2349,2202,2525,2666,2789,2266,224,2537.5,4,96.5,88,61.5,0.397651553,0.923156266,-0.43898055
Kenya,Nyanza,Mixed_Landscape,34.22091651,-0.571822594,2019,22.30614471,632.5,769.5,1115,924.5,1634,2940.5,3309,3356,3627.5,3353.5,2676.5,1621,163.5,2146.5,4,94,113.5,79,0.568041146,1.940387838,-0.501230121
Kenya,Nyanza,Mixed_Landscape,35.45223727,-1.222113028,2019,1.061925054,803,952,1304,1576,2098,2854,3158,3220,3445,3370,3689,2885,96,1762,5,161,133,97,0.342785656,0.742279213,-0.423519015
Kenya,Nyanza,Mixed_Landscape,35.24364846,-1.783110923,2019,1.061925054,528,645,893,999,1402,2085,2327,2314,2582,2576,3066,2309,94,1675,5,102,91,65,0.396921217,0.946996975,-0.44309324
Kenya,Nyanza,Mixed_Landscape,35.16100345,-1.632553282,2019,1.061925054,512,722,1032,1318,1588,2106,2310,2448,2548,2528,3422,2764,98,1899,5,135,105,74,0.30005312,0.571630919,-0.406896561
Kenya,Nyanza,Mixed_Landscape,34.2493931,1.92809901,2019,470.360199,235,364.5,709.5,525,1169,2513.5,2979,2997,3306.5,3418,1835.5,929,231.5,2714,4,54,72.5,37.5,0.701873958,1.810060775,-0.617159069
Kenya,Nyanza,Mixed_Landscape,35.14977451,-1.690135291,2019,2.240773916,565,699,970,1318,1590,1948,2161,2220,2414,2403,3613,3103,96,1809,5,134,99,72,0.254946291,0.461475494,-0.391849518
Kenya,Nyanza,Mixed_Landscape,35.30895598,-1.50669931,2019,3.26513195,504,728,994,1268,1596,2187,2444,2568,2757,2740,3569,2737,97,1880,5,127,101,73,0.338894695,0.688997244,-0.441886574
Kenya,Nyanza,Mixed_Landscape,35.29386428,-1.791375424,2019,1.171597004,640,792,1026,1324,1587,2114,2323,2394,2601,2616,3732,3202,94,1447,5,135,105,81,0.287789136,0.608092748,-0.400000006
Kenya,Nyanza,Mixed_Landscape,33.43264484,-1.90339534,2019,1.228435993,382.5,401.5,462,351,374,261,259.5,224,232,257,164.5,144,169,2063,6,36,47.5,41,-0.220869571,0.466740169,0.346938789
Kenya,Nyanza,Mixed_Landscape,35.5982135,-1.337905868,2019,0.742465973,816,984,1354,1700,2125,2706,2966,3050,3258,3316,3825,3146,93,1699,5,172,138,101,0.284210533,0.574859479,-0.385104448
Kenya,Nyanza,Mixed_Landscape,35.7873987,-1.069489262,2019,0.787926972,489,662,939.5,1096,1502.5,2192,2433.5,2567,2731.5,2787.5,3008.5,2270,78.5,1422.5,4.5,112,96,68,0.401583403,0.879995214,-0.464138031
Kenya,Nyanza,Mixed_Landscape,35.19585808,-1.951185713,2019,35.619411,519,647,881,1057,1287.5,1785,1949.5,2082,2195.5,2189.5,2849,2316,145,1807.5,5,107.5,90,67,0.326537102,0.717284815,-0.405332446
Kenya,Nyanza,Mixed_Landscape,35.22819743,-1.521611344,2019,2.378324032,599,753,992,1224,1594,2091,2361,2442,2630,2621,3594,2861,98,1884,5,124,101,78,0.332242221,0.735596086,-0.422248095
Kenya,Nyanza,Mixed_Landscape,35.62686976,-0.973908515,2019,10.54098034,847,993,1378,1678,2098,2614,2867,2888,3102,3098,3663,2957,86,1501,5,171,141,101,0.265002191,0.549051638,-0.353961557
Kenya,Nyanza,Mixed_Landscape,35.94388522,-1.783380418,2019,84.747292,378,417.5,578.5,430,830.5,1831,2123,2110,2245.5,2452.5,1489,774,78,1197,4,44.5,59,42.5,0.661417305,2.692739221,-0.569648504
Kenya,Nyanza,Mixed_Landscape,34.83401669,-1.929087157,2019,1.817379951,553,640,837,1048,1352,1799.5,1953,1948,2163,2131,2863,2189,158,1915.5,5,107,84,66.5,0.300400525,0.654640675,-0.398922801
Kenya,Nyanza,Mixed_Landscape,35.9649058,-1.299907132,2019,5.244015217,495,612,800.5,1016,1261,1506.5,1622,1622,1804.5,1853,2544,2164.5,87,1390,5,104,82,62.5,0.22971949,0.484180249,-0.33911249
Kenya,Nyanza,Mixed_Landscape,35.16881879,-1.888932464,2019,6.291953087,527,630,878,1188,1395,1823,2034,2106,2275,2310,2984,2013,100,1703,5,121,90,66,0.27868852,0.50886918,-0.41152814
Kenya,Nyanza,Mixed_Landscape,35.0041576,-1.627702379,2019,1.061925054,521,643,926,1176,1554,2037,2274,2304,2581,2547,3434,2413,99,1937,5,120,95,64,0.324137926,0.621350667,-0.426625401
Kenya,Nyanza,Mixed_Landscape,35.73161332,1.923876928,2019,4.210343838,905.5,923,1247,1257,1798,2542,2782,2801,2952.5,3030.5,2912,2176.5,172,2757,5,129,128,93.5,0.380483001,1.128160164,-0.383893281
Kenya,Nyanza,Mixed_Landscape,34.46382096,-1.875457734,2019,1.331117034,490,633,837,1011,1337,1790,2024,2038,2295,2336,3403,2776,161,2041,5,103,86,65,0.336831748,0.764705882,-0.417739123
Kenya,Nyanza,Mixed_Landscape,33.93345562,-1.68240978,2019,1.453466058,625,817,1137,1541,1984.5,2555,2785.5,2882,3138,3134,4376,3360,162,2163,5,157,116.5,83,0.303187877,0.558610347,-0.434187621
Kenya,Nyanza,Mixed_Landscape,35.40992662,-1.312842872,2020,0.970350027,588.5,786,1037,1291,1662,2179,2423.5,2474,2719,2656,3507.5,2743.5,93.5,1721,5,132.5,106,80,0.314209819,0.683656958,-0.409285098
Kenya,Nyanza,Mixed_Landscape,35.50928029,-1.080179213,2020,11.13450241,572.5,724,990.5,1250,1664.5,2222,2499,2549,2814.5,2862,3460,2585,91.5,1517,5,126.5,101,75,0.341932088,0.702922078,-0.440316439
Kenya,Nyanza,Mixed_Landscape,35.59174563,-1.079640224,2020,1.11609304,499.5,750,1044.5,1499,1774,2087.5,2274,2300,2522.5,2502.5,2804.5,2076,93.5,1725,5,152.5,105.5,76.5,0.210844964,0.353174603,-0.375392437
Kenya,Nyanza,Mixed_Landscape,34.28972746,-1.953251838,2020,3.975795031,594,785,1042,1312,1765,2400,2661,2752,2979,2804,3654,2473,166,2169,5,133,106,80,0.354330719,0.759894459,-0.450711638
Kenya,Nyanza,Mixed_Landscape,34.99804906,-1.327934569,2020,1.870118976,429,498.5,805.5,723,1312,2615,3005,2998,3287,3225,2488,1409,98.5,2143,4,74,82,51,0.611394763,1.580629473,-0.576442778
Kenya,Nyanza,Mixed_Landscape,33.48088438,-1.895669828,2020,1.870118976,623,694,1060,1362,1875,2645,2912,2978,3163,3015,3629,2897,169,2268,5,139,108,71,0.372350216,0.679448369,-0.474987626
Kenya,Nyanza,Mixed_Landscape,34.67878781,-1.317603943,2020,2.644510031,310.5,535.5,834.5,887,1069.5,2104,2523.5,2175.5,2632.5,2763,2235.5,1646,185.5,1853,4,90.5,85,56.5,0.420734704,0.92504846,-0.445514947
Kenya,Nyanza,Mixed_Landscape,35.43049804,-1.502746723,2020,9.833826065,650.5,824,1167,1443,1710,2352.5,2654,2782,2962.5,3171.5,3628.5,2841.5,95,1715,5,147.5,119,84,0.316923082,0.636285877,-0.408964306
Kenya,Nyanza,Mixed_Landscape,35.34488859,-1.196690706,2020,4.699281216,252.5,287,525.5,385.5,1027,2456.5,2928.5,3089,3264,2969,1830,969,99.5,1796.5,4,39.5,54,29.5,0.77809757,2.079295493,-0.709226727
Kenya,Nyanza,Mixed_Landscape,33.91459099,0.644496301,2020,10.68008518,256,296.5,547,414.5,814,2084.5,2554,2534,2893,2844,1770,894.5,158,2870.5,4,43.5,56,31,0.718840063,1.893594211,-0.644920468
Kenya,Nyanza,Mixed_Landscape,35.61878492,-1.177107433,2020,1.257357001,519.5,664.5,924,1141,1540.5,1984,2209.5,2283,2488.5,2461.5,3256,2331,92.5,1683,5,116.5,94.5,68,0.333528042,0.688574013,-0.423760533
Kenya,Nyanza,Mixed_Landscape,35.42474882,-1.49142795,2020,2.499444962,444.5,581.5,885.5,1001.5,1466.5,2149,2395.5,2470,2695.5,2747,3118,2043.5,95,1710,4,103,89.5,59.5,0.423015982,0.891350531,-0.472209811
Kenya,Nyanza,Mixed_Landscape,34.27751037,-0.794514953,2020,2.014405012,382,450,844,736,1341,2463,2823,2686,3051,2563,2293,1319,236,2404,4,75,86,48,0.569842219,1.307671674,-0.521813035
Kenya,Nyanza,Mixed_Landscape,35.16576452,-1.401865917,2020,2.772066116,436.5,558.5,832,918.5,1395,2159.5,2438.5,2592,2782.5,2832.5,3120.5,1938,98,1826.5,4,93.5,85,56,0.476712734,1.068577996,-0.514018714
Kenya,Nyanza,Mixed_Landscape,35.03083757,-1.36916724,2020,1.257357001,504.5,580.5,818,868.5,1316.5,2241.5,2551,2643,2844,2806.5,2923,1852,98,1916,4,89,83.5,59,0.505339622,1.267047483,-0.527304232
Kenya,Nyanza,Mixed_Landscape,34.06281302,-1.633271934,2020,2.069880009,528,662.5,893.5,1196,1526.5,1928,2165.5,2280,2615,2696.5,3974,2853.5,212,2150,5,122,91,68,0.311852694,0.603798808,-0.436899334
Kenya,Nyanza,Mixed_Landscape,34.29817162,-1.552423558,2020,1.548725009,317,354,650.5,407.5,1223.5,3392.5,4025,4181,4256,3886,1662,713,229,2904,4,41.5,66.5,37,0.822382033,2.375062941,-0.730725467
Kenya,Nyanza,Mixed_Landscape,35.55132144,-0.998522354,2020,11.50347805,379,483,751.5,789.5,1306.5,2012.5,2290,2283,2561,2589,2355,1499,90.5,1556,4,80,76,49,0.486086249,1.098646462,-0.504696012
Kenya,Nyanza,Mixed_Landscape,35.53685857,-1.34446357,2020,2.815244913,400,502.5,731,950.5,1317.5,1839.5,2068.5,2166,2372,2380,2708.5,1761.5,93.5,1668.5,5,96.5,74.5,52,0.390020847,0.740932642,-0.495340019
Kenya,Nyanza,Mixed_Landscape,34.1815703,-1.752298709,2020,2.815244913,417.5,443,712.5,653,1167.5,2130.5,2342,2476,2709.5,2633.5,2524.5,1490.5,201,2100,4,66,72.5,45,0.582614243,1.483319772,-0.553081393
Kenya,Nyanza,Mixed_Landscape,34.42851717,-1.479300694,2020,1.680394053,268,386,717,594.5,1237,2664,3123,3014,3463,3603.5,1932,988,215.5,2378.5,4,60.5,72.5,40.5,0.670500219,1.640561432,-0.615652621
Kenya,Nyanza,Mixed_Landscape,34.73601049,-0.551341006,2020,51.773998,333,375,688,691,1270,2447,2851,2470,3107,3029,2276,1397,225,2214,4,71,68,41,0.562796593,1.169010382,-0.564281166
Kenya,Nyanza,Mixed_Landscape,33.34739472,1.727325544,2021,23.768129,305,403,681,651,1055,2123,2452,2412,2713,2611,2500,1781,267,2444,4,67,70,42,0.574926555,1.335507356,-0.559650838
Kenya,Nyanza,Mixed_Landscape,34.10871693,-0.103890163,2021,0.957602978,294,367,453,274,323,234.5,239.5,206,200,196,122.5,91.5,186.5,2098.5,6,28,46.5,38.5,-0.141666666,0.188574598,0.374810308
Kenya,Nyanza,Mixed_Landscape,34.23034882,-1.009391969,2021,20.15859413,546.5,523.5,806.5,873,1582.5,2365.5,2707.5,2639,2947,2910,3493.5,2501,236,2127.5,5,92,81.5,54,0.502847373,1.117226545,-0.531853139
Kenya,Nyanza,Mixed_Landscape,34.03775002,-1.867642391,2021,2.581844091,575,587,875.5,1046,1630.5,2366,2623,2625,2919,2974.5,3337,2287.5,201.5,1839.5,5,107.5,89.5,59,0.430128038,0.877319702,-0.499785751
Kenya,Nyanza,Mixed_Landscape,35.08716194,-1.416238961,2021,21.25168228,363,330,584.5,468.5,1038.5,2248.5,2605,2585,2902,2700.5,2168,1200,124,2000.5,4,47.5,60,34.5,0.693139017,1.810831622,-0.631172121
Kenya,Nyanza,Mixed_Landscape,35.93741735,-1.225077469,2021,0.970350027,670,690.5,956,1284,1773.5,2113,2282,2220,2489.5,2550.5,3084,2426.5,135,1439,5,131,97.5,70.5,0.267123282,0.493020806,-0.397984892
Kenya,Nyanza,Mixed_Landscape,34.82063179,-1.783200755,2021,1.391625047,351,443.5,708,736.5,1227.5,2226.5,2537,2701,2846,2790.5,2119,1247.5,166,1797.5,4,75.5,72.5,46,0.571490884,1.294222281,-0.58462894
Kenya,Nyanza,Mixed_Landscape,34.13890032,1.419832222,2021,4.581974983,290,312,620,538,1283,2477,2816,2920,3134,2946,2483,1605,220,2603,4,55,63,32,0.688837469,1.563402468,-0.64971751
Kenya,Nyanza,Mixed_Landscape,34.20735195,1.830991128,2021,4.31324482,185,307,633,451,977,2022,2333,2438,2580,2648,1759,947,212,2589,4,46,65,32,0.687781215,1.747581354,-0.587756455
Kenya,Nyanza,Mixed_Landscape,34.49202806,-1.062572234,2021,50.35529709,292,407,611.5,502,907.5,2399.5,2928.5,3164,3151.5,2693,1797.5,1178,216.5,1990.5,4,52.5,62,41.5,0.726132035,2.129940791,-0.676069379
Kenya,Nyanza,Mixed_Landscape,35.41495718,-1.42791706,2021,1.171597004,503,600,886.5,922,1515,2438.5,2770,2709,3022.5,2980.5,3105.5,2140,120,1736.5,4,94.5,91,61.5,0.492150933,1.193880278,-0.506883621
Kenya,Nyanza,Mixed_Landscape,33.49992866,-1.866025424,2021,0.882875025,618.5,775.5,1035.5,1380,1726,2078,2270.5,2362,2599,2444.5,3874.5,3100,169,2049.5,5,141,105.5,79,0.262426496,0.508623815,-0.390434146
Kenya,Nyanza,Mixed_Landscape,33.87533462,-1.424772956,2021,2.665563107,593,1068,1312,1664,2063,2388,2629,2910,2823,2639,3875,3063,169,2038,5,170,134,109,0.27240926,0.637666325,-0.378493607
Kenya,Nyanza,Mixed_Landscape,33.99966145,-1.804580659,2021,4.263364792,407.5,359.5,564.5,560.5,1311.5,2199.5,2470,2695,2704.5,2429,2685,2076,228,1964.5,4,57,58.5,35,0.655659676,1.586870865,-0.653627872
Kenya,Nyanza,Mixed_Landscape,33.86680062,0.813110079,2021,10.26641941,419,485,811,902,1368,2347,2678,2668,2874,3206,2906,2319,249,2555,4,92,83,50,0.494677871,0.993586137,-0.533774078
Kenya,Nyanza,Mixed_Landscape,34.0305635,-1.421359358,2021,1.171597004,564.5,690,904,1114,1381,1601.5,1739.5,1846,2023.5,2254.5,3236.5,2369,237,1860.5,5,114,92,71,0.247297302,0.545292014,-0.34254545
Kenya,Nyanza,Mixed_Landscape,34.11392716,-0.797659057,2021,3.103929996,441,727,1037,1295,1686.5,2326.5,2607,2762,2935.5,2839,3317.5,2432.5,188,2214,5,131.5,106,73.5,0.36159724,0.721877768,-0.454066873
Kenya,Nyanza,Mixed_Landscape,35.71948606,1.958462067,2021,5.01107502,409,500.5,714,761,1015,1357,1518,1572,1687.5,1764.5,2297,1801,171,2246.5,5,77.5,73,51,0.347621083,0.850015722,-0.375328094
Kenya,Nyanza,Mixed_Landscape,34.88036976,-0.032653761,2021,11.87590313,365,482.5,826.5,707.5,1274.5,2653.5,3052,2934,3278.5,3230,2264,1289.5,168.5,2376.5,4,72,84,50,0.61142385,1.563004563,-0.560430765
Kenya,Nyanza,Mixed_Landscape,35.83321278,1.767390406,2021,3.195552111,856,1044,1438,1710,1937,2136,2227,2142,2270,2312,2722,2581,183,2515,5,175,147,106,0.112149529,0.236168817,-0.196648046
Kenya,Nyanza,Mixed_Landscape,34.13440874,-1.898813932,2021,5.818078995,479,500,748.5,699,1291,2480,2796.5,2854,3115.5,3039.5,2835.5,1892,167,1803.5,4,72,76.5,52,0.606529713,1.633070627,-0.584455252
Kenya,Nyanza,Mixed_Landscape,35.43732523,-1.11817795,2021,5.633633137,376,442,648.5,642,1032,1608,1758.5,1768,1960.5,2005.5,2192.5,1570,113,1478,4.5,65.5,66.5,46,0.467219919,1.220728534,-0.463273317
Kenya,Nyanza,Mixed_Landscape,34.52418775,-0.114939441,2021,11.8486557,396,456.5,646.5,699.5,1134,2280,2700.5,2534,3072.5,3032.5,2649.5,1710.5,185.5,2309,4,72,66,46.5,0.567341864,1.38630696,-0.593460143
Kenya,Nyanza,Mixed_Landscape,33.96965772,-1.345721211,2021,2.163994074,566,678,995,1118,1710,2712,3064,2954,3335,2996,3341,2433,223,2213,4,114,101,69,0.450884074,1.002621232,-0.496074945
Kenya,Nyanza,Mixed_Landscape,34.52203179,-1.439146001,2021,2.750601053,328.5,512,866,792,1397.5,2602.5,2981,2977,3417.5,2960.5,3047,1778.5,228,2190.5,4,81,88,53,0.579729378,1.404241645,-0.549310446
Kenya,Nyanza,Mixed_Landscape,34.58823763,-1.70414901,2021,12.02481079,337,474,720.5,796,1175.5,2121.5,2403,2292,2595.5,2450,2094.5,1322.5,220,1911.5,4,81.5,75,49,0.484455973,1.064314172,-0.521659732
Kenya,Nyanza,Mixed_Landscape,35.25559605,-1.704508336,2021,2.299227953,452,612.5,904.5,1109,1474,2126,2340.5,2418,2585.5,2615,2867,2222,118.5,1732.5,5,113,92.5,63.5,0.371136934,0.730591059,-0.455530465
Kenya,Nyanza,Mixed_Landscape,35.16576452,-1.401865917,2021,1.171597004,476,628,915.5,1072,1568.5,2141.5,2374.5,2549,2714,2623,3229.5,2132,122.5,1837,5,109,93.5,64,0.407898366,0.864349251,-0.471496612
Kenya,Nyanza,Mixed_Landscape,34.22765387,-0.141080415,2021,3.359055042,298,389,606,732,1138,2241,2559.5,2427,2770,2739,2456.5,1592.5,184.5,2335.5,4,74.5,62,40,0.536562204,1.085842409,-0.60039562
Kenya,Nyanza,Mixed_Landscape,34.09030146,1.516311284,2021,8.66414547,310,351,629,595,1040,1663,1872,2244,2116,2263,2442,1670,222,2517,4,61,64,36,0.580838323,1.295365279,-0.562130153
Kenya,Nyanza,Mixed_Landscape,34.5414354,-0.972381379,2021,22.13432503,316,418,718,693.5,1132.5,2029.5,2413.5,2852.5,2687,2555.5,2419,1630,220,2012.5,4,71,73.5,44,0.608855069,1.391287537,-0.597815454
Kenya,Nyanza,Mixed_Landscape,34.17222782,-0.145122834,2021,3.772867918,378.5,530,812,1017,1420,1965.5,2146.5,2199,2408.5,2423,2942,2243,185.5,2343.5,5,104,83,54.5,0.36753732,0.682921193,-0.460644305
Kenya,Nyanza,Mixed_Landscape,33.93094033,0.19776411,2021,0.822903991,266.5,301.5,347,212,218.5,141.5,146,119,108.5,121,87.5,67.5,215.5,2434.5,6,22,35,31.5,-0.280966759,0.267471959,0.489270389
Kenya,Nyanza,Mixed_Landscape,34.10727962,-1.064997685,2021,4.053242207,777,1159,1571,2140,2446.5,2795,3031,3188,3327.5,3212.5,4709.5,3932,237,2179.5,5,216,160.5,119,0.196696699,0.357118517,-0.339777261
Kenya,Nyanza,Mixed_Landscape,34.54053708,-1.336738059,2021,1.748222947,329.5,475.5,847.5,1202,1748,2451,2733,2706,2957,2915.5,3280.5,2531,217,1904.5,5,122,87,49,0.384851575,0.591869663,-0.523005486
Kenya,Nyanza,Mixed_Landscape,34.80643841,-0.171443472,2021,1.941599011,437,537,729.5,787,1115.5,1555.5,1752,1808,1985.5,1864,2521.5,1956,150,2238,5,81,75,56,0.393448949,1.019572598,-0.425024629
Kenya,Nyanza,Mixed_Landscape,35.44002018,-1.815629936,2021,1.331117034,622,786,1003,1190,1596.5,2070,2306,2414,2593,2672.5,3259.5,2465,135,1541.5,5,121.5,102.5,80.5,0.339622647,0.836065574,-0.412935317
Kenya,Nyanza,Mixed_Landscape,35.9201697,-1.423605147,2021,4.079220772,613.5,724.5,982.5,1275,1603,2011.5,2263,2356,2480.5,2562.5,3152,2541.5,135.5,1336,5,130,100,74,0.297714114,0.590936424,-0.411412299
Kenya,Nyanza,Mixed_Landscape,35.41648432,-1.577576386,2021,9.674197197,447,547,777,889,1399.5,2286.5,2615.5,2643,2950.5,2968.5,2931,1956.5,108,1555,4,91.5,79.5,55,0.496602505,1.131466907,-0.545614064
Kenya,Nyanza,Mixed_Landscape,33.8678786,1.862072837,2021,4.296257019,175,321,697,484,1199,3287,3985,4036,4389,4145,2128,1039,215,2787,4,49,71,32,0.78584069,1.958751516,-0.705472231
Kenya,Nyanza,Mixed_Landscape,33.84362409,1.956485773,2021,12.30221272,335,420,680,711,1116,2274,2817,2640,3149,2916,2410,1639,201,2677,4,72,70,43,0.575649083,1.283603939,-0.590361416
Kenya,Nyanza,Mixed_Landscape,34.18058215,1.707472776,2021,0.787926972,208,344,618,542,1030,2213,2606,2578,2957,3103,1857,1025,222,2729,4,56,63,35,0.652564108,1.565672101,-0.613266587
Kenya,Nyanza,Mixed_Landscape,35.51484984,-1.897735953,2021,5.126894951,411.5,538,811.5,811,1509,2445.5,2661.5,2530,3011.5,2813,3107.5,1953.5,144,1611,4,83,83,55,0.514516592,1.27825699,-0.514289975
Kenya,Nyanza,Mixed_Landscape,33.33356067,1.781314293,2021,15.27563763,112,195,520,241,871,2768,3402,3449,3660,3644,1737,809,236,2808,4,26,53,20,0.869376719,2.335808941,-0.737969279
Kenya,Nyanza,Mixed_Landscape,34.28334942,-1.069938419,2021,2.602649927,292.5,354,649.5,521.5,1145,2034,2329,2376,2624,2747.5,2148,1201.5,230,1946.5,4,55.5,66.5,36.5,0.640034497,1.626183795,-0.570649505
Kenya,Nyanza,Mixed_Landscape,34.01484298,-1.89989191,2021,14.62362003,625,746,980,1267,1603,2407,2820.5,2633,3094,3026,3251.5,2620.5,166.5,1860.5,5,130,100,77,0.350256413,0.735832795,-0.457514524
Kenya,Nyanza,Mixed_Landscape,35.81812108,-0.913272234,2021,21.24463463,272,285,456,348,670,1464,1652,1662,1842,1872,1497,874,81,1168,4,36,47,29,0.653731346,2.0359467,-0.569405079
Kenya,Nyanza,Mixed_Landscape,33.65093546,1.793261886,2021,5.213881016,321,373,698,645,1270,2439,2813,2798,3138,3056,2605,1652,272,2491,4,66,71,39,0.625326753,1.390288002,-0.600686491
Kenya,Nyanza,Mixed_Landscape,34.14716482,-0.762984087,2021,1.748222947,416.5,513.5,720.5,788,1144,1401.5,1546,1561,1716.5,1891.5,1838.5,1490.5,183.5,1990,5,80.5,73.5,52.5,0.329076201,0.792414147,-0.368397981
Kenya,Nyanza,Mixed_Landscape,33.91827409,0.98414931,2021,10.88908768,377.5,621,917.5,1079,1510,2375.5,2676.5,2768.5,2948,2886,2954,2243,247.5,2573.5,4.5,110,93.5,62.5,0.439116299,0.921009594,-0.502170384
Kenya,Nyanza,Mixed_Landscape,35.63387662,-1.048109358,2021,10.24679661,546.5,691.5,967,1195,1598.5,2186.5,2467.5,2540,2774.5,2747,3210,2373,114.5,1660,5,121,98.5,71,0.360107094,0.74313498,-0.448531508
Kenya,Nyanza,Mixed_Landscape,34.29547668,-0.539662907,2021,10.75647068,353.5,468.5,629,659.5,1033,1664,1955,1825,2207,2440.5,2065,1410.5,185.5,2210,4,67.5,64.5,48,0.469108462,1.284014542,-0.48736757
Kenya,Nyanza,Mixed_Landscape,34.77823131,-1.425671272,2021,5.603175163,320.5,534.5,829,817.5,1360,2408.5,2701.5,2781,2923,2842,2495,1568.5,224,1864.5,4,84,85,55,0.545644045,1.334534086,-0.540720224
Kenya,Nyanza,Mixed_Landscape,35.73637439,-1.930524461,2021,4.61595583,448,513,727,885,1133,1585,1802,1804,2135,2330,2584,1910,145,1481,5,90,73,52,0.341762751,0.703136955,-0.42552352
Kenya,Nyanza,Mixed_Landscape,33.0963156,-1.844016699,2021,1.061925054,399,577.5,914.5,1285,1658.5,2340,2632.5,2801,2919.5,2844.5,3108.5,2329,169,2040.5,5,131,93.5,59,0.371022999,0.613194192,-0.507737875
Kenya,Nyanza,Mixed_Landscape,33.9339946,-0.906984027,2021,0.516439974,358,357,340,203,211,165,163,134,151,198,138,124,174,2034,6,21,35,37,-0.204747781,0.130237826,0.434599161
Kenya,Nyanza,Mixed_Landscape,33.79349809,0.280948105,2021,56.706848,321,445,714,659,1319,2296,2642,2490,2991,3009,2473,1451,246,2411,4,67,73,45,0.581454456,1.473049075,-0.554307103
Kenya,Nyanza,Mixed_Landscape,35.47577313,-1.083233485,2021,11.5912714,580,793,1080,1394,1667,2095.5,2366.5,2636,2722.5,2726.5,3895.5,2875.5,115,1611.5,5,141.5,110,81,0.308188587,0.614425646,-0.418729812
Kenya,Nyanza,Mixed_Landscape,33.99948179,1.587727349,2021,4.599815845,312,570,1013,1494,1749,2510,2790,2692,2916,2823,3004,2425,256,2587,5,152,103,58,0.28619206,0.405716608,-0.453171402
Kenya,Nyanza,Mixed_Landscape,34.01798708,-1.456932644,2021,4.289997101,320.5,437,722,588,1262.5,2376.5,2772,2913,3087.5,2893,2300,1376,223.5,1954.5,4,61,73.5,44.5,0.664095998,1.836783062,-0.602751017
Kenya,Nyanza,Mixed_Landscape,34.68130309,-1.672168986,2021,5.126894951,378.5,432.5,714,776,1234,2090,2333.5,2445,2675,2751,2635,1827,219.5,1854.5,4,79,72.5,45,0.518162072,1.081448843,-0.547958195
Kenya,Nyanza,Mixed_Landscape,35.27032842,-1.035622775,2021,7.822563171,256.5,304,511.5,386.5,852,1703.5,1918,1966,2105,2099,1641,971.5,112.5,1795.5,4,40,52,31.5,0.671413362,1.968469591,-0.587083757
Kenya,Nyanza,Mixed_Landscape,33.33293185,-1.934836375,2021,12.33612823,435,498,708,552,1224,2871,3435,3452,3747,3575,2116,1008,164,2038,4,57,72,51,0.724275708,2.392739274,-0.659615397
Kenya,Nyanza,Mixed_Landscape,34.00657848,1.038497384,2021,10.33934116,390,498,826,940,1476,2468,2745,2608,3027,2965,3167,2440,220,2566,4,96,84,51,0.470124006,0.923792645,-0.518928349
Kenya,Nyanza,Mixed_Landscape,35.89789148,1.720947506,2021,4.10528183,680,796,1128,1396,1581,1794,1909,1916,2030,2047,2442,2124,181,2404,5,142,114,85,0.157004833,0.300717095,-0.258869916
Kenya,Nyanza,Mixed_Landscape,34.98196922,-1.073172354,2021,12.10304642,339.5,355.5,623,424,1094.5,2587,3013,2826,3313,3542.5,2174,1140,112.5,1780,4,43.5,64,37,0.739076912,2.220168223,-0.63873589
Kenya,Nyanza,Mixed_Landscape,35.32036458,-1.334582102,2021,2.338609934,502.5,642.5,914,1049,1528.5,2303,2579,2662,2849,2826,3065,1909,118.5,1679.5,4,107.5,93.5,65,0.434653729,0.97444572,-0.488814324
Kenya,Nyanza,Mixed_Landscape,35.88378793,1.819852018,2021,1.941599011,534,647,872,1100,1385,1593,1718,1772,1852,1863,2674,2402,181,2385,5,112,89,66,0.233983293,0.477204942,-0.340393335
Kenya,Nyanza,Mixed_Landscape,34.17842619,1.806017963,2021,5.498497963,237.5,346,685.5,503,1143,2458.5,2867,2910,3206.5,3167,2043,1026.5,212,2687.5,4,52,70,36,0.70524466,1.804889022,-0.618690014
Kenya,Nyanza,Mixed_Landscape,32.98627198,-2.000054064,2021,1.022176981,363.5,531,847,1225,1661.5,2100.5,2330.5,2353,2658.5,2649.5,3433,2784,207,1945.5,5,125,86.5,55,0.315259933,0.492877742,-0.470625013
Kenya,Nyanza,Mixed_Landscape,34.60305983,-1.809790887,2021,3.013622999,481.5,595,890,1171,1543.5,2290.5,2581,2665,2863,2834,3187,2301.5,199,1902.5,4,119.5,90,58,0.389468193,0.71421742,-0.499296755
Kenya,Nyanza,Mixed_Landscape,35.5603046,-1.162464893,2021,1.022176981,638,756,1025,1351,1718,2077.5,2319,2391,2597.5,2625.5,3545.5,2723.5,115.5,1405,5,139.5,105,75.5,0.277926236,0.538525269,-0.399882913
Kenya,Nyanza,Mixed_Landscape,35.73152349,-1.243403101,2022,1.663645029,769,1041,1365,1780,2063,2341.5,2536.5,2689.5,2823,2815,3569,2912.5,144,1402,5,181.5,139,106.5,0.203490317,0.408727305,-0.326674074
Kenya,Nyanza,Mixed_Landscape,33.92869454,0.833950994,2022,15.99083328,458.5,625,960,1200,1832,2583.5,2883,2861,3086,3171,3282,2506,225,2784,5,122,98,63.5,0.409012556,0.772630012,-0.497513741
Kenya,Nyanza,Mixed_Landscape,34.68884894,-1.937621152,2022,1.271942019,545,661.5,916.5,1116,1516.5,2075,2290.5,2333,2572.5,2435.5,3374,2668.5,140.5,1748,5,114,94,67.5,0.352855891,0.747772657,-0.435913205
Kenya,Nyanza,Mixed_Landscape,34.71166615,-1.923517602,2022,12.29141712,393.5,446,652.5,747.5,1252.5,1893,2143.5,2069,2400.5,2460,2487.5,1706,139.5,1612,5,76.5,66.5,45,0.469199359,1.029205607,-0.520485044
Kenya,Nyanza,Mixed_Landscape,35.83662638,-1.229209719,2022,2.279659986,607,523.5,728,901.5,1689,2012.5,2187,1851,2441.5,2484.5,2955.5,2425,115.5,1418.5,5,92,74.5,54,0.34495914,0.711822475,-0.435440093
Kenya,Nyanza,Mixed_Landscape,35.71454533,-1.352907734,2022,5.422132969,377.5,435,636,775,1108,1703,1873.5,1892,2070,2076,2269,1594,140,1312.5,4.5,79.5,65.5,45,0.418822646,0.851242189,-0.49683544
Kenya,Nyanza,Mixed_Landscape,34.4684922,-1.840333607,2022,5.244015217,514,618,870,908,1432,2425,2747,3018,3152,3163,3281,2253,181,2142,4,93,88,63,0.537442684,1.376565762,-0.552469134
Kenya,Nyanza,Mixed_Landscape,34.36186217,-1.989364112,2022,1.022176981,826.5,837.5,1139,1507,2184,2739,3089.5,3079,3442,3586,3984,2872,148.5,1834,5,153.5,116.5,85,0.342782378,0.672858794,-0.459933609
Kenya,Nyanza,Mixed_Landscape,35.70672999,-1.364226506,2022,7.609060764,340.5,443,635,758,1032,1634,1822,1836,2000,2056.5,2175,1527,135.5,1215.5,5,76.5,65.5,45.5,0.415574402,0.88,-0.486038029
Kenya,Nyanza,Mixed_Landscape,35.91352216,-1.424323799,2022,2.499444962,600,788,1032,1416,1643.5,1849.5,1994,2086,2265.5,2205.5,3245.5,2796.5,114,1247,5,144.5,105.5,80.5,0.191319242,0.358442114,-0.338037193
Kenya,Nyanza,Mixed_Landscape,35.74724401,-1.73298493,2022,2.221455097,508.5,671,914,1204,1526,2015.5,2286,2473,2588,2731.5,2868.5,2048,138,1224.5,5,122.5,93,68.5,0.345118314,0.679991426,-0.460289329
Kenya,Nyanza,Mixed_Landscape,34.59497499,-1.8340454,2022,1.887864947,544,844,1166,1518,1978,2584,2862,2806,3143,2994,3708,3242,176,1944,5,155,118,87,0.297872335,0.576544315,-0.412890226
Kenya,Nyanza,Mixed_Landscape,35.7873987,-1.069489262,2022,2.991251945,360,592,867,1100,1475,1918,2147,2290,2454.5,2349,2802,2217.5,111.5,1334,5,112.5,89,60.5,0.351032436,0.668389126,-0.45074439
Kenya,Nyanza,Mixed_Landscape,34.15848359,-1.929895641,2022,61.73969269,538,674.5,952.5,1325,1726.5,2295,2548,2638,3041,2909.5,3468.5,2343,147.5,1888.5,5,135,97.5,69.5,0.331314653,0.593553637,-0.469433218
Kenya,Nyanza,Mixed_Landscape,35.91738492,1.978404666,2023,7.433351994,598,725,906,1218,1391.5,1478,1568.5,1601,1692,1727,1907,1548,132,2499,5,123.5,92.5,75,0.135863781,0.275737941,-0.277223766
Kenya,Nyanza,Mixed_Landscape,34.4799008,0.586465133,2023,10.1549902,557.5,538.5,891,839,1515,2713,3051.5,3135.5,3346.5,3253,3327,2260,154.5,2408,4,85.5,91,54,0.577808559,1.389544382,-0.557431996
Kenya,Nyanza,Mixed_Landscape,34.56083901,-0.490165735,2023,27.66037178,320,407,705.5,682,1294.5,2043.5,2263,2306,2547,2573,2844,1923.5,198.5,2396.5,4,70.5,72.5,42.5,0.543507338,1.213207829,-0.531462729
Kenya,Nyanza,Mixed_Landscape,34.21471813,-1.929895641,2023,1.331117034,761,958,1340,1890,2438,2849,3126,3096,3317,3285,4185,3379,140,2070,5,193,137,97,0.241877258,0.41574738,-0.395852119
Kenya,Nyanza,Mixed_Landscape,34.63701615,-1.722025484,2023,1.11609304,301,384,619,637,1146,2067,2381,2488,2530,2455,2666,1831,179,2127,4,66,64,40,0.592320025,1.348732148,-0.601544917
Kenya,Nyanza,Mixed_Landscape,35.19442078,-0.040918261,2023,13.95516396,313.5,407,641,605.5,973,1969,2313.5,2225,2559.5,2586.5,1851.5,1060.5,103.5,2014.5,4,62,65.5,42,0.572160423,1.442633173,-0.552686691
Kenya,Nyanza,Mixed_Landscape,34.58311723,-1.447230838,2023,7.156404018,268,336,589.5,559,1066.5,1840,2119,2089,2388.5,2455,2186,1402,170,1952.5,4,57.5,60.5,35,0.577794552,1.308139535,-0.559828281
Kenya,Nyanza,Mixed_Landscape,33.93875568,1.685823378,2023,1.11609304,254,393,664,633,1208,2285,2563,2544,2873,2815,2690,1655,292,2653,4,65,68,40,0.601510882,1.407009277,-0.586034894
Kenya,Nyanza,Mixed_Landscape,35.01906964,-1.083772475,2023,31.55461502,289,247,398,263,720,2009,2396,2136,2619,2465,1400,709,98,1931,4,28,41,26,0.78074199,2.51409396,-0.685872138
Kenya,Nyanza,Mixed_Landscape,33.68992234,-1.570389864,2023,1.11609304,631.5,835,1235,1664,2051,2681.5,3000.5,2996,3291,3177,3688.5,2906.5,168.5,2274.5,5,169.5,126,85.5,0.285836905,0.49564635,-0.416213661
Kenya,Nyanza,Mixed_Landscape,33.20626939,0.524750873,2023,29.08329391,295.5,317,466,389.5,785,1904,2343.5,2566,2550,2468,1458.5,840,220,2691.5,4,40,48,32,0.736423612,2.153671086,-0.692612112
Kenya,Nyanza,Mixed_Landscape,34.6046768,0.384344194,2023,40.546978,322,354,517.5,478,1053,1854.5,2236.5,2093,2343,2859,2047,1296,158,2266.5,4,49,53,37,0.628160238,1.750108366,-0.603524208
Kenya,Nyanza,Mixed_Landscape,34.12156284,0.106405445,2023,13.5424614,484.5,595,864.5,886.5,1428,2514.5,2891,2823,3180.5,3091,2746.5,1747,162.5,2635,4,90.5,88.5,59,0.522037983,1.315378345,-0.531118631
Kenya,Nyanza,Mixed_Landscape,33.11401241,0.27654636,2023,55.41005325,964.5,450,637,487,1085.5,2526,3175,3221,3351,4208.5,1950.5,1171,202,2687.5,6,50.5,66,46.5,0.737324715,2.468400144,-0.669777095
Kenya,Nyanza,Mixed_Landscape,34.14572752,1.528348709,2023,4.407586098,263.5,433,762.5,974,1405.5,2022,2222,2205,2410,2446,2846.5,2437,262.5,2578,5,99.5,78,44.5,0.387228698,0.640812077,-0.486099422
Kenya,Nyanza,Mixed_Landscape,33.80957794,-1.752568204,2023,1.061925054,662,920,1228,1658,2080,2483,2729,2874,3069,2940,4394,3877,152,2163,5,169,125,94,0.268314213,0.513253419,-0.401267678
Kenya,Nyanza,Mixed_Landscape,35.47298835,-0.483158876,2023,95.62141418,287,282,428,272,710,2261,2607,2646,2902,3021,1453,684,82,1375,4,29,43,30,0.813570917,2.742606285,-0.721535444
Kenya,Nyanza,Mixed_Landscape,34.18013299,0.99654606,2023,10.35259247,451.5,794.5,1251,1466,1950,3038,3421,3372,3707,3243,3785.5,2640.5,166,2730,4,149,128.5,82,0.39396444,0.7672799,-0.458792984
Kenya,Nyanza,Mixed_Landscape,34.43785965,-1.603447866,2023,1.453466058,507,608,902,1328,1690,2181,2308,2324,2595,2488,3118,2654,174,2003,5,135,94,63,0.272727281,0.434327577,-0.440793544
Kenya,Nyanza,Mixed_Landscape,34.1698922,-1.183485471,2023,1.391625047,524.5,715,1094,1684,1956,2424.5,2681,2693,2928.5,3021.5,3931.5,3252.5,174,2099.5,5,172,111.5,74.5,0.230523184,0.339250891,-0.422233969
Kenya,Nyanza,Mixed_Landscape,34.65004172,-0.56921748,2023,4.588345051,231,320.5,629,452,1118.5,2579,2926.5,2952,3203,3133.5,2162,1149.5,177.5,2500,4,47,64,32,0.734430075,1.916443082,-0.648701489
Kenya,Nyanza,Mixed_Landscape,33.92842505,0.309334868,2023,13.48242188,456,480,752,650,1439,2313,2608,2788,2855,2762,2820,1985,178,2719,4,67,78,49,0.6218732,1.730333441,-0.575141251
Kenya,Nyanza,Mixed_Landscape,34.05787228,1.516401115,2023,20.27990532,223.5,394.5,725.5,813.5,1326,2498.5,2813,3027,3135.5,3049,2685.5,1841,257,2673,4,83.5,74.5,40.5,0.576357245,1.117872835,-0.613324463
Kenya,Nyanza,Mixed_Landscape,35.65822096,0.394135831,2023,122.088356,328,539,782,756,1014,1454,1619,1824,1596,1871,1287,1084,109,1752,5,78,80,57,0.413953483,1.151606642,-0.399846494
Kenya,Nyanza,Mixed_Landscape,33.5724227,0.651682823,2023,9.885544777,458.5,547,800.5,981,1421.5,2003.5,2310,2293,2493.5,2416.5,2862,2341.5,223.5,2625,4.5,98.5,81.5,56,0.400733054,0.80441447,-0.482463241
Kenya,Nyanza,Mixed_Landscape,34.23070814,1.619078552,2023,1.022176981,171,261.5,435,491,716,978,1100,1187,1140.5,963,756.5,481,258.5,1788,7,50,45,27,0.414779514,0.800828443,-0.463625163
Kenya,Nyanza,Mixed_Landscape,35.35998029,0.47812831,2023,1.228435993,370,429,730,621,1175,2272,2465,3088,2650,2900,2096,1432,92,912,4,64,76,44,0.665138841,1.71438499,-0.617600858
Kenya,Nyanza,Mixed_Landscape,33.86653113,0.528344134,2023,22.43606567,539,658,1058,1100,1534,2367,2836,3066,3068,2853,2871,2209,221,2774,4,112,108,67,0.471915513,1.038672866,-0.486905903
Kenya,Nyanza,Mixed_Landscape,32.12038588,0.609911162,2023,10.44526672,431,520,741,711,1222,2176,2489,2571,2758,2648,2365,1475,189,2476,4,72,76,54,0.566727579,1.582709326,-0.552536249
Kenya,Nyanza,Mixed_Landscape,34.85216266,-0.30178902,2023,10.04934692,446,563,790,664,966,576,588,514,367,160,123,113,165,2088,6,67,81,58,-0.127334461,-1.356238698,0.211656436
Kenya,Nyanza,Mixed_Landscape,35.55186043,-0.502652317,2023,17.6312027,364,475,750,598,1145,2798,3376,3756,3725,3685,2129,1161,85,1346,4,62,77,48,0.725310087,2.087243886,-0.667110503
Kenya,Nyanza,Mixed_Landscape,35.9082221,-1.718432223,2023,117.640221,234,203,373,230,579,1849,2339,2224,2650,2634,1145,545,82,1261,4,24,38,21,0.812550962,2.393757503,-0.712745488
Kenya,Nyanza,Mixed_Landscape,34.99221001,-0.189230115,2023,0.919861972,520,720,954,1140,1487,2124,2394,2489,2679,2710,3373,2519,105,2140,5,116,97,74,0.371727735,0.858142494,-0.445832133
Kenya,Nyanza,Mixed_Landscape,35.74472872,0.222827106,2023,39.6563797,273,260,488,360,918,2330,2959,3012,3191,3138,1758,978,105,1669,4,37,50,27,0.786476851,2.057089668,-0.721142828
Kenya,Nyanza,Mixed_Landscape,35.69864515,-1.216004484,2023,2.014405012,715.5,699,991,1138,1763.5,2218,2478,2637,2825.5,2995.5,3404,2579,97.5,1433.5,5,116,101.5,71,0.397086084,0.887297265,-0.453693509
Kenya,Nyanza,Mixed_Landscape,35.64205129,-0.956840525,2023,0.698346019,395,680.5,903,1186,1498,2021,2230,2370,2531,2558.5,2909.5,2317,91,1625,5,121.5,91.5,69,0.33295837,0.675298009,-0.448212653
Kenya,Nyanza,Mixed_Landscape,34.34416536,1.119615254,2023,19.31536293,366.5,333,657,362,1119.5,3296.5,4003,3880,4138.5,3867,2076,1092,153,2006.5,4,38,68,32.5,0.829325795,2.473632401,-0.710381329
Kenya,Nyanza,Mixed_Landscape,33.90812312,-0.161472172,2023,10.60839272,268,251,274.5,165,162.5,122,138.5,121,126.5,468,127,120,208.5,2487,6,17,28.5,26,-0.15384616,0.142764439,0.3881163
Kenya,Nyanza,Mixed_Landscape,34.21543678,-0.036786011,2023,11.30251503,351.5,452,778,767,1388,2467,2828.5,2881,3036.5,3095,2889,1903,177.5,2744,4,76.5,80,48,0.579495609,1.290913532,-0.574747205
Kenya,Nyanza,Mixed_Landscape,35.91756458,0.010016215,2023,3.899082899,265.5,359,564,513.5,887.5,1803.5,2043.5,2010,2213,2214,1927.5,1272,114.5,1683,4,53,58,37,0.593025565,1.559178996,-0.561771572
Kenya,Nyanza,Mixed_Landscape,32.70725525,0.877429454,2023,10.24894905,444,561,835,759,1258,2274,2620,2750,2920,2813,2882,1800,192,2525,4,78,86,57,0.567398131,1.606941082,-0.534170151
Kenya,Nyanza,Mixed_Landscape,33.20321512,0.198033604,2023,10.35485363,381.5,401,416.5,279.5,301,250,242,221.5,212.5,230,162.5,136,218,2666,6,29.5,44,41.5,-0.115768462,0.130866426,0.305642635
Kenya,Nyanza,Mixed_Landscape,34.78586699,0.600748346,2023,13.19890404,382,499.5,814.5,708.5,1300.5,2463,2860.5,2788.5,3062,3194.5,2342,1564.5,148.5,2178,4,73.5,82.5,51.5,0.594795525,1.578508006,-0.547876775
Kenya,Nyanza,Mixed_Landscape,34.38764382,-0.242500211,2023,1.271942019,528.5,555.5,789.5,719.5,1135.5,2368.5,2726,2723,2967.5,1387,1577,976.5,200,2678,4,74,80,57,0.581989825,1.74232542,-0.550462663
Kenya,Nyanza,Mixed_Landscape,35.41693348,0.549634207,2023,20.38640022,270,297,508,740,988,1897,2243,2055,2379,2566,1828,1199,91,838,4,75,52,31,0.470483005,0.770176877,-0.603589535
Kenya,Nyanza,Mixed_Landscape,34.36473678,1.799639924,2023,4.211391926,295.5,451,727,783,1299,1904,2154,2304,2415.5,2532,2550,1529,202,2012.5,4,80,74.5,47,0.492711365,1.0502693,-0.520290315
Kenya,Nyanza,Mixed_Landscape,34.55032872,0.817601656,2023,21.32579994,338,423,738.5,702.5,1240,2269,2549,2601,2748.5,2934.5,1977,1191,152,1825.5,4,71.5,74.5,43,0.574693501,1.302304843,-0.557718217
Kenya,Nyanza,Mixed_Landscape,33.88916867,0.464653581,2023,18.71173668,360,439,692,858,1367,1871,2175,2350,2353,2314,2776,2111,214,2569,5,88,71,45,0.465087295,0.886722929,-0.545036137
Kenya,Nyanza,Mixed_Landscape,33.96875941,0.065352437,2023,2.858752966,352,379,756,356,1072,3651,4657,4961,4939,4632,2249,1015,213,3064,4,37,77,39,0.86608988,2.705322524,-0.735525608
Kenya,Nyanza,Mixed_Landscape,34.87381206,-0.044870848,2023,1.061925054,353.5,461,807.5,576,1113.5,2340.5,2718.5,2717,2894.5,2990,1837.5,969.5,152,2491.5,4,59,82,47,0.650167048,1.97036628,-0.541778982
Kenya,Nyanza,Mixed_Landscape,33.906057,1.400698107,2023,5.678232193,442,377,632,592,1009,1809,2103,2178,2240,2451,2479,1680,289,2439,4,61,65,39,0.572563171,1.36559325,-0.550177932
Kenya,Nyanza,Mixed_Landscape,34.19306873,1.935016038,2023,4.429514885,237.5,305.5,586.5,473,1044.5,2123,2446,2483,2721.5,2633.5,1924,1052.5,242.5,2634,4,48.5,60,31.5,0.679972947,1.658005444,-0.617853045
Kenya,Nyanza,Mixed_Landscape,32.20428853,0.885604123,2023,15.37209034,564,600,790,883,1219,2016,2150,2284,2544,2547,2906,2264,183,2499,4,91,82,61,0.442374498,1.136068764,-0.486011714
Kenya,Nyanza,Mixed_Landscape,34.45384966,-1.921541308,2023,23.03429794,563,572,756,943,1253,1773,1977,1978,2310,2359,2681,2032,136,1865,5,95,78,58,0.354330719,0.77308037,-0.446964145
Brazil,Mato Grosso,Stable_Forest,-59.23279879,-15.41270974,2019,5.475727081,228,246,449,363,880,1875,2236,2412,2606,2557,1917,920,103,2682,4,37,46,26,0.738378406,1.865440641,-0.686123729
Brazil,Mato Grosso,Stable_Forest,-58.89736787,-16.43544169,2019,2.277131081,399.5,385.5,570,631.5,1067.5,1676.5,1932.5,2047,2256,2181.5,2321.5,1314.5,100,2608,4.5,64,57.5,38,0.528467417,1.201306968,-0.564386725
Brazil,Mato Grosso,Stable_Forest,-58.75049332,-14.8587187,2019,0.742465973,288,385,572,640,1077,1798,2063,2176,2377,2383,2317,1355,66,2078,4,66,59,41,0.545454562,1.227033072,-0.583697259
Brazil,Mato Grosso,Stable_Forest,-55.5194329,-16.27096016,2019,68.86677551,237.5,282.5,502.5,354,815,2109.5,2634.5,2869,2952,3216,1664,756.5,90,1886,4,36.5,51.5,29,0.78032887,2.186766368,-0.701913118
Brazil,Mato Grosso,Stable_Forest,-55.64519704,-13.28442117,2019,1.061925054,442,684,1027.5,1734,1864,2184.5,2395.5,2786,2786,2655.5,3655.5,2376.5,68,1917.5,5,177,105,70,0.232743368,0.32626225,-0.461124957
Brazil,Mato Grosso,Stable_Forest,-62.99727882,-12.16718645,2019,93.600189,223.5,189.5,315,170.5,535.5,1964.5,2569.5,2377,2897,2872,1295,506,70,2941.5,4,17.5,32.5,21.5,0.866143286,2.786336659,-0.76597327
Brazil,Mato Grosso,Stable_Forest,-60.75993478,-15.59839151,2019,31.57464218,278,363,595,487,991,1850,2179,2250,2524,2559,1897,989,58,2629,4,50,61,37,0.644135892,1.798612528,-0.581722319
Brazil,Mato Grosso,Stable_Forest,-57.40050511,-14.57233579,2019,14.28526402,402,492,786,936,1491,2347,2715,2862,3082,3069,2968,1789,80,2411,4,96,80,52,0.507108986,1.005429108,-0.569078922
Brazil,Mato Grosso,Stable_Forest,-59.56472629,-12.91907634,2019,0.466179013,307,394,582,560,1035,1834,2110,2246,2460,2503,2200,1162,78,2088,4,57,60,41,0.600855291,1.589366516,-0.588401675
Brazil,Mato Grosso,Stable_Forest,-61.59590698,-13.52867309,2019,56.05357361,153,220,433.5,237.5,662,1941.5,2403,2521.5,2671.5,2914.5,1283.5,506.5,76,2737.5,4,24.5,45,23.5,0.827836156,2.48531012,-0.706598997
Brazil,Mato Grosso,Stable_Forest,-61.07802822,-13.10718356,2019,0.970350027,595.5,766.5,1124,1602,1942.5,2249.5,2417.5,2461.5,2707,2731,3992.5,2986.5,84,2612,5,163,114.5,78.5,0.21151717,0.339683042,-0.373030275
Brazil,Mato Grosso,Stable_Forest,-59.49645433,-15.39061118,2019,27.00260353,486,751,1100,1544,1935,2385,2645,2808,3086,3023,4035,2630,104,2783,5,157,112,78,0.290441185,0.490645136,-0.43705219
Brazil,Mato Grosso,Stable_Forest,-58.43913724,-14.36024355,2019,0.919861972,345,378,623,817,1174,1647,1772,1650,1883,1718,2001,1570,60,1989,5,84,63,39,0.337657064,0.560112964,-0.451825768
Brazil,Mato Grosso,Stable_Forest,-62.09887371,-14.12614259,2019,39.188789,165.5,214.5,339,207,620,2127,2774,2765,3135,3282,1352,537.5,58,2969,4,21.5,35,22,0.860699892,2.665416276,-0.781572163
Brazil,Mato Grosso,Stable_Forest,-62.69508556,-14.58293591,2019,8.709317207,263,258,407,233,661,2079,2600,2866,2945,2941,1511,613,64,3166,4,24,42,27,0.849628925,2.825107296,-0.751298487
Brazil,Mato Grosso,Stable_Forest,-60.14467864,-14.98654897,2019,61.62192535,598.5,932,1328,1434,1976.5,3254.5,3699.5,3959,4070.5,3792.5,3695,2378.5,83,2509.5,2,146,135.5,94,0.468199521,1.132490133,-0.497635722
Brazil,Mato Grosso,Stable_Forest,-62.7362284,-15.26170294,2019,111.820412,293,284,467,302,646,1928,2442,2618,2776,2798,1422,624,63,2893,4,31,48,29,0.793150663,2.516297262,-0.697244704
Brazil,Mato Grosso,Stable_Forest,-58.73719825,-17.55770698,2019,39.439251,358.5,352,505,634,945,1281.5,1526,1604,1820,1883.5,2193,1340.5,123.5,2270,5,64.5,52.5,36,0.433422685,0.875767425,-0.521100044
Brazil,Mato Grosso,Stable_Forest,-56.14978074,-16.13252978,2019,16.98355484,280.5,322.5,463.5,399.5,912,1669.5,1983.5,2093,2330,2263,1886,920.5,79,2338,4,42,48.5,33,0.679438293,2.043069128,-0.637394905
Brazil,Mato Grosso,Stable_Forest,-59.94282719,-15.69064849,2019,0.742465973,266.5,359.5,521,507.5,917,1534,1711,1787,1960,1997,2086.5,1177.5,108,2974,4,51.5,53,38,0.557637811,1.497016497,-0.548526883
Brazil,Mato Grosso,Stable_Forest,-62.82363448,-12.50396485,2019,100.7320404,186,222.5,339,187.5,572,2100.5,2660.5,2561,3027,3035,1306,517.5,64,3098,4,19.5,35,23.5,0.863561928,2.94004707,-0.76620692
Brazil,Mato Grosso,Stable_Forest,-59.02232352,-13.62658946,2019,2.613564014,176,231,438,272,830,2008,2352,2402,2593,2562,1086,451,84,2211,4,29,45,23,0.796559453,2.312703583,-0.691549301
Brazil,Mato Grosso,Stable_Forest,-58.1937175,-13.35386094,2019,0.005343,269,303.5,446,455.5,784,1253.5,1427,1498,1692.5,1607,1150.5,667.5,62,2425.5,4,47,46,31.5,0.533657551,1.332608974,-0.541152239
Brazil,Mato Grosso,Stable_Forest,-55.51341419,-15.50496672,2019,1.228435993,418,594,858,1432,1937,2416,2775,3082,3416,3360,4300,2762,103,1638,5,146,89,60,0.365529478,0.57132964,-0.564467013
Brazil,Mato Grosso,Stable_Forest,-62.18897473,-12.9377613,2019,7.292941093,201,219,424,217,763,2415,3026,3176,3353,3271,1479,553,76,2957,4,22,44,23,0.872089624,2.607967566,-0.76444447
Brazil,Mato Grosso,Stable_Forest,-59.19354242,-15.78560041,2019,3.752533913,367,594.5,895,1254,1578,2016.5,2277,2501.5,2639.5,2746.5,3428.5,2314,106,2461.5,5,128,92,61,0.332179457,0.560145481,-0.472986907
Brazil,Mato Grosso,Stable_Forest,-55.41531816,-16.39636498,2019,116.3299103,150,226,504.5,241.5,915,2758.5,3414.5,3346,3719,3305,1382,549.5,94,2322,4,25,52,23.5,0.865365863,2.50282167,-0.737956107
Brazil,Mato Grosso,Stable_Forest,-61.78563117,-13.34290149,2019,0.093006,325.5,317.5,503,468.5,889.5,1545.5,1785.5,2182.5,2182.5,2123,1518.5,826.5,97,3027,4,47,51,35,0.64654845,1.639720654,-0.625395656
Brazil,Mato Grosso,Stable_Forest,-60.3440148,-15.64160047,2019,5.024991989,253,318.5,549,400,979,1852,2160.5,2241,2492.5,2492,1731.5,814.5,64,2449,4,41,56.5,32.5,0.697084427,2.042605126,-0.606451631
Brazil,Mato Grosso,Stable_Forest,-55.61285769,-15.2191228,2019,88.80173492,180,232,442,326,703,1738,2126,2100,2365,2640,1253,625,80,2065,4,34,46,23,0.731244862,1.914113077,-0.652242303
Brazil,Mato Grosso,Stable_Forest,-59.26459915,-16.94316949,2019,4.796133995,335,417,612,681,1115,1568,1817,1982,2226,2210,2587,1570,82,2541,4,69,63,44,0.488546759,1.10572837,-0.528141856
Brazil,Mato Grosso,Stable_Forest,-56.57773814,-14.78730264,2019,1.564893007,595,817,1204,1582,2118,2660,2946,3044,3266,3254,3880,2552,78,2036,5,161,123,82,0.316039771,0.570247289,-0.433145016
Brazil,Mato Grosso,Stable_Forest,-56.09947508,-16.88172472,2019,0.014707,311,416,596,730,1141,1590,1847,2016,2210,2232,2687,1615,153,2254,4,75,61,44,0.468317538,0.981080256,-0.543644726
Brazil,Mato Grosso,Stable_Forest,-62.34034086,-14.44216991,2019,20.62196159,245,262,453.5,289.5,745,2413.5,3096.5,3224,3454,3176.5,1564.5,665.5,58,3184.5,4,30,46.5,27.5,0.835207045,2.447864531,-0.75336504
Brazil,Mato Grosso,Stable_Forest,-61.32811919,-13.8272731,2019,80.6697998,210.5,193,392.5,198,660.5,2289.5,2883.5,3186,3250,3388,1322,501.5,58,2870,4,21,40.5,20.5,0.882978737,2.551665243,-0.780634344
Brazil,Mato Grosso,Stable_Forest,-57.70296787,-16.13091281,2019,10.2384758,468.5,504.5,671,995,1319.5,1712.5,1955.5,1957,2316,2333.5,3361,2206,91,2448,5,100.5,68.5,52,0.325880766,0.580322133,-0.489345521
Brazil,Mato Grosso,Stable_Forest,-61.62070048,-13.96282887,2019,11.10416698,211.5,247.5,495,271,866,2285.5,2740,2921,3059,3175.5,1679.5,729.5,58,2945,4,28.5,50.5,24.5,0.830200493,2.461224111,-0.710187376
Brazil,Mato Grosso,Stable_Forest,-58.37445854,-17.81740992,2019,11.43463612,406,412,552.5,595.5,1010.5,1630,1912,2058,2331,2283.5,2116,1157.5,141,2346.5,4,61,57,44,0.551158845,1.438335956,-0.576709449
Brazil,Mato Grosso,Stable_Forest,-55.83438224,-14.01268537,2019,2.519921064,591,688,984,1626,2052,2503,2758,2862,3154,3178,4222,2946,67,2062,5,166,100,69,0.275401056,0.414264647,-0.488299519
Brazil,Mato Grosso,Stable_Forest,-60.04640295,-17.5714512,2019,16.43339348,456.5,431.5,582,603,995.5,1495.5,1750.5,1937,2099,2043.5,2099,1202.5,122.5,2330,4,62,59.5,44.5,0.52519685,1.43765492,-0.537911892
Brazil,Mato Grosso,Stable_Forest,-59.51639693,-17.97048285,2019,51.55097961,261,277,440,372,864,1864,2143,2161,2530,2337,1682,860,151,2398,4,37,46,30,0.706277132,1.93071444,-0.661668599
Brazil,Mato Grosso,Stable_Forest,-59.61107936,-12.13242165,2019,5.867386818,206,242,458.25,271.6666667,881,2349,2756,2857.5,3047.25,3119,1493.5,607.5,62,2332.75,4,28,47,25,0.826364875,2.418022567,-0.723591924
Brazil,Mato Grosso,Stable_Forest,-55.96912954,-15.48286816,2019,0.939836979,319,413,585,697,1063,1509,1775,1868,2159,2074,2717,1625,111,2085,4,72,61,42,0.456530213,0.991196885,-0.523033023
Brazil,Mato Grosso,Stable_Forest,-58.7561527,-13.59236365,2019,110.439178,259,290,425,299,764,1980,2403,2370,2650,2456,1575,703,61,2176,4,31,44,30,0.775946021,2.601758794,-0.695885539
Brazil,Mato Grosso,Stable_Forest,-56.43257039,-16.79225252,2019,55.36937332,245,282,574,394,968,2356,2715,3012,3108,2644,1622,805,141,2577,4,42,59,28,0.768643558,2.006437768,-0.679866135
Brazil,Mato Grosso,Stable_Forest,-62.24745506,-14.46085486,2019,149.920059,201.5,225,369.5,208.5,628,2141,2754.5,2819,3045,3135,1491,599.5,58,3185,4,22,38,23.5,0.862262607,2.738095238,-0.768229604
Brazil,Mato Grosso,Stable_Forest,-57.55959675,-14.62282111,2019,0.787926972,349,479.5,781.5,1031,1584,2058.5,2317,2442,2611.5,2658.5,3170.5,1992,77,2267.5,5,105.5,79.5,49.5,0.406277001,0.700909046,-0.515123308
Brazil,Mato Grosso,Stable_Forest,-56.6710731,-17.08339651,2019,10.85817719,236,271,448,343,740,1885,2277,2217,2553,2818,1538,759,165,2794,4,34,45,28,0.732031226,2.088254959,-0.663789868
Brazil,Mato Grosso,Stable_Forest,-56.18068278,-14.84308802,2019,1.228435993,576,747,1104,1652,2057,2282,2521,2610,2769,2996,3872,2528,81,2262,5,168,111,76,0.224777102,0.346073261,-0.405492723
Brazil,Mato Grosso,Stable_Forest,-56.22811383,-17.96697942,2019,3.864979982,265.5,322.5,516.5,550.5,882.5,1429.5,1613.5,1736,1914,1948,2560,1666.5,170.5,2303.5,4,56,52.5,34,0.518478036,1.130662852,-0.541398466
Brazil,Mato Grosso,Stable_Forest,-62.28725042,-17.53219482,2019,1.470126987,372,384.5,550.5,461,854.5,1619,1891.5,1967,2108,2106.5,1582.5,907,95,2267,4,46.5,55.5,39,0.620263577,2.034860154,-0.56266135
Brazil,Mato Grosso,Stable_Forest,-58.25947418,-15.11159446,2019,21.25168228,314,475,835,1064,1668,2338,2617,2800,3029,3047,2866,1717,67,2115,4,108,85,50,0.449275374,0.771898622,-0.54057771
Brazil,Mato Grosso,Stable_Forest,-55.07602448,-15.42959807,2019,0.919861972,502,683,1054,1887,2211.5,2321.5,2488.5,2562,2684.5,2714.5,3856,3104.5,68.5,1690,5,192,107.5,69.5,0.151719481,0.192582026,-0.417035401
Brazil,Mato Grosso,Stable_Forest,-57.671437,-14.69962707,2019,0.147077993,364,402.5,569,748.5,1151.5,1524.5,1775,1983,2171.5,2228.5,2647,1533.5,81,2319.5,5,76,58,41,0.451949477,0.892947559,-0.554075241
Brazil,Mato Grosso,Stable_Forest,-55.89924061,-16.64034741,2019,131.155243,142,188,417,290,723,1801,2160,2250,2462,2524,1098,437,158,2492,4,30,43,20,0.771653533,1.898488958,-0.687289059
Brazil,Mato Grosso,Stable_Forest,-59.91300313,-15.4048944,2019,2.602649927,332,473,620,634,1036,1606,1827,1876,2128,2148,2572,1527,105,2702,4,64,62,49,0.494820714,1.45535505,-0.503205121
Brazil,Mato Grosso,Stable_Forest,-62.77386781,-12.50746828,2019,0.052021999,331.5,394,588.5,629,1047.5,1659,1930,2073,2260.5,2193,2315.5,1429.5,64,2968,4,64.5,60.5,40,0.534418941,1.247839613,-0.557768166
Brazil,Mato Grosso,Stable_Forest,-59.26379067,-12.5397178,2019,55.98504257,144,198,411,214,763,2460,3045,3152,3345,3154,1231,476,81,2982,4,22,42,21,0.872846127,2.488143631,-0.769295514
Brazil,Mato Grosso,Stable_Forest,-57.80178255,-17.74832948,2019,96.331047,203.5,250,448,442,906,1635,1922,2183,2285,2337,1863,950.5,157,2456,4,45,47,26.5,0.663238108,1.469942587,-0.659445107
Brazil,Mato Grosso,Stable_Forest,-58.14484915,-12.45267105,2019,417.5365601,562,737,1046,1534,1915,2224,2444,2549,2830,2820,4226,2845,63,2488,5,155,108,75,0.248591721,0.407532322,-0.418080658
Brazil,Mato Grosso,Stable_Forest,-61.76523941,-17.20655553,2019,0.444341987,541,713,976,1080,1260,2163,2498,2720,2843,2919,2752,1862,75,2574,4,110,100,72,0.431578934,1.063967821,-0.471861482
Brazil,Mato Grosso,Stable_Forest,-62.26470271,-12.61814072,2019,94.799171,207,204.5,342,189.5,641.5,2093,2648,2608.5,3005,3019,1463.5,584.5,70,3163.5,4,20,35.5,21,0.86454612,2.733024517,-0.768174887
Brazil,Mato Grosso,Stable_Forest,-59.66282232,-15.1772613,2019,28.60668755,221,229,389,263,691,1967,2414,2235,2599,2978,1260,546,81,2702,4,26,40,24,0.789431572,2.351538278,-0.703506112
Brazil,Mato Grosso,Stable_Forest,-62.00257431,-15.95250739,2019,27.0566082,303.5,330.5,504.5,404.5,768,1665,2004,2266.5,2389,2467.5,1727,864.5,68,2414.5,4,41,52,34.5,0.697117209,2.10086878,-0.63587153
Brazil,Mato Grosso,Stable_Forest,-62.12842828,-17.66891841,2019,1.613895059,676.5,887,1237,1792,2247,2711,2976.5,3055,3322.5,3380.5,3640.5,2542,95,2194.5,5,184,126.5,91,0.260573536,0.441268954,-0.423578739
Brazil,Mato Grosso,Stable_Forest,-56.04863044,-16.93562364,2019,2.932382107,270,334.5,478,495,856.5,1551.5,1827,1763,2184,2123.5,2246.5,1255,153,2326,4,51.5,49,35,0.561558902,1.424559038,-0.573404729
Brazil,Mato Grosso,Stable_Forest,-62.08728544,-13.22710865,2019,5.22492218,219,237,520,257.5,896,2760,3378,3444,3687,3265,1718,759,76,3260,4,26.5,53.5,24.5,0.860867202,2.479766537,-0.737638772
Brazil,Mato Grosso,Stable_Forest,-57.37292683,-15.00217966,2019,84.129959,222,264,490,299,822,2263,2775,2894,3015,3099,1257,530,82,2734,4,30,51,27,0.812715292,2.394795127,-0.710401893
Brazil,Mato Grosso,Stable_Forest,-56.65687972,-15.35737352,2019,4.10528183,271,325,537,504,947,1897,2226,2084,2570,2685,1929,994,81,2320,4,52,55,33,0.610510051,1.478570092,-0.59023273
Brazil,Mato Grosso,Stable_Forest,-57.89287172,-16.48188459,2019,2.510912895,406,508,725,880,1219,1674,1931,2042,2300,2293,2851,1744,177,2397,4,89,74,54,0.397672832,0.826928551,-0.475966752
Brazil,Mato Grosso,Stable_Forest,-60.9993358,-16.0152098,2019,41.811562,289,339,502,461,856,1460,1727,1978,2070,2035,1883,1038,63,2589,4,47,52,35,0.621976197,1.721906924,-0.595161319
Brazil,Mato Grosso,Stable_Forest,-57.14610222,-13.88440595,2019,1.887864947,601,797,1152,1822,2160,2253,2522,2600,2921,2891,4691,3401,61,2049,5,186,118,81,0.175938487,0.257428363,-0.385927498
Brazil,Mato Grosso,Stable_Forest,-61.24206059,-16.81489007,2019,4.030855179,397.5,512,687,878.5,1112,1588.5,1751,1892.5,2053.5,2067.5,2690,1897.5,63,2233.5,5,90,70.5,53,0.365932882,0.76252068,-0.467338622
Brazil,Mato Grosso,Stable_Forest,-62.69535506,-14.43785799,2019,176.363571,239,234,367.5,210,644,1978,2456.5,2381,2745.5,2712,1420.5,564.5,61,3176,4,22,38,24,0.8379004,2.876258612,-0.732581437
Brazil,Mato Grosso,Stable_Forest,-56.49455414,-17.84238309,2019,5.857732773,321.5,423,618,727,1195.5,1822.5,2122.5,2206.5,2493.5,2537,2690.5,1647,165.5,2301,4,74,63,43,0.504346371,1.088828378,-0.562400401
Brazil,Mato Grosso,Stable_Forest,-62.4179553,-14.93399753,2019,79.601341,302,230,399,228,633,2122,2658,2510,3013,3134,1535,680,64,3097,4,24,41,24,0.833455086,2.648560817,-0.725678921
Brazil,Mato Grosso,Stable_Forest,-62.34168833,-14.89294452,2019,7.198321819,225,215,366,197,641,2485,3133,3074,3507,3639,1582,646,64,3172,4,21,38,21,0.879547536,2.719795803,-0.787209332
Brazil,Mato Grosso,Stable_Forest,-61.9829012,-17.91865006,2019,0.052021999,589,772,1030,1422,1586,1927,2108,2272,2351,2451,3293,2727,109,2170,5,146,104,78,0.230102867,0.423728814,-0.376135677
Brazil,Mato Grosso,Stable_Forest,-58.96501101,-17.13001907,2019,6.172585964,290.5,488,681.5,895,1287.5,1607.5,1850,2104,2178,2309,2724.5,1891.5,97,2536.5,5,91.5,70,51,0.403134376,0.792267366,-0.510680318
Brazil,Mato Grosso,Stable_Forest,-56.83708176,-15.99760282,2019,0.334051013,341,354,506,388,966.5,2243.5,2721,2804,3069,2991,1885.5,974.5,76,2541,4,40.5,52.5,37,0.756892204,2.437449556,-0.694259822
Brazil,Mato Grosso,Stable_Forest,-62.24970084,-13.87757875,2019,7.7155509,237.5,284.5,549.5,255,903,2912.5,3585.5,3829,3944,3451,1681,707.5,58,3194.5,4,26.5,56.5,29.5,0.875122428,2.769469198,-0.749000788
Brazil,Mato Grosso,Stable_Forest,-56.24661913,-17.93167563,2019,0.277368993,417,359,503,613,1133,1620,1909.5,1755,2244,2442.5,2845.5,1865.5,164.5,2399.5,4,62.5,51.5,36.5,0.482263505,1.041400693,-0.554472983
Brazil,Mato Grosso,Stable_Forest,-55.98089747,-14.42330529,2019,28.15537262,333,312,478,402,845,1347,1548,1772,1749,2042,1807,1114,68,1935,4,41,48,33,0.630174816,1.856368564,-0.575111091
Brazil,Mato Grosso,Stable_Forest,-59.18006769,-15.48017322,2019,3.924571991,420.5,587,910.5,1239,1754.5,2544.5,2919.5,2957,3333,3157.5,3472.5,2145.5,106,2706,4.5,126.5,92.5,60.5,0.409437567,0.717088238,-0.529153228
Brazil,Mato Grosso,Stable_Forest,-60.32020945,-14.69154223,2019,4.70651722,168.5,207,338.5,253.5,725.5,1609,1925.5,1916.5,2205,2449,1684.5,817,61,2133,4,26.5,35,21,0.766359448,2.204400848,-0.699778259
Brazil,Mato Grosso,Stable_Forest,-57.9432672,-15.5476367,2019,2.240773916,433,497,802,1190,1767,2232,2512,2470,3063,3086,3950,2523,81,2606,5,120,82,51,0.349726766,0.543893941,-0.50977993
Brazil,Mato Grosso,Stable_Forest,-57.03318399,-14.08562857,2019,110.332077,186,257,477,265,727,1935,2235,2820,2520,2569,1371,606,60,2227,4,27,49,27,0.828200996,2.571975035,-0.710646033
Brazil,Mato Grosso,Stable_Forest,-55.55671299,-12.1131977,2019,61.566769,240.5,263,442.5,247.5,725,2290,2875,2885,3177,2926,1428,588,74,2111,4,25.5,45.5,28,0.841979265,2.74911403,-0.734034538
Brazil,Mato Grosso,Stable_Forest,-57.47111269,-14.4891518,2019,82.176437,233.5,268,458,282,756,2143,2715,2938,2995.5,3028,1560,670,75,2372,4,29,46,28,0.824844718,2.533384205,-0.730270922
Brazil,Mato Grosso,Stable_Forest,-58.60748152,-12.22153452,2019,6.904451847,235.5,258,423.5,279,831.5,1931.5,2274,2220.5,2562.5,2711.5,1466.5,637,63,2668,4,29.5,44.5,25.5,0.776755333,2.475771487,-0.679652035
Brazil,Mato Grosso,Stable_Forest,-55.22316852,-13.78720823,2019,2.382531881,242,309,500,495,943,1698,1987,2122,2292,2355,2042,1018,73,2089,4,51,51,32,0.621704221,1.465501711,-0.618611753
Brazil,Mato Grosso,Stable_Forest,-60.9811,-15.59372027,2019,21.22916031,318,352,529,527,1082,1771,1995,2008,2362,2268,2191,1286,63,2589,4,54,54,36,0.584220886,1.462860529,-0.58297199
Brazil,Mato Grosso,Stable_Forest,-58.52196191,-16.6340592,2019,1.022176981,289,340,484,574,875,1131,1325,1434,1597,1657,2110,1519,165,2648,5,60,51,35,0.42828685,0.92314298,-0.495307624
Brazil,Mato Grosso,Stable_Forest,-58.8096923,-14.20905709,2019,37.35704422,239,216,378,255,662,1342,1561,1954,1763,1892,1407,722,66,1864,4,26,40,23,0.769126296,2.277479893,-0.675814748
Brazil,Mato Grosso,Stable_Forest,-60.54092551,-15.01322893,2019,77.26243591,113,193,392.5,195,673.5,2279.5,2878.5,3283,3202.5,3019.5,1397.5,566,64,2721.5,4,20,40,19,0.887866616,2.567769832,-0.786423624
Brazil,Mato Grosso,Stable_Forest,-62.44122166,-15.15381528,2019,165.855148,257,235,428,222,757,2839,3543,3532,3841,3084,1318,523,64,3031,4,23,44,24,0.881726146,2.667203868,-0.783838391
Brazil,Mato Grosso,Stable_Forest,-61.71313712,-13.79655071,2019,131.445541,245,253.5,436.5,250,728,2204,2736,2987.5,3083.5,2912.5,1504.5,617.5,58,3123,4,26,45,26.5,0.845559835,2.645183109,-0.745035052
Brazil,Mato Grosso,Stable_Forest,-58.90338658,-14.25100841,2019,1.564893007,311.5,382,587.5,815,1096,1376.5,1554,1618,1789,1721,2535,1603,65,1861.5,5,83.5,60.5,39,0.330045223,0.550905598,-0.467240989
Brazil,Mato Grosso,Stable_Forest,-61.23199946,-14.38234211,2019,26.01311111,150.5,178.5,335,177,611.5,2114.5,2738.5,2784.5,3010.5,3135.5,1298.5,531.5,58,2774,4,18.5,34.5,19.5,0.880465984,2.59840558,-0.785221994
Brazil,Mato Grosso,Stable_Forest,-56.63756594,-14.48582803,2019,21.9861412,298,327,498,448,1056,1857,2176,2306,2602,2505,2163,1142,81,2395,4,46,51,34,0.67465502,1.826941986,-0.644793153
Brazil,Mato Grosso,Stable_Forest,-61.34563634,-15.58356931,2019,0.273148,308,304,438,362,796,1653,1955,2021,2299,2301,1979,1016,57,2637,4,37,45,31,0.696181297,2.1669279,-0.643757641
Brazil,Mato Grosso,Stable_Forest,-58.18455469,-15.6633397,2019,1.500722051,361,432,736,691,1453,1426,1777,1123,1903,2990,2566,1653,75,2324,5,72,75,44,0.238147736,0.532019704,-0.208176434
Brazil,Mato Grosso,Stable_Forest,-55.17214422,-15.05886335,2019,0.365060002,285,407,605,777.5,1165,1792,2088,2236,2445.5,2457,2625.5,1590.5,77,1762.5,4,80,62,42,0.483988732,0.947200935,-0.57409364
Brazil,Mato Grosso,Stable_Forest,-62.52620229,-13.4768403,2019,4.150102139,196,242,435.5,233.5,745.5,2572,3271.5,3454,3692.5,3405.5,1615,662,82,3182.5,4,24,44.5,25,0.873355925,2.64756659,-0.77606374
Brazil,Mato Grosso,Stable_Forest,-61.86153881,-14.14806148,2019,74.80678558,268.5,254.5,375.5,223,602.5,2002.5,2619,2864.5,2871.5,3420.5,1308,541.5,58,2904,4,24,38,27,0.855546534,2.877764462,-0.768209875
Brazil,Mato Grosso,Stable_Forest,-61.25014543,-14.73996142,2019,112.596802,161,178.5,343.5,211,613,1841,2350,2541.5,2639.5,2567,1375.5,555.5,64,2806.5,4,23,35,21,0.846684813,2.359044438,-0.761871755
Brazil,Mato Grosso,Stable_Forest,-59.26450932,-13.84245462,2019,0.834730983,642,876,1204,1800,2103,2210,2470,2558,2801,2752,4711,3514,66,1912,5,183,122,90,0.173932999,0.279128001,-0.359914929
Brazil,Mato Grosso,Stable_Forest,-56.91882845,-12.86724355,2019,53.7856369,268,288,467,307,770,2243,2846,3264,3207,3231,1542,706,63,2190,4,32,48,30,0.828059375,2.508483203,-0.749664962
Brazil,Mato Grosso,Stable_Forest,-61.59051709,-16.04790848,2019,47.625439,303,398,545,524,901,1517,1800,2010,2176,2059,1942,1111,63,2595,4,54,56,41,0.586424649,1.711981567,-0.573385537
Brazil,Mato Grosso,Stable_Forest,-56.82782912,-17.00398543,2019,80.971863,221,286,480,330,800,2061,2566,2866,2870,2838,1623,737,147,2484,4,35,49,31,0.79349184,2.346410067,-0.713090241
Brazil,Mato Grosso,Stable_Forest,-55.94748014,-13.8435326,2019,4.10528183,837,1110,1592,2460,2917,3092,3306,3476,3733,3656,4889,3691,68,2015,5,250,162,112,0.171159029,0.256255044,-0.371744275
Brazil,Mato Grosso,Stable_Forest,-56.87373303,-15.68130601,2019,0.391957015,374,394.5,635.5,542.5,1172,2082.5,2419,2618,2820,2576,2214.5,1137,77.5,2399.5,4,55,65,40.5,0.656699896,1.779864506,-0.609343767
Brazil,Mato Grosso,Stable_Forest,-62.14935903,-17.90257021,2019,1.613895059,634.5,947.5,1354,1962,2245,2813,3105,3460,3633.5,3631,4030,2654.5,94.5,2238,5,200,138,94.5,0.276281804,0.460823823,-0.437474042
Brazil,Mato Grosso,Stable_Forest,-56.42727033,-13.36203561,2019,137.020981,207.5,253.5,418,281,747.5,2159,2621,2912,2851.5,2964,1384,592,66,2238.5,4,30,42.5,26,0.823989987,2.438142897,-0.748948932
Brazil,Mato Grosso,Stable_Forest,-60.55583754,-12.13610474,2019,68.208282,202,194,312.5,181,653,1964,2495,2134.5,2800.5,2992,1227.5,482,63,2762.5,4,18,32.5,21,0.843662262,2.764647608,-0.744585216
Brazil,Mato Grosso,Stable_Forest,-57.10927129,-12.62460859,2019,42.40089035,202,228,402,235,726,2294,2961,3094,3295,3120,1506,605,63,2388,4,24,41,24,0.858816445,2.557245081,-0.770022869
Brazil,Mato Grosso,Stable_Forest,-60.0835932,-17.67143369,2019,84.97967529,477,461.5,611.5,678.5,998.5,1419.5,1650,1703,1915,1933,2247,1360.5,106.5,2477.5,5,68.5,62,47.5,0.43019107,1.106969206,-0.471592128
Brazil,Mato Grosso,Stable_Forest,-60.97490162,-13.73501612,2019,106.6645203,223.5,217,447.5,202.5,743.5,2556.5,3178.5,3405.5,3442,3303,1397,553,67,2495,4,21,46,23,0.887749434,2.674515698,-0.767713487
Brazil,Mato Grosso,Stable_Forest,-57.96410812,-13.85000047,2019,1.564893007,527,583,838,1408,1891,2300,2656,2634,2971,2645,3324,2332,61,1953,5,144,86,60,0.303315192,0.456746889,-0.517281115
Brazil,Mato Grosso,Stable_Forest,-60.65896414,-16.30644362,2019,84.56161499,304,304,444.5,393,825,1409.5,1625.5,1765,1926.5,1879.5,1824.5,1024,63,2488,4,40.5,46,31,0.635773838,1.860086768,-0.597646534
Brazil,Mato Grosso,Stable_Forest,-62.43520295,-14.94648411,2019,146.882858,275,252,394,233,692,2516,3153,3040,3482,3474,1611,689,64,3111,4,25,42,26,0.857622981,2.753040408,-0.770529985
Brazil,Mato Grosso,Stable_Forest,-55.70439602,-13.66324072,2019,2.014405012,565,772,1136,1864,2258,2463,2779,2972,3289,3344,4785,3304,67,1920,5,190,116,79,0.229114965,0.331062507,-0.446932822
Brazil,Mato Grosso,Stable_Forest,-61.8122213,-14.60799891,2019,6.132237911,193,242,463,214.5,798.5,2656.5,3276.5,3326,3592.5,3261.5,1682.5,673,61,3117.5,4,22,47,26.5,0.878830671,2.779117542,-0.75560832
Brazil,Mato Grosso,Stable_Forest,-58.47255457,-14.54835077,2019,2.45874095,365.5,412,625,709.5,1119,1786.5,2055,2110,2376,2405.5,2564.5,1573,66,2007.5,4,73,64,42.5,0.496719271,1.068105552,-0.542961597
Brazil,Mato Grosso,Stable_Forest,-57.83502021,-15.19504795,2019,1.061925054,486.5,573,864,1168,1664,1988.5,2286.5,2700,2705,2472.5,3794.5,2674,78.5,2404,5,119.5,88.5,59,0.396070331,0.70775201,-0.515151501
Brazil,Mato Grosso,Stable_Forest,-61.75032738,-16.03479307,2019,10.83390522,362,322,484,329,707,1548,1896,2046,2155,2296,1778,872,63,2471,4,34,50,32,0.722947359,2.672789539,-0.617391288
Brazil,Mato Grosso,Stable_Forest,-61.12680674,-14.60413615,2019,223.2803802,197,213.5,397.5,201.5,611.5,1943,2515.5,2869.5,2769,2675.5,1418.5,579,64,2776.5,4,20.5,40,23,0.868772388,2.691415313,-0.756657481
Brazil,Mato Grosso,Stable_Forest,-56.21607641,-15.80096161,2019,1.157595992,543.5,804,1104,1552,1906,2255.5,2539.5,2820,2882.5,2711.5,3919.5,2830.5,79,2476,5,158,112.5,81.5,0.29002744,0.51941668,-0.437308878
Brazil,Mato Grosso,Stable_Forest,-58.12167262,-15.13306419,2019,1.959676027,372,495,739,1048,1329,1809,2114,2342,2509,2659,3246,2030,75,2089,4,107,76,51,0.381710917,0.65772085,-0.520285606
Brazil,Mato Grosso,Stable_Forest,-58.00911371,-15.29979151,2019,2.772066116,697,1015,1440,2088,2504,2720,3097,3218,3416,3526,4905,3391,81,2277,5,213,147,103,0.212966457,0.34728625,-0.38170889
Brazil,Mato Grosso,Stable_Forest,-55.0287731,-15.08221955,2019,0.127081007,315.5,368.5,538,588.5,1021,1557,1850.5,2028,2148,2165,2322.5,1304,60,1564.5,4,60.5,55,37.5,0.550162435,1.286991506,-0.580670297
Brazil,Mato Grosso,Stable_Forest,-56.02024367,-16.81021883,2019,14.56434822,253.5,372.5,589.5,592.5,1113,1627,1893,1966,2284,2452,2267.5,1347,159.5,2305.5,4,61,62,38,0.536837995,1.258590672,-0.538642168
Brazil,Mato Grosso,Stable_Forest,-59.77394392,-17.37193537,2019,13.95110607,338,384,572,618,984,1486,1729,1826,2025,2019,2101,1150,148,2420,4,61,59,39,0.494271696,1.13747646,-0.522935808
Brazil,Mato Grosso,Stable_Forest,-55.08599578,-14.80976052,2019,50.61987686,406,497.3333333,701,946,1444.666667,1993.5,2282,2348,2693.5,2720.5,3688,2300,74,1947,5,97,72,51,0.425622344,0.816065192,-0.540177107
Brazil,Mato Grosso,Stable_Forest,-55.06111245,-14.88800378,2019,3.099298,247,237,491.9090909,326.8,919.2,2408,2871,2988,3288.8,3118.5,1865,843,73,2030,4,34,50,23,0.802823722,2.097216531,-0.717286229
Brazil,Mato Grosso,Stable_Forest,-55.40498754,-13.37560017,2019,0.057360001,249,244.5,501,257.5,959.5,2610,3030.5,3194,3396,3152,1522.5,645.5,68,2286.5,4,26.5,51.5,26,0.850789487,2.526021505,-0.728822708
Brazil,Mato Grosso,Stable_Forest,-57.82442009,-13.26501756,2019,1.630395055,627,888,1304,2132,2581,2737,3036,3128,3559,3679,4724,3209,62,2274,5,217,133,91,0.189353615,0.268869453,-0.41155234
Brazil,Mato Grosso,Stable_Forest,-61.77080897,-15.32754945,2019,98.23392487,259.5,267,468,266.5,738,2279.5,2854.5,3200,3183,3010,1579,678,63,3003,4,27,47.5,27,0.846242607,2.621537087,-0.744820058
Brazil,Mato Grosso,Stable_Forest,-62.43708941,-17.35980812,2019,1.592457056,534.5,787.5,1060,1523,1862,2674.5,2928.5,3032,3249,3299.5,3446.5,2407,95,2348,5,155,108,80.5,0.331284314,0.602178858,-0.481915921
Brazil,Mato Grosso,Stable_Forest,-60.48496047,-15.51862111,2019,9.361086845,290,424.5,653,585.5,1098.5,1864,2156.5,2336,2501.5,2526,2222,1158,64,2568.5,4,60,67,43.5,0.599178493,1.641350211,-0.563064575
Brazil,Mato Grosso,Stable_Forest,-55.1014468,-13.1503027,2019,1.564893007,586,852.5,1212,1846,2112.5,2341.5,2553,2856,2995.5,3100,4408,3038,62,1789,5,188,123.5,87,0.214802206,0.33491395,-0.404129803
Brazil,Mato Grosso,Stable_Forest,-60.09428315,-17.72227834,2019,67.214989,496.5,443.5,597.5,652,963.5,1397.5,1588.5,1776,1862,1802,2193.5,1285,106,2328.5,5,66.5,61,45,0.462932467,1.189292138,-0.496524125
Brazil,Mato Grosso,Stable_Forest,-62.52719044,-12.65443266,2019,68.455254,143.5,182,336.5,189,620.5,2008,2528,2550,2887.5,2962.5,1428.5,564,64,3117,4,19.5,35,19,0.861993432,2.544181034,-0.766845644
Brazil,Mato Grosso,Stable_Forest,-59.58871131,-12.7206385,2019,72.684776,214.7,215.3333333,423.4545455,216.3333333,727.5,2104.5,2646,2887.6,2903,3055.888889,1320.461538,538.2352941,73.11111111,2277,4,23,43,23,0.860606968,2.596891689,-0.744217694
Brazil,Mato Grosso,Stable_Forest,-61.83836228,-16.68140042,2019,0.596212029,557,680,913,1114,1411,2221,2538.5,2490,2895.5,2950,3296.5,2388.5,63,2586.5,4,114.5,93,68.5,0.381797999,0.844171779,-0.463414639
Brazil,Mato Grosso,Stable_Forest,-55.39429758,-15.13171672,2019,0.073619001,284,450,673,990,1314,1695,1926,2100,2318,2278,3095,1966,80,2109,5,101,68,46,0.359223306,0.594727818,-0.514605105
Brazil,Mato Grosso,Stable_Forest,-55.42430132,-15.28200487,2019,0.882875025,560,744,1410,2188,2569,2931,3127,3088,3196,3417,4530,3050,92,1773,5,223,143,76,0.17058377,0.211525806,-0.373054683
Brazil,Mato Grosso,Stable_Forest,-56.69335132,-16.12678056,2020,1.437880993,546,810,1256,1614,2323,2869,3231,3416,3699,3704,3684,2339,76,2439,5,163,127,83,0.358250499,0.641189866,-0.462328762
Brazil,Mato Grosso,Stable_Forest,-57.1950604,-14.93004494,2020,7.053875923,333.5,515,903,919.5,1346,2228,2537.5,2870,2850.5,3103,2252,1243.5,122.5,2377,4,94,93,53.5,0.514711678,1.077505248,-0.521335781
Brazil,Mato Grosso,Stable_Forest,-55.00119482,-16.60288766,2020,0.091908999,556,698,805,1156,1400,1623,1804,1981,2167,2243,3122,2576,87,1808,5,116,80,72,0.262990117,0.56000543,-0.422110558
Brazil,Mato Grosso,Stable_Forest,-59.46186919,-12.6856042,2020,12.97227764,257,279,550,340,1087,2433,2736,2796,3077,2939,1678,730,78,2587,4,35,56,29,0.783163249,2.237201676,-0.67124927
Brazil,Mato Grosso,Stable_Forest,-55.26637749,-13.21480173,2020,1.171597004,668,1004,1554,2360,2737,2899,3182,3262,3634,3565,4989,3491,62,1714,5,240,159,102,0.16044113,0.227938947,-0.354651153
Brazil,Mato Grosso,Stable_Forest,-55.5194329,-16.27096016,2020,132.194443,230.5,308,492,365.5,847,1938,2303,2509,2621,2881,1737,806,90,1752,4,38,50.5,32,0.745694876,2.23934392,-0.672109306
Brazil,Mato Grosso,Stable_Forest,-61.84662678,-17.17430601,2020,14.60062504,506,555,671,651.5,989,1664,1895,2006,2183,2584.5,2041,1240,86.5,2344,4,67,69,56,0.509689569,1.931137725,-0.498692572
Brazil,Mato Grosso,Stable_Forest,-62.38498713,-14.69989656,2020,168.138992,234,221,368,227,714,2415,3062,3000,3407,3579,1649,695,64,2598,4,24,38,23,0.859312057,2.562372944,-0.781472683
Brazil,Mato Grosso,Stable_Forest,-60.59410578,-16.77644217,2020,82.11233521,351,473.5,591,623.5,877.5,1414,1624,1750,1890,1880.5,2080.5,1271,67.5,2529.5,5,64,60.5,48.5,0.474615544,1.45111426,-0.495087564
Brazil,Mato Grosso,Stable_Forest,-62.42747744,-17.86600878,2020,1.228435993,519,569,883,831,1419,2352,2703,2802,3071,2906,2880,1927,195,2856,5,84,90,57,0.542526841,1.399261678,-0.520759821
Brazil,Mato Grosso,Stable_Forest,-60.75993478,-15.59839151,2020,14.85823727,332,421,633,484,1096,1951,2284,2338,2573,2519,1809,1085,63,2570,4,50,65,43,0.656980872,2.222488612,-0.573880851
Brazil,Mato Grosso,Stable_Forest,-57.63460607,-16.17609807,2020,0.787926972,438,639,1001,1260,1861,2478,2752,2912,3218,3141,3032,1798,105,2579,5,128,102,66,0.395973146,0.727048675,-0.488372087
Brazil,Mato Grosso,Stable_Forest,-60.56913261,-14.48214494,2020,0.486126989,273,293,529,453,967,1860,2178,2184,2463,2488,1896,961,66,1989,4,47,54,31,0.656427741,1.599519497,-0.610025823
Brazil,Mato Grosso,Stable_Forest,-61.40708111,-15.45493056,2020,79.354408,250,277,474,470,895,1747,2128,2266,2473,2449,1977,1036,75,2395,4,48,50,30,0.656432748,1.491942183,-0.654014587
Brazil,Mato Grosso,Stable_Forest,-60.85623418,-15.15201864,2020,12.95817947,190.5,215.5,372.5,282.5,695.5,1832,2236,2165,2478,2370.5,1498.5,707.5,69.5,2587.5,4,29,38.5,23,0.769152224,2.096558637,-0.706403911
Brazil,Mato Grosso,Stable_Forest,-55.56533681,-12.60313886,2020,3.081229925,672,994,1424,2226,2588,2769,3057,3244,3517,3466,4983,3452,63,1928,5,226,145,101,0.186106026,0.278263722,-0.389888614
Brazil,Mato Grosso,Stable_Forest,-61.62141913,-13.90282141,2020,1.500722051,303,388.5,549,559.5,899.5,1452,1682.5,1778.5,1947,2005.5,1937.5,1254.5,96.5,2568.5,4,57.5,56.5,41,0.521385789,1.371049376,-0.528249204
Brazil,Mato Grosso,Stable_Forest,-61.56671173,-13.25729205,2020,1.953616023,251,261,478,378,866,1960,2345,2454,2639,2551,1978,999,111,2708,4,39,49,26,0.733050823,1.876694992,-0.673942685
Brazil,Mato Grosso,Stable_Forest,-60.98927467,-12.34379523,2020,12.90379047,272,276.5,465,315,804,2073,2616.5,2754,2973,2799.5,1789,836,64,2645,4,32,48,29.5,0.794721425,2.371414682,-0.711090386
Brazil,Mato Grosso,Stable_Forest,-61.04811432,-16.19352538,2020,66.1894455,344.5,400,534.5,576.5,880.5,1486.5,1727.5,1846,2085.5,2097.5,2119,1263.5,71,2158,4,59.5,54.5,41,0.524045408,1.376300954,-0.550934672
Brazil,Mato Grosso,Stable_Forest,-61.69490132,-12.74848627,2020,126.926537,216,213.5,379,217,687,2197.5,2880.5,2835.5,3255,3038,1608.5,685.5,90,2781.5,4,22,38,21,0.857821465,2.580057148,-0.764193475
Brazil,Mato Grosso,Stable_Forest,-61.35560764,-16.66550024,2020,99.165047,379.5,482.5,554,560,868,1441,1655,1868,1888,2057,2009,1117.5,82,2353.5,4,57,56,48.5,0.538715005,2.030740568,-0.542526841
Brazil,Mato Grosso,Stable_Forest,-55.93301726,-15.33832923,2020,0.146680996,462,552,792,1056,1500,1862,2132,2366,2521,2533,3001,1896,81,2112,5,108,81,56,0.38281706,0.717729564,-0.498416722
Brazil,Mato Grosso,Stable_Forest,-61.13327461,-15.59048633,2020,44.54001617,284,336.5,463,444,801,1576.5,1844,1946,2101.5,2077.5,1881,1020.5,68.5,2313.5,4,45.5,47.5,34.5,0.628451884,1.799017846,-0.615608156
Brazil,Mato Grosso,Stable_Forest,-60.22552701,-13.93057935,2020,122.7219543,144.5,205,346,203.5,611,1801.5,2207.5,2510.5,2520,2700.5,1160,467.5,83.5,2303.5,4,21.5,35.5,22.5,0.85003686,2.627562642,-0.757745504
Brazil,Mato Grosso,Stable_Forest,-59.72247046,-15.1823817,2020,18.64540482,228.5,243.5,451,263.5,802,2182.5,2645.5,2688,2924.5,2762,1536.5,686.5,93,2779,4,27,46,25,0.821446717,2.480306905,-0.712647319
Brazil,Mato Grosso,Stable_Forest,-59.14099097,-13.34218284,2020,0.644749999,253,266.5,517.5,378.5,958.5,1962,2273,2307,2560.5,2491.5,1909.5,925,76,2245.5,4,39.5,52.5,27.5,0.718115807,1.868520492,-0.633563459
Brazil,Mato Grosso,Stable_Forest,-62.03374585,-15.35979897,2020,102.3103256,262,302,470,332,725,2021,2472,2622,2820,2713,1599,721,63,2521,4,34,48,33,0.775220037,2.436170213,-0.695989668
Brazil,Mato Grosso,Stable_Forest,-60.58170902,-16.47290144,2020,18.43347168,316.5,343,459.5,395,754.5,1472,1685.5,1860,1948.5,2039,1821.5,986,68,2469.5,4,41,47,35.5,0.649667382,2.208320772,-0.603793919
Brazil,Mato Grosso,Stable_Forest,-55.10512989,-16.94397797,2020,1.376373053,567,693,1016,1380,1889,2230,2465,2696,2948,2789,4384,2953,76,1937,5,140,104,69,0.322865546,0.569253396,-0.452586204
Brazil,Mato Grosso,Stable_Forest,-59.95836805,-13.06109999,2020,0.834730983,455,561,860,1372,1727,2366,2733,2924,3297,3395,3933,2405,61,2052,5,140,88,57,0.361266285,0.558313548,-0.545454562
Brazil,Mato Grosso,Stable_Forest,-61.67810283,-14.44118176,2020,17.39556885,184,228.5,383.5,223,616,2077.5,2686,2922.5,2960,2904.5,1372.5,559,92.5,2510,4,23,39.5,23.5,0.858210146,2.648905897,-0.767997563
Brazil,Mato Grosso,Stable_Forest,-57.84292539,-14.40713561,2020,4.079220772,184,252,441,305,871,1991,2282,2226,2573,2436,1635,734,67,2222,4,32,45,26,0.758988559,2.216197508,-0.669291317
Brazil,Mato Grosso,Stable_Forest,-57.91110752,-16.97694614,2020,5.48215723,450,441,735,506,1174,2173,2413,2646,2770,2710,2494,1422,201,2708,4,52,75,45,0.678934038,2.252157441,-0.565217376
Brazil,Mato Grosso,Stable_Forest,-55.67520077,-17.18158237,2020,23.38796806,235.3333333,230,415,305,793.1666667,1927.166667,2376.333333,2594,2774,2772.5,1708,730,76,2104.5,4,31,43,24,0.78958261,2.119444444,-0.72416085
Brazil,Mato Grosso,Stable_Forest,-56.67053411,-17.58097334,2020,12.1359396,336,373,571,520,1069,1824,2140,2130,2419,2444,2236,1322,200,2524,4,54,57,40,0.607547164,1.640513552,-0.577193618
Brazil,Mato Grosso,Stable_Forest,-62.71763328,-16.37246979,2020,9.00909996,438,512.5,713,586.5,1117,1954.5,2303.5,2431.5,2626.5,2548.5,2158,1198,157.5,2817.5,4,60.5,74,53.5,0.611331999,2.188352509,-0.546509802
Brazil,Mato Grosso,Stable_Forest,-55.7251471,-15.06254644,2020,1.271942019,177,227,268,142,142,117,134,115,120,101,119,94,81,1965,6,14,28,23,-0.105058365,0.091899251,0.39947781
Brazil,Mato Grosso,Stable_Forest,-59.32011504,-16.45646227,2020,0.494491011,438,548.5,714.5,868.5,1209.5,1722.5,1933,2076.5,2299.5,2433.5,2719,1685.5,88,1955.5,4,88,72.5,56.5,0.410186768,0.951256004,-0.487997144
Brazil,Mato Grosso,Stable_Forest,-55.69253826,-13.34802189,2020,1.697227001,619,767,949,1142,1746,2600,2973,3206,3573,3572,2771,1583,62,1967,4,117,97,77,0.474701017,1.198188784,-0.54320097
Brazil,Mato Grosso,Stable_Forest,-57.43832418,-14.85180168,2020,2.279659986,605,739.5,1182,1164,2013.5,2811.5,3127.5,3191,3502,3502.5,3073,1766.5,81,2387,4,118.5,120.5,76,0.465442032,1.094551542,-0.459410012
Brazil,Mato Grosso,Stable_Forest,-61.45244603,-13.64590324,2020,167.319946,172,204,364,208,638,1949,2452,2458,2759,2768,1290,524,105,2761,4,22,37,19,0.843961,2.58383096,-0.742026925
Brazil,Mato Grosso,Stable_Forest,-58.78364115,-12.21785143,2020,0.001483,292.5,358,568.5,520.5,1020,1844,2159.5,2281,2488.5,2528.5,2035,1052,69,2363,4,53.5,58.5,37.5,0.628413379,1.618106618,-0.600982606
Brazil,Mato Grosso,Stable_Forest,-60.29065487,-14.32943134,2020,1.228435993,305.5,605,857,1285,1575.5,1926,2224,2483,2651,2549,3470.5,2291.5,86.5,2148.5,5,131,87.5,61.5,0.317940563,0.52947936,-0.48682636
Brazil,Mato Grosso,Stable_Forest,-61.41148285,-15.94289542,2020,0.742465973,469,459,634,737,1004,1344,1526,1636,1825,1823,2531,1679,83,1994,5,75,65,47,0.378845334,0.858971909,-0.441409677
Brazil,Mato Grosso,Stable_Forest,-60.5200846,-14.29475637,2020,49.41235352,229,269,435,305.5,708,1763,2268,2472.5,2587.5,2542,1417,630.5,82.5,2272.5,4,32.5,45,27,0.780057609,2.366754041,-0.700773835
Brazil,Mato Grosso,Stable_Forest,-55.29269813,-13.18093525,2020,1.061925054,673,944,1410,2170,2666,2818,3098,3264,3606,3684,4787,3315,62,1888,5,221,144,97,0.201324984,0.29712113,-0.396662384
Brazil,Mato Grosso,Stable_Forest,-60.19911655,-13.01627406,2020,24.47776222,184.5,248.5,493.5,294,840,2020.5,2379.5,2448.5,2562,2589,1160.5,532.5,72,2524,4,30.5,51,25,0.785597086,2.292265135,-0.664513946
Brazil,Mato Grosso,Stable_Forest,-61.3694417,-16.80716456,2020,29.42158508,442,463.5,558,568,901.5,1486,1708.5,1811,1993.5,2141,2026.5,1198.5,82.5,2353.5,4,58.5,57,47.5,0.522488415,1.782078853,-0.528915167
Brazil,Mato Grosso,Stable_Forest,-56.89448411,-15.53443146,2020,9.738024712,413,462,642,825,1172,1628,1841,1964,2103,2131,2540,1564,76,1885,5,84,67,48,0.408390105,0.825362319,-0.50729084
Brazil,Mato Grosso,Stable_Forest,-55.20098014,-16.16693525,2020,489.114929,149,187,341,262,718,1955,2354,2436,2588,2688,1271,505,66,1575,4,27,35,19,0.80578208,2.085171686,-0.754411221
Brazil,Mato Grosso,Stable_Forest,-60.0402944,-14.57305444,2020,0.834730983,343,466.5,672,833,1239.5,1700,1949,2085,2279.5,2214,2904.5,1748,93,2545,5,85.5,68.5,48.5,0.429060996,0.873021407,-0.512513578
Brazil,Mato Grosso,Stable_Forest,-59.32775072,-15.10512659,2020,35.07413483,205.5,279,482.5,308,863,2345.5,2886.5,3077,3209.5,3161,1667,741,92,2486.5,4,32.5,50.5,29.5,0.818020701,2.443091583,-0.728894532
Brazil,Mato Grosso,Stable_Forest,-61.18492774,-12.90829656,2020,0.970350027,394,535,855,1298,1691,2079,2378,2444,2709,2753,3825,2602,110,2384,5,132,87,55,0.306253344,0.460573909,-0.481661111
Brazil,Mato Grosso,Stable_Forest,-62.28168087,-17.89619217,2020,6.110813141,710,816,1106,1462,1864,2197,2430,2406,2686,2656,3536,2950,195,2752,5,148,113,83,0.244053781,0.466495355,-0.370159447
Brazil,Mato Grosso,Stable_Forest,-55.63405793,-16.93337785,2020,4.322792053,250.5,364,560,612,1052.5,1800.5,2119,2197,2509,2533.5,2231.5,1187,76,2091,4,63,57.5,37.5,0.564257741,1.261942675,-0.593761325
Brazil,Mato Grosso,Stable_Forest,-60.71322238,-12.98860595,2020,210.818436,182,209,393,225,624,1736,2178,2452,2457,2979,1326,609,73,2330,4,24,41,21,0.831901371,2.490494297,-0.723725855
Brazil,Mato Grosso,Stable_Forest,-59.1912068,-16.28407557,2020,3.47952199,316,403,556,503,1042,1736,2074,2152,2425,2444,2102,1061,105,2597,4,52,57,42,0.62109226,1.918780545,-0.589364827
Brazil,Mato Grosso,Stable_Forest,-59.3105929,-15.09246034,2020,1.748222947,507,586.5,839.5,1144,1539,1965.5,2255,2376,2685.5,2993,4055,2667.5,92,2340.5,5,116,85.5,62,0.349999994,0.636067944,-0.477841705
Brazil,Mato Grosso,Stable_Forest,-62.11162978,-16.27814668,2020,353.452332,297,321.5,466,348.5,753.5,1967.5,2406.5,2544,2747.5,2692,1729.5,828.5,148.5,2472.5,4,36.5,48.5,33.5,0.759031951,2.467131138,-0.690365434
Brazil,Mato Grosso,Stable_Forest,-60.5314932,-13.55966497,2020,157.725571,168,250,422,252,729,2147,2755,2959,3066,2701,1461,621,76,2580,4,27,43,27,0.843039572,2.605891413,-0.750369728
Brazil,Mato Grosso,Stable_Forest,-56.49635078,-16.06668327,2020,1.061925054,577,742,1116,1732,2117,2394,2554,2584,2918,2789,4052,2919,76,2347,5,176,113,76,0.19740501,0.287371829,-0.396756768
Brazil,Mato Grosso,Stable_Forest,-55.27715727,-13.11463958,2020,1.548725009,525,774,1106,1712,2042,2157,2420,2576,2828,2813,4522,3293,62,1838,5,175,113,79,0.201492533,0.306643952,-0.39923954
Brazil,Mato Grosso,Stable_Forest,-62.02332539,-12.49632917,2020,381.836517,313,250,495.5,243,791,2211,2874.5,3292,3218,3261.5,1524.5,670,73,2794.5,4,25.5,50.5,27.5,0.862517655,2.650382476,-0.738349855
Brazil,Mato Grosso,Stable_Forest,-55.98520938,-17.3671743,2020,5.044002056,325,435.5,676.5,740.5,1363,1883.5,2174,2200,2523,2408.5,2928.5,1958,126.5,2343,4,76,69,44.5,0.496344149,1.080230923,-0.529636741
Brazil,Mato Grosso,Stable_Forest,-55.89699482,-16.39726329,2020,7.419483185,311,293.5,544.5,381.5,1013,2129.5,2480.5,2576,2835.5,2763.5,1759.5,843.5,89,2360.5,4,39,56,30.5,0.742011845,2.058823529,-0.651017487
Brazil,Mato Grosso,Stable_Forest,-56.57926528,-12.17607977,2020,1.500722051,583,830,1166,1726,2123,2363,2576,2766,3011,2989,4509,3180,57,2057,5,177,119,86,0.231522709,0.376920847,-0.406917602
Brazil,Mato Grosso,Stable_Forest,-59.58718417,-12.41018073,2020,0.284305006,226,281.5,532,360,964,2103,2461,2562,2789,2751,1762,781.5,68,2365,4,37,55,29,0.753593445,2.107782138,-0.656108618
Brazil,Mato Grosso,Stable_Forest,-61.55979471,-12.48725619,2020,18.42217636,411,373,547,459,795,2000,2449,2776,2721,2756,1857,921,68,2398,4,48,56,40,0.716228724,2.119078105,-0.670779407
Brazil,Mato Grosso,Stable_Forest,-62.26263658,-12.70500781,2020,121.535179,191,231,403,222,689,2272,2938,3068,3280,3096,1496,592,87,2952,4,23,41,24,0.865045607,2.666291924,-0.767790258
Brazil,Mato Grosso,Stable_Forest,-61.81482642,-12.48366292,2020,172.871262,221,246,412,245,672,1829,2305,2375,2604,2929,1406,596,69,2747,4,26,42,25,0.812977076,2.661169415,-0.70434159
Brazil,Mato Grosso,Stable_Forest,-55.96347015,-13.70564121,2020,1.817379951,609,921,1300,1936,2298,2492,2711,2866,3172,3075,4792,3280,62,1910,5,197,133,93,0.193669304,0.306910435,-0.375900149
Brazil,Mato Grosso,Stable_Forest,-62.03410518,-12.2758826,2020,208.223785,229.5,266,424.5,260.5,765,2414.5,3082,3090,3435.5,3150,1740,751,80,2838,4,27,43.5,27,0.84450084,2.660304626,-0.758429348
Brazil,Mato Grosso,Stable_Forest,-58.9054527,-12.18290697,2020,3.90921998,237,270,488,339,859,1970,2328,2344,2631,2589,1662,765,69,2390,4,35,50,28,0.747297823,2.129354291,-0.655367255
Brazil,Mato Grosso,Stable_Forest,-55.72586576,-12.43784885,2020,1.748222947,626,921,1086,1770,2143,2276,2582,2846,3076,3146,4439,3163,63,2012,5,180,111,94,0.233102247,0.410092233,-0.447609365
Brazil,Mato Grosso,Stable_Forest,-59.69543117,-14.50648928,2020,9.95438385,380,464.5,649,875.5,1221,1678.5,1976,2125,2327.5,2705,3362,2075,84,2432.5,5,89.5,67,48,0.416430593,0.801938258,-0.532083631
Brazil,Mato Grosso,Stable_Forest,-57.89403953,-16.84354632,2020,13.55053234,349,378,579,433,930,1892,2181,2264,2501,2719,1834,884,148,2750,4,45,60,38,0.678902507,2.257149901,-0.592683792
Brazil,Mato Grosso,Stable_Forest,-60.51460487,-14.40839325,2020,147.534683,219.5,235.5,392.5,215.5,701.5,2213,2792.5,2834,3080.5,2966.5,1343,561.5,79,2370.5,4,22.5,40.5,24,0.858665347,2.771779401,-0.756702304
Brazil,Mato Grosso,Stable_Forest,-60.97517112,-14.83949476,2020,21.525379,196,276,456,357,779,1852,2239,2521,2462,2639,1779,871,64,2704,4,37,46,28,0.751911044,2.085582113,-0.693651319
Brazil,Mato Grosso,Stable_Forest,-60.69301029,-12.73294542,2020,20.58849144,233,239,435,273,665,1555,1958,2122,2190,2275,1209,539,75,2521,4,28,45,25,0.772025049,2.348234696,-0.659757555
Brazil,Mato Grosso,Stable_Forest,-55.47927821,-14.72909181,2020,2.014405012,799,1136,1716,2330,2710,3032,3301,3500,3610,3533,4888,3542,80,2060,5,237,174,118,0.200686112,0.326414463,-0.342024535
Brazil,Mato Grosso,Stable_Forest,-55.07701263,-16.94128303,2020,6.35651207,267,250,458,352,936,1944,2272,2402,2590,2781,1846,985,76,1985,4,36,46,26,0.744371831,1.941287879,-0.679720283
Brazil,Mato Grosso,Stable_Forest,-60.82164904,-14.78972809,2020,24.29800797,169,194,297,198,560,1633,2130,2120,2437,2501,1240,572,64,2415,4,21,31,20,0.829163074,2.591693635,-0.754240811
Brazil,Mato Grosso,Stable_Forest,-59.38227846,-12.52247014,2020,29.07044029,234,250,530,256,976,2585,3015,3326,3320,3201,1532,657,74,2591,4,27,54,26,0.857063115,2.568607764,-0.725103736
Brazil,Mato Grosso,Stable_Forest,-61.95119068,-13.1300906,2020,60.626991,238,300,459,344,877,1962,2258,2198,2644,2578,1774,840,111,2757,4,35,47,32,0.729346991,2.302533532,-0.654497564
Brazil,Mato Grosso,Stable_Forest,-59.40096342,-15.35081582,2020,1.022176981,508,729,1066,1690,2146,2560,2759,2854,3046,3024,4376,3053,98,2363,5,174,108,75,0.256161958,0.386582531,-0.456122458
Brazil,Mato Grosso,Stable_Forest,-59.21447316,-12.76806954,2020,134.470459,171,204.5,427,265.5,761.5,2042.5,2489.5,2612,2788.5,2947,1497,640,76,2377,4,28,44.5,21,0.815464795,2.195247451,-0.718986511
Brazil,Mato Grosso,Stable_Forest,-56.59561461,-12.12325883,2020,1.228435993,357,446,678,885,1259,1787,2033,2198,2327,2515,2792,1735,57,2083,5,90,70,46,0.425883889,0.788304515,-0.528511822
Brazil,Mato Grosso,Stable_Forest,-58.40248598,-16.87669416,2020,1.941599011,335,469,649,803,1172,1595,1809,1978,2164,2240,3086,2027,94,2432,5,82,66,48,0.422509879,0.89571581,-0.505900264
Brazil,Mato Grosso,Stable_Forest,-62.53671258,-16.35638995,2020,3.482021093,479,561.5,784.5,819,1270,1946,2233,2451,2619,2629.5,2873,1696.5,151,2661.5,4.5,82.5,80.5,57,0.499082565,1.293287899,-0.51506722
Brazil,Mato Grosso,Stable_Forest,-58.95036847,-12.48527989,2020,49.23856354,252,277,585,356,1100,2316,2697,2774,2891,2853,1753,801,69,2428,4,37,59,29,0.77252394,2.133403917,-0.651682019
Brazil,Mato Grosso,Stable_Forest,-57.2415033,-15.08141106,2020,2.665563107,378,483.5,867.5,690,1476.5,3361.5,3961.5,3981,4270.5,4159,2412,1207,86,2576.5,4,70,88.5,51.5,0.704560041,1.830061725,-0.642157376
Brazil,Mato Grosso,Stable_Forest,-58.42674049,-17.25784933,2020,0.919861972,445.5,513,699,854.5,1202,1557.5,1805,1940,2128,2172,3011.5,1976,147.5,2496,5,88.5,71.5,53,0.388441592,0.842648657,-0.470253885
Brazil,Mato Grosso,Stable_Forest,-56.02994548,-16.10710745,2020,0.918143988,267,429,725.5,656.5,1059.5,2214.5,2531.5,2839,2886,2499,2173.5,1208.5,97,2432.5,4,67.5,74,44,0.624374211,1.532008985,-0.592930257
Brazil,Mato Grosso,Stable_Forest,-55.83258561,-14.94917905,2020,0.177817002,233,286,425,429,784,1558,1820,1984,2089,2103,1725,968,80,2094,4,45,44,29,0.644426048,1.61039768,-0.647156477
Brazil,Mato Grosso,Stable_Forest,-59.4416571,-15.05805487,2020,1.061925054,411.5,570.5,851,1317,1697,1998,2247.5,2455,2686.5,2754,3737.5,2290.5,92,2365,5,134.5,87,58,0.301696718,0.46798536,-0.485178471
Brazil,Mato Grosso,Stable_Forest,-55.39528573,-16.55141419,2020,0.219185993,374,428,679,767,1221,1773,2048,2176,2399,2540,2692,1545,76,1940,4,78,69,44,0.478763163,0.98697114,-0.524343252
Brazil,Mato Grosso,Stable_Forest,-62.65304441,-16.49508983,2020,1.425415039,491.5,509,712.5,656.5,1158.5,2035.5,2338,2479,2725,2646.5,2403.5,1286.5,155,2852,4,67.5,73.5,51.5,0.581247032,1.751393427,-0.553501487
Brazil,Mato Grosso,Stable_Forest,-57.03857388,-16.08905132,2020,4.375143051,312,493,761,935,1439,2025,2337,2688,2816,2731,2652,1427,106,2321,4,95,78,51,0.483853161,0.952406824,-0.558712661
Brazil,Mato Grosso,Stable_Forest,-62.62672377,-16.34911359,2020,2.049278021,404,388,598,436,1087,2310,2730.5,2657,3056.5,2959,2169.5,1059,158,2789.5,4,44,60.5,40,0.71807307,2.348773266,-0.63256526
Brazil,Mato Grosso,Stable_Forest,-58.72956257,-13.48932689,2020,2.438513041,598,830,1180,1780,2113,2285,2538,2636,2941,2940,4624,3335,72,1998,5,181,120,85,0.193840578,0.301748449,-0.381551355
Brazil,Mato Grosso,Stable_Forest,-55.9809873,-16.90364362,2020,9.754429817,226,236,430,414,871.5,1661.5,2017,2045.5,2355,2448,1745.5,956,109,2231.5,4,43,44,25.5,0.663346231,1.477540301,-0.65259546
Brazil,Mato Grosso,Stable_Forest,-61.61279531,-12.13071485,2020,101.9706497,547,695,983,1218,1709,2367,2641,2768,3123,3221,3910,2522,69,2310,5,125,98,70,0.388861001,0.796587522,-0.475873113
Brazil,Mato Grosso,Stable_Forest,-59.88264007,-16.45915721,2020,19.59646797,405.5,393,516,542.5,968.5,1597.5,1809,1984.5,2151.5,2099.5,2253.5,1311,84,2399.5,4,55.5,53.5,39,0.570637107,1.572176188,-0.587282538
Brazil,Mato Grosso,Stable_Forest,-61.60201552,-17.17646197,2020,0.01353,478.5,467.5,618,498,943.5,2211.5,2495,2567,2807.5,2891,1975,1016,92.5,2429.5,4,50,63,49,0.675040781,2.523478473,-0.611930907
Brazil,Mato Grosso,Stable_Forest,-57.6284077,-14.58284608,2020,11.28490353,247,407,669,853.5,1308,2018,2303,2434,2663.5,2688.5,2751,1673,81,2399,4,87.5,68.5,42,0.480760455,0.877373154,-0.568804383
Brazil,Mato Grosso,Stable_Forest,-55.65373104,-16.74140788,2020,4.208664894,278.5,369,628,597,1150.5,1917,2262,2413,2621.5,2584,2185.5,1158.5,76,2156.5,4,61,64,38,0.603322268,1.406225801,-0.586977959
Brazil,Mato Grosso,Stable_Forest,-55.57117586,-16.90220631,2020,5.330852032,265.5,308,516.5,538.5,1031,1797.5,2085,2271,2490.5,2451.5,2126.5,1021,76,2102,4,55,53,32,0.616657794,1.356482931,-0.629417062
Brazil,Mato Grosso,Stable_Forest,-55.94146142,-12.47180516,2020,1.630395055,725,925,1400,2178,2509,2645,2885,2974,3248,3249,4638,3324,63,1990,5,221,143,95,0.154503107,0.218549228,-0.359853685
Brazil,Mato Grosso,Stable_Forest,-56.06120685,-16.1183364,2020,1.171597004,307.5,430,690.5,760.5,1153,1769.5,1973.5,2248,2335.5,2441.5,2553.5,1541,97,2236.5,4,78,71.5,44,0.494432449,1.036729858,-0.530032337
Brazil,Mato Grosso,Stable_Forest,-55.56641479,-17.51342003,2020,14.8170414,325,332.5,613,530,928.5,1857.5,2192.5,2441,2503,2456,1974,1031.5,65,2001,4,54.5,62.5,33.5,0.643217742,1.5272117,-0.59855926
Brazil,Mato Grosso,Stable_Forest,-56.21329163,-14.45869891,2020,5.512289047,457.5,441,679,843,1605,2084.5,2383,2540,2748,3045,3097,1923.5,70.5,1787.5,5,86.5,70,46.5,0.501625776,0.988582081,-0.578129828
Brazil,Mato Grosso,Stable_Forest,-61.40438616,-13.67069674,2020,6.036953926,282,346.5,537.5,562,994,1769.5,2069.5,2059,2412.5,2474.5,2341,1261.5,96,2531,4,59,56,35.5,0.571156025,1.320921204,-0.585981131
Brazil,Mato Grosso,Stable_Forest,-59.59374188,-13.00028404,2020,1.342810035,282.5,290.5,540,343.5,987,2231,2617,2665,2897,2838,1689.5,774.5,70,2368.5,4,35.5,55.5,30,0.771646976,2.277543412,-0.663026512
Brazil,Mato Grosso,Stable_Forest,-55.08168387,-12.13188266,2020,79.310577,174,234,381,258,682,2215,2807,2576,3111,3093,1449,634,63,2208,4,26,39,24,0.817925215,2.445147679,-0.742306411
Brazil,Mato Grosso,Stable_Forest,-56.74257899,-15.82880938,2020,16.11725807,337,498,734,791,1267,2103,2402,2640,2796,2788,2549,1578,73,2149,4,80,76,50,0.538909912,1.265744797,-0.564908147
Brazil,Mato Grosso,Stable_Forest,-59.09239212,-12.42123001,2020,0.094710998,282,306,548,439,999,2081,2417,2592,2714,2719,2032,974,68,2439,4,44,56,32,0.710326612,1.835777626,-0.650955439
Brazil,Mato Grosso,Stable_Forest,-59.66758339,-16.83546149,2020,89.107559,435,450,548,636,992,1343.5,1567,1687,1865,1883.5,2306,1372,87,2067.5,5,65,56,45.5,0.452432185,1.234147487,-0.509619713
Brazil,Mato Grosso,Stable_Forest,-61.85030987,-16.79575595,2020,4.635068893,457.5,542,745.5,807,1195,1777.5,2019.5,2215,2331.5,2329.5,2388,1385,83,2431,4,81.5,76,56,0.465916604,1.176077514,-0.496368855
Brazil,Mato Grosso,Stable_Forest,-61.27529826,-14.47046684,2020,93.151161,163,194,317,187,644,1938,2509,2368,2685,2794,1330,575,64,2544,4,20,32,19,0.85362035,2.678045187,-0.763873398
Brazil,Mato Grosso,Stable_Forest,-55.61411533,-13.07268826,2020,91.696991,244,239,432,266,772,2001,2405,2426,2686,2900,1486,660,62,1975,4,29,44,26,0.802377403,2.420981843,-0.697690666
Brazil,Mato Grosso,Stable_Forest,-55.1644187,-14.76915667,2020,0.000116,264.5,312.5,577.5,579,1071.5,1879,2157,2348,2460.5,2316,2296,1242,80,1995.5,4,59.5,59,33,0.604373097,1.271107279,-0.605195701
Brazil,Mato Grosso,Stable_Forest,-61.10695397,-13.9962462,2020,135.163406,153.5,213.5,438,231.5,690.5,2471.5,3200,3684,3479.5,2905,1396.5,561.5,93,2650,4,24,45,22,0.881752014,2.485422216,-0.787481785
Brazil,Mato Grosso,Stable_Forest,-62.06051565,-16.20421534,2020,12.27260494,502,494,692,654,1166,2194,2634,2962,3072,2911,2304,1176,101,2409,4,67,71,49,0.638274312,1.813324953,-0.62123698
Brazil,Mato Grosso,Stable_Forest,-59.58332142,-12.74965408,2020,206.563446,287,247,393,214,645,1838,2400,2407,2626,3092,1285.5,560.5,68,2367,4,22.5,40,25,0.836703539,2.980429465,-0.719285727
Brazil,Mato Grosso,Stable_Forest,-62.47365084,-16.87893995,2020,2.080862999,413.5,431,650.5,452,1095.5,2894,3501,3766,3833.5,3506.5,2181,1123,163,2994,4,46.5,66,44.5,0.785680413,2.551979054,-0.705422819
Brazil,Mato Grosso,Stable_Forest,-55.70727063,-15.11887081,2020,0.000351,305,392,594,747,1163,1750,2062,2194,2448,2452,2563,1466,80,2020,4,76,62,39,0.492009521,0.968022478,-0.573888063
Brazil,Mato Grosso,Stable_Forest,-61.09150295,-13.34532695,2020,0.016379001,270,328.5,499,517.5,877.5,1538,1771.5,1857.5,2066,2004.5,2382,1350,102,2506.5,4,53,50.5,34,0.564210534,1.340134013,-0.576490581
Brazil,Mato Grosso,Stable_Forest,-61.1802565,-14.34739764,2020,31.77227592,159,271,460.5,294.5,746,2135,2759,2962.5,3029.5,3137.5,1454,616.5,93,2534,4,30.5,47.5,28.5,0.819158733,2.472201631,-0.730937779
Brazil,Mato Grosso,Stable_Forest,-62.70119411,-17.40957479,2020,2.346102953,600,506,680,556,1019,2378,2906,3104,3155,2971,2158,1160,196,2812,4,57,70,54,0.69617486,2.407407407,-0.640591979
Brazil,Mato Grosso,Stable_Forest,-57.8224438,-15.86186738,2020,39.05610275,497.5,661.5,894,1174,1641,2305,2620,2957,3034,3106.5,3664,2292.5,111.5,2347,4,119.5,91.5,67,0.431614608,0.884293012,-0.53570503
Brazil,Mato Grosso,Stable_Forest,-56.05635595,-15.24194,2020,2.203191996,431,391,664,749,1609,2224,2476,2302,2890,2617,2995,1802,80,2287,5,77,67,41,0.509013414,1.004657782,-0.552258909
Brazil,Mato Grosso,Stable_Forest,-60.46438905,-15.607195,2020,129.432632,399,463,664,761,1226,1849,2175,2304,2556,2534,2620,1604,75,2459,4,78,68,48,0.503425777,1.135059585,-0.552560627
Brazil,Mato Grosso,Stable_Forest,-55.58842352,-12.83741948,2020,0.919861972,681,985,1444,2270,2678,2830,3172,3342,3647,3684,4876,3370,62,1825,5,231,147,102,0.191019237,0.279880946,-0.396573335
Brazil,Mato Grosso,Stable_Forest,-55.33680541,-16.68517334,2020,12.53757191,210,220,430,229,798,2539,3328,3372,3618,3291,1844,796,64,2075,4,24,44,23,0.872813106,2.537132709,-0.773803234
Brazil,Mato Grosso,Stable_Forest,-57.65598598,-12.70752309,2020,220.3122101,162,198,354,212,623,1891,2419,2542,2683,2747,1281,522,57,2517,4,22,36,21,0.846042097,2.5,-0.755524874
Brazil,Mato Grosso,Stable_Forest,-55.23017538,-16.67044097,2020,3.772867918,292,381,611,741,1077,1635,1853,1910,2137,2070,2778,1658,64,1730,5,76,63,39,0.440965682,0.835119303,-0.515271723
Brazil,Mato Grosso,Stable_Forest,-60.06643538,-13.86850577,2020,20.92884827,209,251,401,282,677.5,1882,2343,2480,2643.5,2686.5,1489,660,66.5,2617,4,29,42,26,0.795800149,2.399039511,-0.721624434
Brazil,Mato Grosso,Stable_Forest,-59.07074272,-12.92159163,2020,5.283082008,228,271,502.5,347,930,2130.5,2532.5,2597,2791.5,2934.5,1745.5,763.5,76,2249.5,4,35,51,28.5,0.764266312,2.124645892,-0.67575413
Brazil,Mato Grosso,Stable_Forest,-60.56562918,-14.65875372,2020,0.553982019,240,379,523,605,943,1643,1917,1895,2236,2271,2339,1354,60,1876,4,61,55,39,0.515999973,1.201788709,-0.567411065
Brazil,Mato Grosso,Stable_Forest,-62.38867022,-16.60890637,2020,47.600479,496.5,469,646.5,479,960.5,2258.5,2753.5,2938,3127,2788.5,1958.5,958.5,147,2940.5,4,50.5,66.5,48.5,0.719637096,2.678065781,-0.63928026
Brazil,Mato Grosso,Stable_Forest,-61.70478279,-17.04970968,2020,74.260986,502,510.5,595,661.5,1003,1438,1602,1637,1904,1901,2235.5,1428.5,83,2395.5,5,68,61.5,52.5,0.424407214,1.371432588,-0.46684587
Brazil,Mato Grosso,Stable_Forest,-55.28479295,-16.31093519,2020,0.410315007,541.5,793,1175,2086,2434,2551.5,2762.5,2818,3040,2901,4442,3373.5,69,1480.5,5,212.5,120,81,0.1492659,0.19494008,-0.411470085
Brazil,Mato Grosso,Stable_Forest,-62.21933779,-14.72208495,2020,15.11310959,172,217,360,197,596,2065,2658,2758,2916,3091,1567,677,64,2542,4,21,37,23,0.866666675,2.767451913,-0.769082725
Brazil,Mato Grosso,Stable_Forest,-61.48595319,-12.84819927,2020,176.882065,175,201,378,226,663,1932,2571,2656,2904,2901,1586,712,111,2689,4,24,39,21,0.843164444,2.424665735,-0.750823975
Brazil,Mato Grosso,Stable_Forest,-55.69900613,-17.39547124,2020,3.254594088,314,435,633,843,1263,1836,2137,2234,2516,2415,2784,1584,76,2104,4,86,65,45,0.452063709,0.862796179,-0.55842346
Brazil,Mato Grosso,Stable_Forest,-61.90295114,-13.05256599,2020,15.38446808,262,359,579,606,1010,1451,1615,1764,1861,1751,1147,701,139,2836,4,62,59,37,0.488607585,1.068857301,-0.505761862
Brazil,Mato Grosso,Stable_Forest,-62.96583779,-17.18373832,2020,0.086824998,441.5,515,730.5,558,1039.5,2569,3123,3198,3525.5,3339.5,2271,1232.5,196,3012.5,4,58,75.5,52,0.702875376,2.458558391,-0.628102303
Brazil,Mato Grosso,Stable_Forest,-55.29961515,-13.21884415,2020,1.022176981,682,1076,1560,2380,2725,2863,3172,3448,3701,3769,4880,3334,62,1710,5,241,159,109,0.183253258,0.276426131,-0.376996815
Brazil,Mato Grosso,Stable_Forest,-60.78607575,-15.49715138,2020,115.1564102,214,221,376,296,683,1702,2137,2176,2474,2521,1505,685,64,2596,4,31,39,24,0.760517776,2.047484208,-0.70532918
Brazil,Mato Grosso,Stable_Forest,-57.69901528,-13.59541792,2020,8.440781593,168.5,229.5,410.5,288.5,751.5,1771.5,2128,2269,2381,2285.5,1533.5,701.5,62,2327.5,4,30,42,24,0.774389029,2.171839017,-0.693599582
Brazil,Mato Grosso,Stable_Forest,-59.87509422,-13.23240871,2020,161.790802,140,150,324,166,661,2289,2830,2698,3174,3184,1415,592,61,2286,4,17,33,16,0.884078205,2.463035019,-0.785572469
Brazil,Mato Grosso,Stable_Forest,-62.32857293,-13.16377743,2020,5.026957989,193,271,438,265,674,1998,2515,2744,2800,2951,1453,595,100,3097,4,27,45,28,0.823861778,2.691639522,-0.724701464
Brazil,Mato Grosso,Stable_Forest,-61.97248075,-15.95250739,2020,1.391625047,450,639,920,1012,1564,2490,2831,2842,3207,3063,3109,1866,79,2670,4,102,94,64,0.474831343,1.109763493,-0.510898471
Brazil,Mato Grosso,Stable_Forest,-55.09048736,-14.69953724,2020,2.126100063,355,468.5,724.5,908,1417.666667,1934.35,2170.5,2328,2510.625,2641.714286,3231.833333,1943.75,66.5,1797.4,4,93.5,74,47.5,0.438813359,0.832698059,-0.525307119
Brazil,Mato Grosso,Stable_Forest,-60.55889182,-14.36239951,2020,147.277237,195.5,209.5,371,196.5,693,2237.5,2824,2850,3170,3133,1259,518.5,78.5,2274.5,4,20,38,22,0.870999515,2.698017285,-0.76963675
Brazil,Mato Grosso,Stable_Forest,-60.31203478,-13.89824,2020,108.982918,179.5,260,420,279.5,682.5,1857,2296.5,2488.5,2590.5,2694.5,1284,548,84.5,2323,4,29,43.5,27.5,0.798049152,2.491540717,-0.711191356
Brazil,Mato Grosso,Stable_Forest,-58.82756877,-13.58149403,2020,1.564893007,567.75,822.25,1400,2219.25,2582.5,2756.75,3068,3208.5,3348,3375.75,4462.75,3250.75,72,2119,5,226,142.5,84,0.182257846,0.238761842,-0.392427027
Brazil,Mato Grosso,Stable_Forest,-60.0702083,-13.71848711,2020,113.275383,306,377,610,398,915,2430,2853,3006,3175,3186,1695,785,68,2559,4,41,62,39,0.766157448,2.539435248,-0.66261059
Brazil,Mato Grosso,Stable_Forest,-57.82235397,-15.98861967,2020,1.500722051,487,709.5,1001,1375,1809.5,2346,2635.5,2775.5,3027.5,2974.5,3994.5,2656,111.5,2428,5,140,101.5,72.5,0.337429225,0.613689146,-0.469879508
Brazil,Mato Grosso,Stable_Forest,-55.43642857,-14.0093616,2020,1.171597004,487,626,937,1762,2090,2291,2524,2586,2834,2842,4011,3023,61,1673,5,180,96,63,0.189512417,0.243383743,-0.46806699
Brazil,Mato Grosso,Stable_Forest,-58.17188844,-12.97459223,2020,0.117187999,282,295,490,434,901,1736,2004,2054,2310,2303,2024,1058,74,2216,4,45,50,30,0.651125431,1.655426119,-0.61477989
Brazil,Mato Grosso,Stable_Forest,-60.92244001,-14.03056184,2020,219.039017,209.5,240,488,291.5,788,2455,3113,3306.5,3412.5,3134.5,1427,593,85,2208.5,4,30,50.5,26,0.837965548,2.314601566,-0.742785633
Brazil,Mato Grosso,Stable_Forest,-62.82327515,-17.83591522,2020,28.25886726,394,431,634,438,968,2274,2642,2792,2908,2806,1823,941,194,2850,4,45,64,43,0.728792548,2.689056431,-0.629889071
Brazil,Mato Grosso,Stable_Forest,-56.38280372,-17.53219482,2020,0.946945012,256,329,548,600,1027,1594,1871,2004,2172,2147,2281,1399,206,2400,4,62,56,35,0.539170504,1.1187251,-0.570532918
Brazil,Mato Grosso,Stable_Forest,-55.33518844,-15.4960734,2020,1.11609304,461.5,632.5,945,1465,1813.5,2041,2288,2418,2602.5,2576,3797,2562,76,1563,5,149,96.5,64.5,0.245428786,0.368508565,-0.438001782
Brazil,Mato Grosso,Stable_Forest,-60.91094158,-14.12317815,2020,19.0935154,287.5,258,463,272,830.5,2331,2751.5,2775,2948.5,2949.5,1393.5,563.5,98.5,2115,4,28.5,47,26.5,0.821463764,2.530327537,-0.714021027
Brazil,Mato Grosso,Stable_Forest,-61.15222906,-15.46094927,2020,19.86428452,306,398,621,511,915,1842,2241,2442,2548,2436,1709,887,80,2244,4,52,65,40,0.653911293,1.912638669,-0.594515204
Brazil,Mato Grosso,Stable_Forest,-58.67566365,-13.12110745,2020,1.022176981,791,1028,1528,2352,2812,3089,3418,3472,3842,3870,5013,3514,73,2227,5,239,155,104,0.192307696,0.283544304,-0.388799995
Brazil,Mato Grosso,Stable_Forest,-55.62759006,-12.03432562,2020,119.022263,171,188,315,195,643,1860,2366,2124,2601,2652,1297,555,63,2313,4,20,32,21,0.831824064,2.558355438,-0.741697431
Brazil,Mato Grosso,Stable_Forest,-59.74501817,-12.47432045,2020,35.658009,211,243,483,275,1011,2373.666667,2733,2876,3035,2978,1526,633,67,2211.5,4,28,50,25,0.825452209,2.404326123,-0.712414384
Brazil,Mato Grosso,Stable_Forest,-55.63872917,-16.8993317,2020,29.02171707,272.5,346,559.5,570.5,1011.5,1772,2103.5,2356,2440,2469,2120,1156.5,76,2054,4,58.5,57,36,0.610114455,1.401491366,-0.616189361
Brazil,Mato Grosso,Stable_Forest,-62.37250054,-15.84461973,2020,26.36693954,487,467.5,563,475,939.5,1970,2398.5,2362,2742.5,2923,1816.5,892.5,134,2744,4,49.5,58,47,0.665139258,2.764025194,-0.615042746
Brazil,Mato Grosso,Stable_Forest,-61.3594704,-12.30049644,2020,3.948240995,236,289,555,390,854,2115,2553,2796,2905,2939,1578,685,69,2615,4,39,58,29,0.755178928,2.025593534,-0.668755591
Brazil,Mato Grosso,Stable_Forest,-62.10866534,-16.69298868,2020,1.211688995,491.5,477,609,630,1042,1673,1986.5,2069,2320.5,2389,2250,1342.5,145.5,2754.5,4.5,65,62.5,49,0.533160448,1.583058306,-0.545182943
Brazil,Mato Grosso,Stable_Forest,-62.39864152,-12.24129746,2020,108.139198,254,311,468,384,821,1774,2203,2254,2557,2400,1675,817,93,2969,4,40,48,33,0.708870351,2.099708062,-0.656135201
Brazil,Mato Grosso,Stable_Forest,-55.72640475,-12.68677201,2020,1.630395055,709.5,1107,1539,2402,2829.5,3062.5,3365,3646,3902.5,3912,5181,3583,63,1912,5,245,157,111.5,0.205687836,0.318761851,-0.406364501
Brazil,Mato Grosso,Stable_Forest,-62.13157238,-16.83141907,2020,10.92216778,473,500.5,733.5,635.5,1192.5,1957,2254,2414,2578.5,2523.5,2573.5,1500.5,155,2709,4,65,75,52,0.583210349,1.797009195,-0.533915818
Brazil,Mato Grosso,Stable_Forest,-60.40608839,-12.44539469,2020,58.059181,144,207.5,385,210,681,2086.5,2586.5,2546,2838,2835,1325.5,551.5,62,2295,4,22,40,21.5,0.847605228,2.594690659,-0.737291038
Brazil,Mato Grosso,Stable_Forest,-58.24168754,-16.59165872,2020,26.10871315,240,323.5,570.5,296.5,802,2366.5,3080.5,3291,3321.5,3203,1433,594,149.5,2594.5,4,31,58.5,34.5,0.834703803,2.830607808,-0.704518974
Brazil,Mato Grosso,Stable_Forest,-59.54613117,-13.28828392,2020,0.415098995,252,291,544,318.5,992.5,2268,2646.5,2724,2924,2977,1627,751.5,70,2191.5,4,33,56,30,0.790632725,2.451090279,-0.66707468
Brazil,Mato Grosso,Stable_Forest,-60.08745596,-12.38754319,2020,53.594711,165,171,324,168,701,2129,2779,2434,3031,3145,1379,577,61,2124,4,18,33,18,0.870868564,2.622078223,-0.765047133
Brazil,Mato Grosso,Stable_Forest,-61.13767635,-15.86581997,2020,102.193314,297,478,559,709,926,1357,1522,1698,1846,1949,2194,1313,80,1941,5,73,57,50,0.410884917,1.044130068,-0.504652202
Brazil,Mato Grosso,Stable_Forest,-56.88262635,-12.38924999,2020,88.86692047,273,294,480,296,781,2075,2567,2764,2901,2895,1557,680,57,2209,4,32,48,31,0.806535959,2.641267123,-0.704069078
Brazil,Mato Grosso,Stable_Forest,-60.67782876,-13.11050733,2020,2.042356968,435,642,971,1124,1642,2596,2965,3211,3389,3405,3237,1895,74,2452,4,114,100,66,0.481430233,1.014880373,-0.535628915
Brazil,Mato Grosso,Stable_Forest,-57.91973134,-17.23727791,2020,4.451508999,748,784,854,958.5,1164,1381.5,1553.5,1605,1766.5,1847,3329,3024.75,198,2652.5,5,98,87.5,80,0.252194256,1.094278944,-0.305408716
Brazil,Mato Grosso,Stable_Forest,-55.63935799,-15.24517394,2020,0.666243017,322,377,590,680,1252,1772,2016,2152,2408,2244,2384,1385,79,2066,4,69,60,38,0.51977402,1.080604904,-0.569657207
Brazil,Mato Grosso,Stable_Forest,-62.24574826,-15.78371395,2020,32.15577698,512.5,453.5,594.5,514.5,984.5,1972.5,2376.5,2326,2759,2731.5,2041.5,1048,152.5,2729.5,4,53,61,46.5,0.637739837,2.250031052,-0.592877924
Brazil,Mato Grosso,Stable_Forest,-59.62167948,-16.66693754,2020,1.746570945,515,530.5,687,620.5,1078.5,1786,2049,2137.5,2392.5,2462,2154.5,1192,87,2039.5,4,64,71,53.5,0.550036252,2.014340725,-0.513542235
Brazil,Mato Grosso,Stable_Forest,-62.0743497,-14.44208008,2020,84.294853,230.5,284,449.5,272.5,660,2010.5,2461.5,2957,2842,3081.5,1438,620.5,105.5,2554,4,28,46.5,29.5,0.831243217,2.724827446,-0.736092746
Brazil,Mato Grosso,Stable_Forest,-61.54075042,-13.57062442,2020,86.75796509,203,210,445,225,793,2331,2901,3109,3233,3127,1474,587,111,2750,4,23,46,22,0.86502701,2.499133449,-0.74957794
Brazil,Mato Grosso,Stable_Forest,-55.16190342,-17.37678628,2020,35.62189484,176,284.5,733,381.5,1048,2572,3041,3569,3289,2960,1719.5,762.5,65,2223,4,39,76,29,0.80685991,2.13911818,-0.659228265
Brazil,Mato Grosso,Stable_Forest,-58.66919578,-14.08419127,2020,7.644443989,239,272.5,443.5,381,855,1624,1902,1955,2179,2087.5,1832,929,58,2091.5,4,39,45.5,28.5,0.673801363,1.790060275,-0.630185544
Brazil,Mato Grosso,Stable_Forest,-62.21825981,-16.93966606,2020,1.061925054,647.5,874,1147,1452,1771,2249.5,2476.5,2593,2864.5,2873.5,3850.5,2850.5,156,2889,5,148.5,116.5,89.5,0.282076627,0.600399916,-0.386631012
Brazil,Mato Grosso,Stable_Forest,-60.24304416,-14.76286846,2020,1.216161013,266,286,505,318,877,2211,2592,2773,2895,2955,1578,669,79,2314,4,33,52,30,0.794241369,2.419195901,-0.691885293
Brazil,Mato Grosso,Stable_Forest,-61.84806408,-12.7935817,2020,174.456604,144,195,391,228,644,2051,2650,2910,3024,3172,1462,634,111,2843,4,24,40,20,0.854684532,2.380614238,-0.763102114
Brazil,Mato Grosso,Stable_Forest,-55.01745432,-15.09856889,2020,0.058798,325,350,519,515,947,1522,1783,1914,2054,2077,2117,1196,60,1399,4,53,53,36,0.575957179,1.469537815,-0.573366225
Brazil,Mato Grosso,Stable_Forest,-62.341329,-16.84615144,2020,1.391625047,581.5,761.5,1016.5,1222,1589.5,2327.5,2633,2687,2945.5,2891.5,3247.5,2351,165.5,2783.5,5,125,103,78,0.374776155,0.850014505,-0.451059818
Brazil,Mato Grosso,Stable_Forest,-57.66820306,-12.86589608,2020,73.81851959,189,235,469,254,831,2263,2742,2786,3062,2827,1453,616,63,2435,4,26,48,24,0.832894742,2.483814008,-0.711827934
Brazil,Mato Grosso,Stable_Forest,-59.47965583,-14.74840559,2020,207.619705,246,233.5,385.5,241.5,670.5,2013,2760,2831,2973.5,2923,1586.5,693.5,83.5,2487,4,24.5,40,24.5,0.842799008,2.559047337,-0.760298491
Brazil,Mato Grosso,Stable_Forest,-55.55042478,-16.72685517,2020,4.431515217,235,296.5,536.5,549,1013.5,1737,2058.5,2221,2361.5,2465,2039.5,1088.5,76,2132,4,56.5,55,31,0.603610098,1.269648417,-0.610879421
Brazil,Mato Grosso,Stable_Forest,-56.94604741,-17.82567442,2020,9.537775993,304.5,357,563,521,1052.5,1733.5,1973,2140,2367.5,2235,2587,1523,201,2639,4.5,55,57,36,0.608417869,1.563043059,-0.58342582
Brazil,Mato Grosso,Stable_Forest,-56.56390408,-12.08885336,2020,90.97005463,164,228,386,221,648,1951,2454,2734,2768,2768,1499,624,57,2292,4,24,39,26,0.850423038,2.67226712,-0.752564132
Brazil,Mato Grosso,Stable_Forest,-58.60182214,-14.1073678,2020,0.698346019,297,372,557.5,694,1024.5,1473.5,1681,1820,1962.5,2027,2646.5,1550.5,61,2032,5,71,57.5,38,0.447891802,0.881064163,-0.531019986
Brazil,Mato Grosso,Stable_Forest,-59.23693104,-13.14221786,2020,0.023365,196.5,270.5,416.5,349,684.5,1560.5,1822.5,1898,2007.5,2025,1679.5,982,70,2297.5,4,36,43,28,0.689363599,1.971490391,-0.640095055
Brazil,Mato Grosso,Stable_Forest,-55.51682779,-14.18363477,2020,0.633849025,313,393,561,729,1101,1433,1630,1682,1940,2070,2732,1695,62,1695,5,76,57,40,0.395271659,0.766200354,-0.499777079
Brazil,Mato Grosso,Stable_Forest,-60.48397232,-14.79610613,2020,2.240773916,274,401,569,757,1023,1413,1614,1792,1904,1855,2685,1575,64,1751,5,76,58,42,0.406041592,0.777610819,-0.518000841
Brazil,Mato Grosso,Stable_Forest,-60.00184651,-13.948366,2020,5.554042816,259.5,329,521.5,478.5,942,1877.5,2235,2353,2576.5,2574.5,1811,867.5,66,2512,4,49,53.5,33.5,0.662016571,1.699456029,-0.637154281
Brazil,Mato Grosso,Stable_Forest,-61.86737786,-16.98691744,2020,19.23794365,523.5,527.5,649.5,732,1082.5,1621,1881,1843,2142,2215,2382.5,1356.5,83.5,2447,4.5,74.5,66.5,54,0.431456298,1.218335344,-0.478836507
Brazil,Mato Grosso,Stable_Forest,-61.85534043,-14.72495956,2020,110.4154053,208,239,400,235,653,2048,2635,2585,2896,2768,1369,556,64,2928,4,23,40,26,0.833333313,2.666212843,-0.731993318
Brazil,Mato Grosso,Stable_Forest,-62.2467364,-15.80033279,2020,12.44707298,508,424,579,461,879,2012.5,2401,2513.5,2787.5,2751,1840,922,149.5,2711,4,48,59.5,43,0.690031946,2.442870745,-0.625545681
Brazil,Mato Grosso,Stable_Forest,-57.40769163,-15.65992611,2020,0.433306992,370,462,722,850,1337,1862,2143,2358,2471,2666,2424,1317,104,2351,4,86,73,48,0.470074803,0.943915874,-0.531168818
Brazil,Mato Grosso,Stable_Forest,-56.65400511,-12.39886196,2020,203.03302,158,255,512,242,718,2204,2777,3362,3025,2768,1290,523,57,2351,4,24,53,26,0.865704775,2.687338501,-0.735673726
Brazil,Mato Grosso,Stable_Forest,-55.54036365,-15.18031558,2020,1.817379951,269,364,565,742,1010,1411,1638,1852,1979,1989,2733,1614,80,1871,5,76,57,38,0.427910566,0.776223776,-0.532478273
Brazil,Mato Grosso,Stable_Forest,-56.21616624,-15.00074235,2020,2.714272976,363.5,414.5,674,721.5,1309,2036.5,2341.5,2388,2699.5,2470,2333.5,1296,93.5,2120,4,73.5,68.5,42,0.535938263,1.154325691,-0.559764862
Brazil,Mato Grosso,Stable_Forest,-55.66154638,-16.45987587,2020,211.065216,215,281,473,394,845,1716,2024,2138,2331,2375,1610,786,76,2069,4,41,49,29,0.688783586,1.820079315,-0.637686729
Brazil,Mato Grosso,Stable_Forest,-56.61034698,-17.32207888,2020,178.227112,290,346,463,358,791,2024,2568,2770,2835,2970,1464,713,189,2465,4,37,48,36,0.771099746,2.594664372,-0.713578701
Brazil,Mato Grosso,Stable_Forest,-61.54578099,-14.40408134,2020,121.1598053,227,235.5,459.5,245.5,787.5,2484,3127.5,3197,3505.5,2966.5,1564,640,93,2708.5,4,27,46.5,23,0.857371092,2.540235821,-0.748666763
Brazil,Mato Grosso,Stable_Forest,-61.65762124,-12.56325366,2020,287.128235,178,138,236,146,463,1782,2351,1840,2497,2993,1061,415,62,2413,4,13,24,15,0.852970779,2.51783591,-0.772639692
Brazil,Mato Grosso,Stable_Forest,-55.02607815,-14.4957095,2020,4.885601997,224.8333333,244.5,464.0714286,330.25,916.5,2269.333333,2714.916667,2816,3010.5,2883.5,1870,926.25,62,2031.5,4,34,47,25,0.790067554,2.09608736,-0.71703577
Brazil,Mato Grosso,Stable_Forest,-62.88867251,-16.16343182,2020,10.44463921,321.5,439.5,971,660.5,1509,2792.5,3156.5,3358.5,3513,3641,2312.5,1246,105,2899,4,68,99,45.5,0.671311259,1.675256132,-0.551449358
Brazil,Mato Grosso,Stable_Forest,-56.3157894,-17.65993525,2020,0.087676004,392,793,1158,1504,1899,2395,2635,2762,3059,2803,3651,2629,206,2476,5,154,119,82,0.294889838,0.538573508,-0.409183681
Brazil,Mato Grosso,Stable_Forest,-60.91938574,-17.64313676,2020,2.665563107,890.5,1081,1477,1928,2378,2624.5,2956,3080,3359.5,3326.5,4502,3146,104,2364.5,5,195.5,150.5,111.5,0.230031952,0.440265994,-0.351766527
Brazil,Mato Grosso,Stable_Forest,-55.88396925,-15.75119494,2020,1.157595992,617,885,1168,1764,2075,2224,2445,2530,2706,2756,3993,2814,99,2196,5,179,119,91,0.178388447,0.29563875,-0.368307203
Brazil,Mato Grosso,Stable_Forest,-61.63228875,-16.28892647,2020,60.98605728,320,369,506,464,874,1731,2103,2166,2257,2245,2138,1204,79,2297,4,48,52,39,0.647148311,1.948706206,-0.621257484
Brazil,Mato Grosso,Stable_Forest,-61.20603815,-12.92132213,2020,106.0809097,164,183,370,252,619,1956,2515,2743,2868,3043,1443,644,110,2707,4,27,39,18,0.831719518,2.159701751,-0.762287199
Brazil,Mato Grosso,Stable_Forest,-58.57469302,-16.91514205,2020,0.825118005,323,395,546,454,897,1725,2029,2126,2307,2315,1843,1119,94,2450,4,47,56,40,0.648061991,2.213396876,-0.591317356
Brazil,Mato Grosso,Stable_Forest,-58.61583586,-12.88224542,2021,44.452061,374,336,551,381,984.5,2529,3081.5,3554,3393.5,3119,1860,923,107,2435.5,4,39,56,34.5,0.806353211,2.388587775,-0.731546879
Brazil,Mato Grosso,Stable_Forest,-58.41155896,-17.31812629,2021,1.271942019,585,788,958,1368,1674,1835,2039,2194,2441,2318,3844,2803,100,2110,5,139,98,81,0.231892198,0.459603828,-0.392131984
Brazil,Mato Grosso,Stable_Forest,-58.94399043,-16.23197328,2021,1.500722051,479,722,1060,1588,2085,2487,2819,3022,3266,3343,3424,2069,140,2252,5,162,108,74,0.311062902,0.502382287,-0.480646729
Brazil,Mato Grosso,Stable_Forest,-55.77994434,-14.23385059,2021,10.18478489,275.5,463,627,857,1214.5,1602.5,1868,2079,2255.5,2230,2708.5,1629.5,79,1802.5,5,87,64,46.5,0.416212529,0.814775303,-0.536585391
Brazil,Mato Grosso,Stable_Forest,-59.71088219,-12.87371142,2021,22.450781,197,225.75,381.8333333,218.5,792.75,2353,2899.8,2797.666667,3190,3219.75,1369,539,80.5,2513.5,4,22.5,39,23,0.855114102,2.668241461,-0.759815514
Brazil,Mato Grosso,Stable_Forest,-61.84662678,-17.17430601,2021,0.693495989,436,487,626,663.5,1010.5,1642.5,1965.5,1967,2245,2578,1899.5,1075,79.5,1803,4,68.5,64,50,0.495533168,1.419007185,-0.517161608
Brazil,Mato Grosso,Stable_Forest,-58.59930686,-16.2109527,2021,16.32173347,324,470,642,968,1356,1884,2247,2512,2761,2726,3181,1884,82,2049,4,97,64,47,0.44367817,0.804837364,-0.592897892
Brazil,Mato Grosso,Stable_Forest,-58.94785319,-17.515037,2021,70.719139,356.5,461.5,575,690,996.5,1427,1644,1771,1970,1981,2259.5,1392,123,1967.5,5,70,59,48,0.439252347,1.102723656,-0.509803951
Brazil,Mato Grosso,Stable_Forest,-55.18130703,-16.61375727,2021,15.11097908,248,274,470,406,822,1973,2409,2488,2625,2274,1825,981,82,2330,4,42,48,28,0.719419479,1.81358885,-0.682217717
Brazil,Mato Grosso,Stable_Forest,-58.02492406,-15.85530968,2021,0.919861972,562,802,1178,1647,2131.5,2645,2972,3214,3418,3389.5,3955.5,2408,100,2165.5,5,167.5,120,82,0.322361648,0.553162948,-0.463570118
Brazil,Mato Grosso,Stable_Forest,-60.19705042,-16.06713242,2021,8.82079792,487.5,516,714,961,1359,1855.5,2172,2329,2606.5,2494.5,3139,1886,96,2415.5,5,98,73,53,0.415805459,0.809275911,-0.530726254
Brazil,Mato Grosso,Stable_Forest,-61.45136805,-14.66872502,2021,124.202164,302,303,484,314,838,2278,2752,2909,3081,2981,1610,707,124,2460,4,32,50,32,0.805150509,2.57287329,-0.714706779
Brazil,Mato Grosso,Stable_Forest,-56.00658928,-17.90400752,2021,5.606277943,425.75,527,717.5,884,1525.5,1970.5,2214,2276,2592.5,2600.5,3223.75,2399,76,2056,5,90.5,73.5,54.5,0.440506339,0.959073998,-0.520628035
Brazil,Mato Grosso,Stable_Forest,-59.65267136,-12.952853,2021,169.164474,182.5,217.25,362.75,212,624,1772.5,2224.5,2278,2488.333333,2699.5,1274.666667,524,72,2482,4,22,37.5,23,0.829718888,2.687829311,-0.72526747
Brazil,Mato Grosso,Stable_Forest,-56.24302587,-15.64357677,2021,0.378935009,432,491,732,1014,1318,1616,1778,1912,2055,2218,2897,1886,82,1972,5,104,77,51,0.30690363,0.520338394,-0.446293503
Brazil,Mato Grosso,Stable_Forest,-55.9693092,-14.74831576,2021,49.8097229,362,364,640,616.5,1057.5,1784.5,2090.5,2317,2377.5,2546,2302.5,1350.5,92.5,1865,4,64,66,37.5,0.579682946,1.293352601,-0.567128837
Brazil,Mato Grosso,Stable_Forest,-56.59866889,-17.61978056,2021,17.13237381,273.5,407.5,567.5,528.5,855.5,1658,2038.5,2255,2359.5,2421.5,2020.5,1077.5,70.5,2148,4,55,58,42,0.620262265,1.820626384,-0.597874224
Brazil,Mato Grosso,Stable_Forest,-56.32288609,-13.4289601,2021,0.834730983,655,825,1306,2094,2499,2704,2973,2800,3103,3129,4147,2879,68,2187,5,214,132,84,0.144258276,0.192318169,-0.363857776
Brazil,Mato Grosso,Stable_Forest,-60.32029928,-15.36707532,2021,10.69278526,346.5,377,581.3333333,556,1168,1942,2302,2477.5,2687,2676,2164,1110.5,102,2524.25,4,57,60,39,0.633426726,1.608218949,-0.619898677
Brazil,Mato Grosso,Stable_Forest,-61.47697004,-17.6774524,2021,5.126894951,240,357,536,448,889,1605,1846,1940,2128,2180,1720,1035,196,2335,4,45,54,35,0.624790609,1.911350243,-0.567043602
Brazil,Mato Grosso,Stable_Forest,-60.51774898,-17.50308941,2021,0.742465973,758,1059,1487,2311,2707,2962.5,3277.5,3601,3755,3657.5,4566.5,2928.5,84,2068.5,5,235,151,108.5,0.218200266,0.338564905,-0.415487409
Brazil,Mato Grosso,Stable_Forest,-55.53614157,-17.28201401,2021,7.102120876,536,720,1026,1410,1833,2291,2581,2700,3027,3061,3880,2350,82,1943,5,142,105,73,0.313868612,0.559798646,-0.449275374
Brazil,Mato Grosso,Stable_Forest,-58.05349049,-12.85394848,2021,0.015706999,393,426,607.5,836,1236.5,1682,1933,1937,2242.5,2323,2672.5,1540,106,2211,4,85.5,61.5,43.5,0.3970429,0.732242618,-0.522499502
Brazil,Mato Grosso,Stable_Forest,-62.16588803,-13.94558122,2021,63.36289978,256.5,294,450.5,301.5,705.5,2040,2625.5,2810,2876.5,3305,1401.5,618.5,64.5,2503.5,4,31,46,30.5,0.806202769,2.59679089,-0.723662019
Brazil,Mato Grosso,Stable_Forest,-62.80566817,-12.65012075,2021,4.868128777,310,354,535.5,522,887,1551,1760,1862,2014,2094.5,1800.5,962.5,73,2524,4,53.5,55,36.5,0.562080562,1.431623932,-0.553284645
Brazil,Mato Grosso,Stable_Forest,-62.76183039,-15.49930733,2021,64.540161,292,268,429,248,739,2342,2902,2807,3251,3371,1615,669,79,2842,4,26,44,27,0.837643206,2.79855643,-0.734857857
Brazil,Mato Grosso,Stable_Forest,-57.31759061,-16.13648236,2021,0.241458997,554,522,730,900,1355,1857,2097,2244,2458,2398,2854,1736,75,1908,5,92,75,54,0.427480906,0.90080429,-0.509078681
Brazil,Mato Grosso,Stable_Forest,-60.5745225,-12.76986617,2021,1.11609304,371,486.5,782,1029.5,1470.5,1956.5,2226.5,2370,2605.5,2664.5,3409,2075,77,2606.5,5,105.5,79.5,50.5,0.394322693,0.68403327,-0.503807127
Brazil,Mato Grosso,Stable_Forest,-59.61799639,-14.75891588,2021,0.407817006,507.5,714,995,1304,1768.5,2253.5,2568.5,2715,3015,3113.5,4169.5,2674,111.5,2426,5,133.5,102,72.5,0.351082355,0.680327869,-0.463611871
Brazil,Mato Grosso,Stable_Forest,-61.12411179,-12.10681966,2021,81.315147,227.5,224.5,364.5,222.5,653,1732.5,2263,2472,2573,2871,1339,562.5,72,2279,4,22.5,37,23,0.834848762,2.647404966,-0.742993116
Brazil,Mato Grosso,Stable_Forest,-61.33314976,-13.06990348,2021,1.564893007,473,654,859,1252,1591,1885,2161,2249,2501,2572,3912,2493,105,2654,5,128,88,67,0.284775764,0.513176858,-0.447232962
Brazil,Mato Grosso,Stable_Forest,-60.9528929,-12.11715029,2021,105.161377,269,279,444,265,696,1968,2558,2968,2797,2929,1490,657,74,2227,4,28,46,29,0.83606559,2.739712143,-0.7397421
Brazil,Mato Grosso,Stable_Forest,-56.95044915,-13.04385234,2021,1.630395055,494.5,519,716,1293,1558.5,1842,2101.5,2061,2245.5,2229,3519.5,2745,71.5,2142,5,131.5,73,53,0.228980318,0.32391396,-0.484335601
Brazil,Mato Grosso,Stable_Forest,-61.9865843,-17.92529759,2021,0.882875025,649.5,949.5,1371,1837,2127.5,2440.5,2697.5,2852,2954,2967.5,4081.5,3300.5,192.5,2218.5,5,187,139.5,97,0.216464058,0.375717194,-0.35069856
Brazil,Mato Grosso,Stable_Forest,-55.39672304,-17.44218363,2021,26.73871422,299,396,716,658,1224,2103,2327,2752,2671,2717,2134,1218,82,2047,4,67,73,42,0.614076257,1.403109086,-0.587081909
Brazil,Mato Grosso,Stable_Forest,-59.23127166,-15.90642382,2021,58.26603317,289,355,538,554,984,1824,2112,2174,2389,2368,1896,1013,149,2116,4,58,55,36,0.593841672,1.42781597,-0.603244841
Brazil,Mato Grosso,Stable_Forest,-56.98440547,-14.07305216,2021,0.306270003,274,358,524,581,916,1699,2040,2092,2305,2347,2225,1196,62,1791,4,60,54,37,0.565282464,1.3052868,-0.599388361
Brazil,Mato Grosso,Stable_Forest,-55.47739175,-14.62776184,2021,23.88533592,227,316,538.5,540.5,941,1781.5,2097,2301,2493,2323,2257,1277.5,90.5,1774.5,4,55.5,56.5,33.5,0.619567156,1.386220472,-0.62070787
Brazil,Mato Grosso,Stable_Forest,-57.50839277,-12.6109542,2021,71.450447,176,214,379,227,636,1904,2389,2646,2631,2776,1356,595,74,2371,4,24,39,22,0.841977,2.515599002,-0.749421477
Brazil,Mato Grosso,Stable_Forest,-55.76260685,-16.31928952,2021,5.645507813,379.5,445.5,641,800,1429,1855.5,2121.5,2074,2484.5,2500,3021,2200.5,97,1942.5,5,81.5,65.5,45.5,0.443284631,0.901308808,-0.527808487
Brazil,Mato Grosso,Stable_Forest,-62.51021228,-15.07539235,2021,83.447998,381,382,548,359,885,2359,2919,3024,3229,3295,1718,781,69,2699,4,37,56,39,0.787762344,2.879213483,-0.693169117
Brazil,Mato Grosso,Stable_Forest,-62.70793147,-16.84965487,2021,10.66069603,345.5,396.5,620.5,465.5,969,1755,2015.5,2082,2322.5,2500.5,1765.5,934.5,139,2624.5,4,48,63,42,0.634543657,2.124457879,-0.540795565
Brazil,Mato Grosso,Stable_Forest,-57.78219927,-14.42492225,2021,70.701691,168.5,244.5,436,272,727,1988.5,2545.5,2752,2829,2854,1235.5,560.5,121,2317,4,28,45,25.5,0.820105791,2.430181284,-0.726474285
Brazil,Mato Grosso,Stable_Forest,-57.08259133,-13.59398062,2021,84.64818573,231,276,484,265,830,2375,2886,3124,3082,3050,1482,641,62,2119,4,27,50,29,0.843611658,2.702268431,-0.731707335
Brazil,Mato Grosso,Stable_Forest,-57.06103176,-17.77959085,2021,2.036511898,360,616,844,1317,1464.5,1827.5,2139,2299.5,2595,2444,3512,2243,218,2381.5,5,134.5,86.5,62,0.271671504,0.439991043,-0.463018924
Brazil,Mato Grosso,Stable_Forest,-57.70296787,-16.13091281,2021,10.402565,554,618,802,1190,1653,1834,2003,2030,2367,2422,3533,2630,76,2231,5,121,82,65,0.260869563,0.462962963,-0.433615834
Brazil,Mato Grosso,Stable_Forest,-56.5998367,-15.2937728,2021,30.84716034,282.5,290.5,438.5,400,795.5,1585,1911.5,2013,2248.5,2409.5,1779.5,943.5,98.5,2239.5,4,41,44,30.5,0.668462515,1.804048764,-0.642259836
Brazil,Mato Grosso,Stable_Forest,-58.18832761,-17.28578694,2021,1.271942019,415,463,604,853,962,1207,1431,1674,1720,1791,2894,1996,100,2058,5,87,62,48,0.32489118,0.6181298,-0.469710261
Brazil,Mato Grosso,Stable_Forest,-56.22541889,-15.61240523,2021,0.59049499,385,523,693,965.5,1422.5,1757,1967.5,2088,2349,2161.5,3192.5,2002.5,82,2180,5,100,71,54,0.367610931,0.708738477,-0.501618147
Brazil,Mato Grosso,Stable_Forest,-59.45010126,-14.85189151,2021,145.130112,263.5,293,462.5,343,749,2178,2721,2827,3103.5,2834.5,1542,692.5,86,2407,4,35,47.5,31,0.783596218,2.3098382,-0.718802273
Brazil,Mato Grosso,Stable_Forest,-62.86190271,-15.04808357,2021,91.55850983,266.5,280,434.5,307.5,651.5,1877.5,2433.5,2601,2749,3023,1350.5,579.5,69,2737,4,31.5,45,29,0.788550794,2.443012356,-0.713720977
Brazil,Mato Grosso,Stable_Forest,-58.26702003,-14.95708423,2021,0.349397987,285.5,300.5,527.5,362,940,2168.5,2555.5,2659,2865.5,2846,1598.5,727,91.5,1984.5,4,36.5,54,31,0.760344267,2.22728595,-0.668915749
Brazil,Mato Grosso,Stable_Forest,-55.15372875,-17.18248068,2021,11.34571362,334,380.5,556.5,619.5,976,1504.5,1764,1945,2063,2084.5,2229.5,1313,83,2103,4,63.5,57,39.5,0.516864896,1.179585299,-0.555066943
Brazil,Mato Grosso,Stable_Forest,-62.72068755,-12.57951317,2021,109.134232,241.5,221.5,373.5,210,706.5,2291.5,2935.5,2686,3274,3159,1390.5,567,73,2530,4,22,38.5,22.5,0.854972363,2.708082686,-0.755842447
Brazil,Mato Grosso,Stable_Forest,-55.9393953,-16.79881022,2021,0.148578003,221,321,485.5,624.5,1006,1489.5,1770,1879,2149.5,2111,2572.5,1502.5,65,1962,4,64,50,33,0.501098454,0.974141948,-0.589342356
Brazil,Mato Grosso,Stable_Forest,-62.81608863,-15.76502899,2021,61.00375366,309,319,466,334,768,1940,2351,2309,2718,2798,1558,687,82,2780,4,35,48,33,0.747256935,2.569607078,-0.664144158
Brazil,Mato Grosso,Stable_Forest,-62.73425211,-14.4572616,2021,107.818352,212,334,513,336,752.5,2175,2782,2716,3070.5,3043.5,1560.5,665.5,73,2930,4,35,52.5,34.5,0.779816508,2.670556553,-0.682254553
Brazil,Mato Grosso,Stable_Forest,-61.18492774,-12.90829656,2021,0.970350027,408,483,736,1488,1793,1894,2017,1890,2002,2067,2999,2485,104,2633,5,152,75,50,0.11900533,0.139651219,-0.439451635
Brazil,Mato Grosso,Stable_Forest,-61.19606685,-17.36906077,2021,3.191432953,371,529,686,881,1275,1725,1982,2100,2358,2474,2633,1592,196,2026,5,90,70,55,0.408923179,0.891212166,-0.507537663
Brazil,Mato Grosso,Stable_Forest,-57.95090288,-13.04987105,2021,2.902590036,442,635,1023,1066,1796.5,2701,3054,3126,3324.5,3356.5,3296.5,2107,110.5,2418.5,4,109.5,105,65.5,0.491412222,1.081819137,-0.506869137
Brazil,Mato Grosso,Stable_Forest,-58.53965872,-15.91522731,2021,6.519321918,353,457,728,954,1375,1801,2126,2294,2381,2425,3147,2122,99,1901,5,98,75,47,0.412561566,0.72960906,-0.518199861
Brazil,Mato Grosso,Stable_Forest,-58.98800788,-17.54566955,2021,53.73117447,333,401.5,507,611,901.5,1262,1504,1594,1812.5,1812,2055.5,1214,123,1932,4.5,62.5,51.5,41,0.445804983,1.092343594,-0.517372668
Brazil,Mato Grosso,Stable_Forest,-57.62113134,-14.64267388,2021,1.959676027,555,832.5,1204,1893,2347.5,2582,2910,2851,3225.5,3111,3297.5,2604,108,2174.5,5,193.5,122.5,85,0.201939285,0.300643339,-0.406165242
Brazil,Mato Grosso,Stable_Forest,-55.05904632,-16.18948297,2021,3.860981941,264,319,479.5,559.5,986.5,1574,1829,2004,2139.5,2168,2277.5,1246,92.5,1983.5,4,57,49.5,31.5,0.563487411,1.216113824,-0.613851428
Brazil,Mato Grosso,Stable_Forest,-60.97041005,-14.07484879,2021,158.832489,215,219,463,236,722,2493,3167,3698,3532,3139,1523,605,87,2942,4,24,48,22,0.88002032,2.492440605,-0.777457356
Brazil,Mato Grosso,Stable_Forest,-57.73045631,-17.93311293,2021,41.27129745,259,252.5,377.5,369.5,856.5,1533,1804.5,1768,2207.5,2211.5,2031,1068,218,2411.5,4,38.5,39,28,0.65426898,1.671047915,-0.648100674
Brazil,Mato Grosso,Stable_Forest,-61.01433767,-14.11311702,2021,176.062637,226,188,316,208,624,1651,2232,1866,2440,2798,1242,533,87,2685,4,21,33,19,0.79942143,2.431085044,-0.710357487
Brazil,Mato Grosso,Stable_Forest,-58.14368134,-13.24714108,2021,57.29931641,251.5,260,467.5,296.5,812,2042.5,2419,2503,2680.5,2890.5,1379.5,591,81.5,2249,4,31,48,27,0.788176477,2.364444921,-0.685238183
Brazil,Mato Grosso,Stable_Forest,-61.39414537,-12.59280823,2021,0.970350027,398,521,838,1324,1680,2033,2268,2368,2573,2499,3440,2537,63,2389,5,135,86,55,0.282773554,0.407462337,-0.477230191
Brazil,Mato Grosso,Stable_Forest,-56.04449819,-12.68237027,2021,150.282227,251.5,291,475.5,342.3333333,814.6666667,1786.333333,2159.25,2267.142857,2407.625,2374.5,1475.5,692,74,2117.666667,4,35.5,49,31,0.737622976,2.248984588,-0.653254151
Brazil,Mato Grosso,Stable_Forest,-61.91795301,-14.0062175,2021,0.342967004,278.5,277.5,465,252,803.5,2565.5,3231.5,3139,3550.5,3734.5,1581.5,653,87,2810,4,26.5,48,28,0.851371288,2.807546436,-0.741953373
Brazil,Mato Grosso,Stable_Forest,-60.96591847,-12.4152113,2021,153.674042,233,259,483,264,800,2391,2952,3296,3269,2908,1521,638,74,2314,4,26,49,26,0.851685405,2.579547388,-0.744376838
Brazil,Mato Grosso,Stable_Forest,-55.88693369,-15.88702021,2021,1.022176981,433,600,896.5,1256,1689,2143,2395.5,2494,2791,2717,3356,2184.5,110,2159.5,5,128,91.5,61.5,0.330133319,0.559573314,-0.471169442
Brazil,Mato Grosso,Stable_Forest,-57.81651492,-12.81747688,2021,5.415853977,187.5,226,401.5,257.5,732.5,2033,2505.5,2592,2770,2775,1325,564,82,2428,4,26.5,41,23.5,0.819266558,2.388968481,-0.731752157
Brazil,Mato Grosso,Stable_Forest,-58.49438363,-13.56667183,2021,0.882875025,668,1029,1495,2431,2865,3029,3321.5,3598,3819.5,3869.5,4779,3390.5,105,2079.5,5,248,152,105,0.193564445,0.278719847,-0.4129197
Brazil,Mato Grosso,Stable_Forest,-60.0422707,-14.73978176,2021,1.171597004,551,583,841,1228,1618,1978,2257.5,2347.5,2663,2884.5,3826.5,2371.5,112.5,2525.5,5,123.5,86,60.5,0.31310305,0.523718189,-0.472479224
Brazil,Mato Grosso,Stable_Forest,-56.28937893,-14.59389536,2021,0.553537011,486,583.5,774,1141,1430,1654.5,1852,2081,2154,2259,2670.5,1877,96.5,2010,5,116.5,79,60.5,0.291744262,0.516284945,-0.457793355
Brazil,Mato Grosso,Stable_Forest,-60.56158676,-14.3629385,2021,151.436722,192,228,454,265,781,2119,2740,2846,3037,2995,1363,589,84,2580,4,27,46,24,0.829636753,2.366153282,-0.724848509
Brazil,Mato Grosso,Stable_Forest,-56.40220733,-14.37497592,2021,1.022176981,422.5,517.5,823.5,1328,1656.5,1861,2008.5,2059,2148,2234.5,3136.5,2436,87.5,1945.5,5,135,84.5,54.5,0.215825215,0.297311587,-0.428620994
Brazil,Mato Grosso,Stable_Forest,-58.97156871,-16.40400066,2021,1.382437944,387,463.5,651,705,1148.5,1838.5,2118,2180,2411.5,2413.5,2365,1503.5,103,2076.5,4,72.5,67.5,47.5,0.511265159,1.256495443,-0.540091813
Brazil,Mato Grosso,Stable_Forest,-55.94954626,-12.670782,2021,1.500722051,732,1034,1498,2298,2702,2888,3114,3252,3489,3535,4721,3333,74,1910,5,235,153,106,0.171891898,0.256838251,-0.369263172
Brazil,Mato Grosso,Stable_Forest,-60.51460487,-14.40839325,2021,209.064621,181,196,358,210,726,2127,2661,2777,2964,2720,1389,598,85,2529,4,22,37,20,0.859390676,2.49902648,-0.771610856
Brazil,Mato Grosso,Stable_Forest,-58.04926841,-17.2232642,2021,0.042068999,467,491,669,804,1119,1558,1781,1904,2147,2203,2639,1787,88,2107,5,82,68,50,0.406203836,0.902675201,-0.479984462
Brazil,Mato Grosso,Stable_Forest,-55.90013892,-16.21508495,2021,0.970350027,340,435,645.5,711,1224,2079.5,2420.5,2491,2776,2765.5,2817.5,1806,122,2194,4,72.5,66.5,44.5,0.555902541,1.27306537,-0.588394701
Brazil,Mato Grosso,Stable_Forest,-57.63873832,-12.3357104,2021,0.919861972,391,584,780,1104,1482,1954,2207,2430,2629,2357,3535,2402,75,2405,5,115,80,57,0.375212222,0.709090909,-0.514018714
Brazil,Mato Grosso,Stable_Forest,-57.71060354,-14.57485107,2021,1.271942019,427,576.5,882,1288,1698.5,2126.5,2425.5,2630,2903.5,2906,3753.5,2428.5,95.5,2146.5,5,131.5,90.5,59.5,0.342521697,0.55590075,-0.497722089
Brazil,Mato Grosso,Stable_Forest,-56.60693339,-17.64915547,2021,3.504384041,361,476.5,652,895,1307.5,1619.5,1901,1973,2348.5,2378.5,3199,1989,70.5,2082,5,92.5,66.5,50,0.375871688,0.71480671,-0.503238082
Brazil,Mato Grosso,Stable_Forest,-55.16307123,-14.78532635,2021,38.31352997,265,267,428,425,957,1636,1955,1932,2323,2315,2203,1203,103,1915,4,44,44,28,0.63937211,1.518847007,-0.637288153
Brazil,Mato Grosso,Stable_Forest,-55.91828489,-15.25173164,2021,0.022206999,317.5,438.5,661.5,927,1049,1647,1890,2251,2151,2194,2264.5,1422.5,85.5,1573.5,4,94.5,68,45.5,0.416614234,0.731451301,-0.545751095
Brazil,Mato Grosso,Stable_Forest,-58.99115198,-15.36608718,2021,25.07505989,774,1027,1402,1925,2413,2912,3237,3361,3648.5,3615,4432.5,3081,110,2338,5,196.5,143.5,104.5,0.271660984,0.497954088,-0.411295414
Brazil,Mato Grosso,Stable_Forest,-59.29918429,-18.0042595,2021,93.45890045,327.5,445.5,562,604.5,907.5,1340,1574,1728.5,1862,1655,2016,1226.5,116,1597.5,4,63.5,57.5,46,0.481783122,1.394367944,-0.509277463
Brazil,Mato Grosso,Stable_Forest,-60.50786751,-12.92374758,2021,13.33976078,289.5,240,398.5,268,760,2042.5,2599.5,2692.5,2842.5,2779.5,1625,762,75.5,2576.5,4,27,41.5,25.5,0.818949521,2.423046172,-0.742154658
Brazil,Mato Grosso,Stable_Forest,-57.05833682,-18.02033935,2021,0.479227006,344.5,575,768,1160,1371.5,1609.5,1870.5,2116,2251,2287,3735.5,2554.5,218,2235.5,5,117.5,78,59.5,0.291819304,0.501626613,-0.467406392
Brazil,Mato Grosso,Stable_Forest,-61.00831895,-17.27312069,2021,31.73158455,449,455,534,728,972,1153,1334,1540,1667,1613,2269,1394,149,1893,5,74,55,47,0.358024687,0.813138394,-0.485053033
Brazil,Mato Grosso,Stable_Forest,-61.53473171,-12.83364656,2021,175.369995,224,245,378,246,723,2135,2705,2473,3080,3142,1568,682,105,2851,4,24,39,25,0.819051147,2.635502959,-0.734829903
Brazil,Mato Grosso,Stable_Forest,-58.8592793,-12.88862345,2021,0.637818992,300.5,389.5,599.5,614.5,1077.5,1743.5,2035.5,2148,2337,2343.5,2265.5,1214.5,101,2555,4,62.5,61,40.5,0.555113137,1.315292907,-0.563603282
Brazil,Mato Grosso,Stable_Forest,-55.29323712,-13.35071684,2021,178.377945,186,242.5,396,259.5,647.5,1845.5,2317.5,2235,2517.5,2369.5,1349.5,598,68,2036.5,4,27,41,24.5,0.791942298,2.50158288,-0.698973775
Brazil,Mato Grosso,Stable_Forest,-62.77207118,-15.06901431,2021,47.969849,278.5,281.5,406,275.5,631.5,2165,2751.5,3072,3149.5,2871.5,1609.5,663.5,66.5,2928.5,4,28.5,41.5,29.5,0.835399568,2.673773783,-0.766532481
Brazil,Mato Grosso,Stable_Forest,-56.17798784,-15.79206828,2021,8.781129837,335,478,678,874,1320,1783,1966,2134,2303,2203,2490,1490,82,2060,4,90,70,49,0.418882966,0.830258303,-0.51778096
Brazil,Mato Grosso,Stable_Forest,-61.78069043,-15.54188748,2021,63.770779,319.5,277,398,298.5,735,1752,2076.5,1979.5,2339.5,2579,1663.5,820.5,76.5,2354,4,31,40.5,28.5,0.737928033,2.48081464,-0.665194511
Brazil,Mato Grosso,Stable_Forest,-55.47882905,-16.97622749,2021,16.33307457,509,544,811,1078,1600,2029,2332,2508,2791,2718,2898,1757,87,2113,5,110,83,56,0.398773015,0.730038799,-0.511298597
Brazil,Mato Grosso,Stable_Forest,-57.24859999,-14.26214752,2021,1.022176981,439,577,786,1028,1394,1979,2266,2380,2628,2671,3533,2332,63,1837,5,105,80,59,0.396713614,0.800663271,-0.503474414
Brazil,Mato Grosso,Stable_Forest,-59.89315036,-13.1648554,2021,2.014405012,434,641.5,875.5,1324,1626.5,2360.5,2736,2766,3039.5,3147.5,3840,2664,77,2483,5,135,89.5,66,0.352567226,0.611042841,-0.519154191
Brazil,Mato Grosso,Stable_Forest,-58.75965613,-12.4784527,2021,19.29546356,199,256,496,294,963,2303,2749,2884,3059,2900,1554,643,114,2675,4,31,51,28,0.814977944,2.372663979,-0.706508875
Brazil,Mato Grosso,Stable_Forest,-59.15751997,-15.73080318,2021,25.35502815,390,469,671,650,1103,1838,2153,2277,2493,2461,2417,1316,136,2121,4,69,70,47,0.555859268,1.528847961,-0.544776142
Brazil,Mato Grosso,Stable_Forest,-55.72119452,-17.64870631,2021,0.042863999,409,581,826,1078,1423,2083,2398,2576,2817,2821,3162,2052,82,2084,4,110,84,61,0.4099617,0.798933333,-0.514403284
Brazil,Mato Grosso,Stable_Forest,-61.58575602,-16.28721967,2021,1.376373053,388.5,340.5,502,494.5,794,1568.5,1828,2018,2210,2459,2187,1255,70.5,1754.5,4,51,51.5,34.5,0.606368184,1.56593689,-0.601587296
Brazil,Mato Grosso,Stable_Forest,-57.73593604,-12.30678465,2021,42.684059,232,292,460,331,774,1757,2034,2286,2359,2465,1272,611,75,2335,4,34,47,30,0.747038603,2.34637542,-0.664967239
Brazil,Mato Grosso,Stable_Forest,-59.09499723,-15.02751215,2021,76.327911,282,343,595.5,432,980,2641,3154.5,3820,3505,2758.5,1852.5,897,95.5,2441.5,4,44.5,60.5,37.5,0.796801507,2.205442,-0.730268359
Brazil,Mato Grosso,Stable_Forest,-59.537687,-17.91882972,2021,4.693873882,263.5,369,485,636,889,1232.5,1458.5,1571,1747,1724,2095.5,1262.5,122,1672,5,64,51,38,0.423652023,0.892005342,-0.528210104
Brazil,Mato Grosso,Stable_Forest,-56.93607611,-16.6474441,2021,1.613895059,453,630,926,1350,1661,1897,2192,2482,2620.5,2511.5,3660,2372,103,2159,5,138,95,68,0.295407087,0.483100034,-0.456572771
Brazil,Mato Grosso,Stable_Forest,-55.66055824,-12.84577382,2021,34.342442,240.5,247.5,375.5,289.5,716,1745,2169,2193,2407.5,2474,1411,650.5,69,2066,4,30,39.5,25,0.766767383,2.293649837,-0.707611442
Brazil,Mato Grosso,Stable_Forest,-58.77905974,-12.47944084,2021,0.378630012,197,276,473,318,908,2350,2775,2805,3032,3023,1490,631,114,2597,4,32,48,28,0.796349645,2.351550681,-0.71140939
Brazil,Mato Grosso,Stable_Forest,-57.49042647,-13.19557779,2021,73.088432,158.5,203.5,363,227.5,611.5,1565,1939.5,2110,2238.5,2260,1062,419,80,2459,4,24,37.5,21.5,0.805347621,2.413770996,-0.706429422
Brazil,Mato Grosso,Stable_Forest,-58.4960006,-15.150761,2021,152.114502,355,332.5,543.5,377.5,984.5,2527.5,3078.5,3171,3366,3152,2040,988.5,99,2287,4,39,56.5,34.5,0.787234068,2.372802174,-0.707363009
Brazil,Mato Grosso,Stable_Forest,-55.18445113,-16.37085282,2021,1.271942019,550,702,990,1556,2021,2517,2770,3088,3312,3425,4463,2941,90,1848,5,159,101,72,0.329888016,0.534916201,-0.514467895
Brazil,Mato Grosso,Stable_Forest,-62.54668388,-14.93265005,2021,76.531647,360,331,492,343,836,2347,2887,2908,3251,3332,1659,757,69,2658,4,35,50,33,0.788987994,2.581002214,-0.710588217
Brazil,Mato Grosso,Stable_Forest,-62.76039308,-15.53721624,2021,87.218918,283,267,439,276,741,2119,2683,2789,2945,2885,1512,655,81,2832,4,29,45,28,0.819902122,2.571107019,-0.728004932
Brazil,Mato Grosso,Stable_Forest,-57.2218302,-13.71992442,2021,2.701644897,262,277,458,324,821,1938,2313,2460,2624,2563,1563,727,57,2001,4,33,47,29,0.767241359,2.294307197,-0.686086357
Brazil,Mato Grosso,Stable_Forest,-59.15635216,-14.99391515,2021,2.847893953,302,320,524,381,937,2201.5,2641,2671,3033.5,2983.5,1718,799.5,100.5,2483,4,38.5,53,32.5,0.750327647,2.238076622,-0.671987474
Brazil,Mato Grosso,Stable_Forest,-62.32039826,-17.96832689,2021,14.42980194,356,400,559,475,947,1632,1941,2008,2202,2151,1778,1043,149,2122,4,48,57,40,0.617398322,2.061592254,-0.564472139
Brazil,Mato Grosso,Stable_Forest,-59.20809512,-14.02337532,2021,1.214100957,591,812,1256,2150,2343,2494,2710,3156,2932,2885,4294,3236,98,1946,5,219,128,82,0.189596683,0.252332698,-0.430643708
Brazil,Mato Grosso,Stable_Forest,-59.69327521,-16.46400812,2021,23.8070488,405.5,446,576,688,1012.5,1318,1511,1579.5,1761.5,1741.5,2224,1426,96,2263,5,70,59,47.5,0.393164277,0.942987095,-0.465553224
Brazil,Mato Grosso,Stable_Forest,-56.72524151,-16.91801666,2021,3.930624008,361,345,488,501,881,1550,1847,2138,2098,1880,2232,1292,94,2403,4,51,50,35,0.620310724,1.600195503,-0.628332078
Brazil,Mato Grosso,Stable_Forest,-59.10227358,-17.49796901,2021,89.414688,367.5,367,474,507.5,862.5,1337,1574.5,1749,1844.5,1898,1980.5,1136.5,122,1851,4,52,48.5,38,0.550188363,1.519583843,-0.573549271
Brazil,Mato Grosso,Stable_Forest,-57.55411702,-16.91262677,2021,1.500722051,276,319,537,334,935,2586,3073,2976,3336,3294,1904,877,108,2323,4,34,55,34,0.798187315,2.551670852,-0.694278419
Brazil,Mato Grosso,Stable_Forest,-61.58234242,-13.56200059,2021,12.46422768,239,277,488,289,800,2478,3150,3586,3511,3470,1554,671,82,2852,4,30,49,25,0.850838721,2.541236319,-0.760432005
Brazil,Mato Grosso,Stable_Forest,-62.23892106,-13.88548393,2021,20.3992157,281.5,271.5,435.5,240.5,763.5,2312,2961.5,3350,3289,3377,1531.5,647.5,64,2724,4,25,44.5,28.5,0.866035342,2.818874082,-0.769911528
Brazil,Mato Grosso,Stable_Forest,-62.28078255,-13.8435326,2021,92.33401489,326,292.5,493.5,292.5,829.5,2607.5,3271,3486,3736,3399,1744.5,776,64,2856.5,4,30.5,51,30.5,0.845176637,2.619125728,-0.751978874
Brazil,Mato Grosso,Stable_Forest,-56.90140114,-14.11437466,2021,1.022176981,590.5,830,1165,1652,1954,2194.5,2553,2515,2765,2739,3536,2385.5,86.5,1819.5,5,168.5,118.5,85,0.207103431,0.347815573,-0.366847813
Brazil,Mato Grosso,Stable_Forest,-57.679432,-15.57207087,2021,47.87817764,296,308,412,292,795,1967,2368,2327,2715,2691,1690,790,65,2233,4,30,42,28,0.777014136,2.874293785,-0.699160278
Brazil,Mato Grosso,Stable_Forest,-62.3481562,-13.66979843,2021,76.827728,181,233,416,220.5,660.5,2149.5,2741.5,3069,3081,3050,1288.5,514.5,70,2857,4,23,43,24,0.865937054,2.691835192,-0.761262536
Brazil,Mato Grosso,Stable_Forest,-56.06506961,-15.2356518,2021,0.024042999,371,402,625,720,1173.5,1783,2083.5,2212,2392,2328,2547,1519.5,105,1890,4,73.5,64,41.5,0.508867681,1.060261512,-0.559393704
Brazil,Mato Grosso,Stable_Forest,-55.56219271,-15.21301425,2021,203.000671,145.5,230.5,379,335.5,636.5,1469.5,1817.5,2083,2111.5,2122,1468.5,774.5,88.5,1716.5,4,34,38.5,25,0.72255528,1.844716563,-0.692120254
Brazil,Mato Grosso,Stable_Forest,-59.00848947,-15.35665487,2021,1.630395055,388.5,473,710.5,779,1229,1971,2297,2441,2741.5,2945,2775.5,1678,111.5,2194.5,4,77.5,72,47,0.516149044,1.164354771,-0.549103618
Brazil,Mato Grosso,Stable_Forest,-60.07964061,-15.98835017,2021,0.301425993,384.5,493.5,708,752,1245,1991.5,2325.5,2490,2685,2692,2423,1400,154,2468.5,4,77,72.5,50,0.536088824,1.315968804,-0.55722326
Brazil,Mato Grosso,Stable_Forest,-62.03455433,-12.45078459,2021,1.817379951,385,417,708,482,1183,2810,3361,3604,3702,3356,2307,1213,76,3036,4,49,72,43,0.764072418,2.316367414,-0.67161411
Brazil,Mato Grosso,Stable_Forest,-58.20557527,-16.90409277,2021,1.996078968,357,433.5,613,730,1099,1679.5,1938.5,1985,2237.5,2235,2641,1594,83,1947.5,4,75,63,44.5,0.462246776,1.007303957,-0.528098524
Brazil,Mato Grosso,Stable_Forest,-58.45737304,-13.47764879,2021,1.171597004,516.5,654,947.5,1203,1662,2225,2514,2636,2839.5,2736.5,3990,2847.5,109.5,2309,5,122.5,96.5,67.5,0.373274297,0.723737374,-0.471187383
Brazil,Mato Grosso,Stable_Forest,-58.94165481,-17.18131287,2021,43.01354599,537.5,520,638,809.5,1053,1341,1573.5,1669.5,1897,1925,2248.5,1474,112,1870,5,83.5,65.5,53.5,0.346914083,0.818268316,-0.44702059
Brazil,Mato Grosso,Stable_Forest,-56.45260282,-15.47289686,2021,3.81030798,312.5,339.5,508.5,545,1024.5,1653,1907,2035,2227.5,2163,2151,1207.5,81,2320.5,4,55,52,34.5,0.577519357,1.349759942,-0.600157261
Brazil,Mato Grosso,Stable_Forest,-55.68499241,-12.37451762,2021,192.714783,215,244,356,239,679,1725,2099,1916,2299,2318,1311,597,69,2278,4,24,37,25,0.778190255,2.756410256,-0.686619699
Brazil,Mato Grosso,Stable_Forest,-56.82324771,-17.15364476,2021,12.16573715,259,309,542,323,990,2514,2889,2906,3153,2880,1496,713,94,2919,4,33,55,32,0.799938083,2.554896142,-0.685614824
Brazil,Mato Grosso,Stable_Forest,-58.46186462,-15.07359572,2021,44.86806488,337,421.5,711,754.5,1254.5,2313,2721,2880,3087.5,2998.5,2449.5,1432.5,106,2044.5,4,77,72,44.5,0.584812224,1.251250957,-0.604010046
Brazil,Mato Grosso,Stable_Forest,-59.72435692,-15.19127502,2021,0.065889001,367.5,350.5,562,450.5,1056.5,2046.5,2445.5,2451,2778,2572.5,2093,1039.5,123.5,2787,4,46.5,57.5,36.5,0.689470947,1.979713013,-0.626949906
Brazil,Mato Grosso,Stable_Forest,-60.44013454,-13.87955504,2021,33.91435242,252,284,472,337,858,1892,2374,2438,2683,2687,1612,753,88,2877,4,34,48,29,0.757117093,2.253324753,-0.675601363
Brazil,Mato Grosso,Stable_Forest,-55.80195306,-17.56174939,2021,0.016481999,350,440,613,819,1145,1479,1690,1790,2017,2168,2891,1775,76,1911,5,84,63,45,0.37217325,0.712922173,-0.489804417
Brazil,Mato Grosso,Stable_Forest,-60.17531119,-12.828077,2021,86.350792,179.5,232.5,391,215,733.5,2157,2660,2579,2897,2720.5,1287,557.5,69.5,2414.5,4,22.5,40,23.5,0.846098781,2.779541446,-0.736700356
Brazil,Mato Grosso,Stable_Forest,-60.25121883,-16.66343411,2021,7.243443012,271,331,456,551,901.5,1454,1679,1772,1973.5,2000,1904.5,1126,80.5,2290.5,4,56.5,47,34,0.525613427,1.175621028,-0.590664268
Brazil,Mato Grosso,Stable_Forest,-61.73298989,-12.53244144,2021,98.53905487,215,223,330,200,626,2013,2584,2495,2883,2851,1368,587,64,2765,4,21,35,23,0.851576984,2.835433655,-0.766371667
Brazil,Mato Grosso,Stable_Forest,-56.29548748,-14.79305186,2021,1.453466058,407.5,438,646,868.5,1439,1797.5,2021,2141,2325.5,2412,3281.5,2137.5,98.5,2103.5,5,88.5,66,44,0.422827721,0.782018191,-0.536419094
Brazil,Mato Grosso,Stable_Forest,-62.41894344,-12.45500667,2021,141.631332,205,250,415,315.5,746,1676.5,2035.5,2249,2333,2486,1574,742.5,72,2413,4,32.5,42.5,25,0.753948152,2.131283069,-0.688438416
Brazil,Mato Grosso,Stable_Forest,-57.73593604,-12.04079349,2021,27.01982117,212,248,417,238,706,2113,2679,2862,2976,2953,1356,550,80,2608,4,24,43,26,0.84645164,2.698477993,-0.745654166
Brazil,Mato Grosso,Stable_Forest,-59.8046663,-12.60556431,2021,48.00823212,186,232,430,230,811,2364,2893,2922,3150,3128,1511,607,80,2670,4,24,44,24,0.854060888,2.625829107,-0.743436754
Brazil,Mato Grosso,Stable_Forest,-57.75012942,-13.69171732,2021,4.505998135,743,1079,1590,2521,3037.5,3269,3557,3678,4034.5,3996.5,5243.5,3470.5,125,1966,5,255,162,110,0.186643004,0.270011669,-0.396355361
Brazil,Mato Grosso,Stable_Forest,-56.10944638,-16.68158008,2021,51.84116364,304,320,474,493,892,1617,1939,1938,2244,2172,2067,1318,94,2319,4,51,49,33,0.594405591,1.446736083,-0.606965184
Brazil,Mato Grosso,Stable_Forest,-60.55889182,-14.36239951,2021,130.735672,192,202,378,238,710,1992,2511,2464,2831,2988,1365,570,84,2567,4,24,39,22,0.823834181,2.34020185,-0.733990133
Brazil,Mato Grosso,Stable_Forest,-61.33341925,-12.14418958,2021,1.044916034,307,306,532,423,943,2067,2470,2813,2838,2808,2080,1078,64,2559,4,43,56,32,0.73856616,1.954530586,-0.681913316
Brazil,Mato Grosso,Stable_Forest,-55.75245589,-16.53093261,2021,2.163994074,358,525,724,1029,1276,1511,1673,1792,2026.5,1909,3159.5,2321,65,1837,5,105,74,54,0.270471454,0.473383795,-0.424483299
Brazil,Mato Grosso,Stable_Forest,-56.11097352,-14.76762953,2021,3.103929996,341.5,402.5,627,771.5,1235,1795,2059,2123,2313,2318.5,2409,1639,98.5,2164.5,4,79.5,64,41.5,0.466920018,0.904800161,-0.54400003
Brazil,Mato Grosso,Stable_Forest,-62.98362443,-17.24644073,2021,57.44750214,580,640.5,927,888.5,1485.5,2806.5,3237.5,3378,3620.5,3419.5,3362.5,2092.5,164,2726.5,4,90.5,94.5,65.5,0.583499372,1.59328,-0.569337964
Brazil,Mato Grosso,Stable_Forest,-56.601274,-16.22568507,2021,0.970350027,439,574,802,1132,1507,1808,2053,2156,2382,2363,3667,2672,82,2450,5,117,82,60,0.311435521,0.551248923,-0.457741708
Brazil,Mato Grosso,Stable_Forest,-57.46877707,-12.97153796,2021,1.548725009,495.5,613,916,1703,1877.5,1975.5,2125.5,2218,2222.5,2274.5,3696.5,3534,83,2187.5,5,173.5,93.5,63,0.13134405,0.164232413,-0.41544351
Brazil,Mato Grosso,Stable_Forest,-62.76039308,-12.61400847,2021,0.180338994,314,353.5,548,459.5,901,1763,2047,2211,2318.5,2355,1923,1089.5,73,2494,4,47,56.5,36,0.655869663,1.889224463,-0.602754593
Brazil,Mato Grosso,Stable_Forest,-58.06992966,-13.07358657,2021,104.711403,219.5,268.5,437,300,733.5,1860,2238.5,2348,2499,2323,1500.5,675.5,105,2430.5,4,30.5,45,28,0.773413897,2.397845686,-0.686175942
Brazil,Mato Grosso,Stable_Forest,-58.67566365,-13.12110745,2021,1.022176981,650.5,856.5,1206,1738,2024.5,2178.5,2468.5,2496,2785.5,2755,4242.5,3160.5,109.5,2289.5,5,176.5,122.5,88.5,0.179026932,0.291482407,-0.348460287
Brazil,Mato Grosso,Stable_Forest,-56.46149614,-12.15829313,2021,78.508278,249,273,431,273,689,2109,2604,2626,2828,2976,1550,691,63,2327,4,28,44,29,0.811659217,2.65276212,-0.718024194
Brazil,Mato Grosso,Stable_Forest,-61.59177473,-13.99462923,2021,7.669115067,235,308.5,594,334.5,1016.5,2584,3174,3380,3561,3289.5,1641.5,703.5,90.5,2779,4,34.5,61,32.5,0.819895029,2.476620314,-0.701056898
Brazil,Mato Grosso,Stable_Forest,-56.06677641,-12.85026539,2021,1.437880993,725.5,1027,1518,2344,2787,2943.5,3234.5,3396,3678,3747,4844.5,3203,68,1941.5,5,239.5,154.5,105.5,0.183275267,0.269508633,-0.382173389
Brazil,Mato Grosso,Stable_Forest,-57.93437388,-15.79170896,2021,0.834730983,278,371.5,659.5,657,1249.5,2052,2304.5,2447,2603,2744.5,2102,1156.5,98.5,2119.5,4,66.5,67,38.5,0.576675236,1.241762053,-0.575406432
Brazil,Mato Grosso,Stable_Forest,-59.74501817,-12.47432045,2021,13.40614128,204.5,248,506,268,978.6666667,2384,2792.5,2898,3069,3027,1464.666667,610,106,2590,4,28,52,25,0.830701172,2.483944088,-0.702702701
Brazil,Mato Grosso,Stable_Forest,-59.92872364,-14.89959205,2021,3.606368065,515,899,1201,1568,1694,2229.5,2494.5,2675.5,2845,2859,3324,2276,122.5,2511,5,159.5,123,94,0.260987401,0.51829839,-0.380368888
Brazil,Mato Grosso,Stable_Forest,-59.60559964,-12.86895035,2021,4.477054119,314,331,480.5,395,847,1875.5,2203,2284,2478,2498.5,1767.5,937,95,2555.5,4,40.5,49.5,33.5,0.705113828,2.173762946,-0.65237838
Brazil,Mato Grosso,Stable_Forest,-57.72488676,-13.12083796,2021,57.171101,257,285,441.5,335,799,1861,2263.5,2259,2516,2649,1447.5,685.5,81.5,2234,4,34.5,45.5,29.5,0.741711617,2.255568581,-0.673023522
Brazil,Mato Grosso,Stable_Forest,-62.49287479,-15.40273844,2021,10.51595974,277,304,449,327,774,2179,2742,2586,3095,3312,1527,670,74,2494,4,32,46,29,0.775489211,2.48898193,-0.704118609
Brazil,Mato Grosso,Stable_Forest,-62.96026823,-12.46039656,2021,160.910873,189,187,361,180,683,2354,2903,2796,3243,2764,1197,444,76,2920,4,19,37,20,0.879032254,2.642958173,-0.771301866
Brazil,Mato Grosso,Stable_Forest,-61.35309236,-15.01215095,2021,119.972214,267,291,462,326,785,1892,2295,2214,2700,2768,1465,637,116,2507,4,34,47,30,0.743307114,2.373648479,-0.654708505
Brazil,Mato Grosso,Stable_Forest,-58.61242226,-12.58993362,2021,43.91086578,260,281,476,306,811,2010,2455,2522,2727,2751,1438,640,109,2527,4,31,49,29,0.783592641,2.460581834,-0.682454944
Brazil,Mato Grosso,Stable_Forest,-60.4152512,-15.98538573,2021,6.70E-05,483,536,745,888,1398,1981,2253,2324,2610,2640,2666,1639,93,2450,4,91,76,57,0.44707346,0.988164052,-0.514499843
Brazil,Mato Grosso,Stable_Forest,-55.52033122,-14.40102707,2021,1.347812057,361.5,582.5,826.5,1080,1486.5,2071,2324.5,2315,2540.5,2581.5,2713,1826,87.5,2065.5,5,110.5,83.5,59.5,0.363770247,0.69738551,-0.473818243
Brazil,Mato Grosso,Stable_Forest,-61.53922329,-14.32116684,2021,142.797897,248,271.5,430.5,268.5,748.5,2264.5,2888,2846,3244,3118.5,1552,651.5,88.5,2714.5,4,28,44,28,0.82758069,2.660782492,-0.737219572
Brazil,Mato Grosso,Stable_Forest,-59.01280138,-12.16485083,2021,18.65929413,220,297,542.5,341,904.5,2173.5,2584,2848,2853.5,2814.5,1760,811.5,120,2713,4,35,55.5,30.5,0.786139846,2.349578257,-0.679988205
Brazil,Mato Grosso,Stable_Forest,-59.40365836,-14.10098976,2021,3.359055042,444,498,684,940,1336,1636,1913,2014,2198,2219,3143,1891,99,1878,5,96,70,50,0.363574803,0.68494898,-0.492957741
Brazil,Mato Grosso,Stable_Forest,-56.75452659,-12.78594602,2021,164.085693,210.5,252.5,375,240.5,611,1668.5,2128,2285,2372,2461,1256.5,533.5,66,2340.5,4,24.5,38.5,25,0.809542656,2.78504291,-0.718045115
Brazil,Mato Grosso,Stable_Forest,-57.91973134,-17.23727791,2021,1.271942019,516.5,650,880,1210,1574.5,1895.5,2132,2340,2509,2520,3552.5,2383,136,2344,5,124,90,66.5,0.318309873,0.597757088,-0.453416139
Brazil,Mato Grosso,Stable_Forest,-58.33053092,-15.19441913,2021,25.53014183,297.5,347,553.5,421.5,927.5,2098.5,2546.5,2733,2851.5,2773,1731,873,104,2249,4,43.5,57,35.5,0.732762694,2.172054125,-0.663167477
Brazil,Mato Grosso,Stable_Forest,-60.82227786,-13.46866563,2021,5.089809895,220.5,249.5,444,271.5,801.5,2004,2371.5,2379,2692.5,2711.5,1257,567.5,79,2866.5,4,27,46,25.5,0.795132995,2.464624021,-0.685441017
Brazil,Mato Grosso,Stable_Forest,-62.58477245,-12.24839415,2021,283.812775,224,209,356.5,230.5,730,1792.5,2250.5,2109.5,2603.5,2837.5,1341.5,609,73,2451,4,23.5,38,23,0.80299145,2.438992731,-0.710867822
Brazil,Mato Grosso,Stable_Forest,-59.48073381,-16.48260324,2021,0.620123982,338.5,402,531,734,1059,1474.5,1717,1823,2090,2061,2545,1543.5,96,2140.5,5,75,54,41,0.425889701,0.847338936,-0.54885304
Brazil,Mato Grosso,Stable_Forest,-61.54075042,-13.57062442,2021,58.03832245,197,219,446,231,826,2402,3007,3276,3304,3271,1467,602,88,2925,4,23,46,23,0.868263483,2.5202781,-0.760343909
Brazil,Mato Grosso,Stable_Forest,-60.1166512,-15.92933086,2021,1.574687004,498.5,580.5,769.5,989.5,1303,1690.5,1912.5,2075,2333.5,2594,3168,2045,136.5,2326.5,5,101,78.5,61.5,0.354217649,0.741613719,-0.458955884
Brazil,Mato Grosso,Stable_Forest,-59.3168811,-17.19047569,2021,273.362061,398.5,520,669,926.5,1180.5,1587.666667,1828.666667,2063,2208.5,2228,2647.25,1606.5,108,2081,5,93.5,68.5,54.5,0.380163908,0.763161429,-0.510248899
Brazil,Mato Grosso,Stable_Forest,-59.66255283,-13.79816768,2021,2.378324032,783,971,1418,2136,2562,2754,3057,3078,3422,3413,5013,3405,99,2147,5,218,145,99,0.18066743,0.273439768,-0.369217068
Brazil,Mato Grosso,Stable_Forest,-60.82649994,-16.57099747,2021,85.243538,249.5,231.5,405.5,293.5,655,1519.5,1731.5,2034,2071,2037,1698,848.5,56,1606.5,4,30.5,41.5,24,0.747798085,2.112513655,-0.667554855
Brazil,Mato Grosso,Stable_Forest,-62.85956709,-16.02338447,2021,29.01366425,316,327,524,339,904.5,2095.5,2598.5,2885.5,2913.5,2727.5,1706,795.5,117,2819,4,34.5,54,33.5,0.78973484,2.579517828,-0.692623556
Brazil,Mato Grosso,Stable_Forest,-60.43124121,-12.46398982,2021,19.94344711,235,261,512,288,863,2339,2734,2976,3025,2946,1450,635,73,2315,4,29,53,27,0.823529422,2.445859873,-0.706422031
Brazil,Mato Grosso,Stable_Forest,-59.43069765,-15.4630154,2021,25.51867104,296,402,666,771,1228,1975,2248,2256,2432,2636,2432,1412,151,2434,4,78,67,41,0.490584731,0.959798345,-0.544147849
Brazil,Mato Grosso,Stable_Forest,-58.2572284,-13.22405438,2021,0.118886001,351,352,516.5,554,1021,1661.5,1922.5,1905,2218,2284,2111.5,1121,115,2125.5,4,56,52.5,35.5,0.549410343,1.304054054,-0.573404908
Brazil,Mato Grosso,Stable_Forest,-56.15840457,-12.72135715,2021,1.630395055,680,1023,1344,2062,2417,2597,2854,2990,3118,3152,4744,3582,80,2258,5,210,137,104,0.183689624,0.301670893,-0.379787713
Brazil,Mato Grosso,Stable_Forest,-59.78373556,-16.05940691,2021,0.807774007,546,633,859,1048,1507,2021,2346,2664,2745,2701,3168,1938,157,2549,4,107,89,65,0.435344815,0.960646772,-0.51234746
Brazil,Mato Grosso,Stable_Forest,-55.14708122,-12.49938344,2021,85.94239044,224,243,442,248,755,2003,2409,2474,2680,2601,1351,586,68,2062,4,26,45,25,0.817781031,2.599859846,-0.696844995
Brazil,Mato Grosso,Stable_Forest,-59.02717443,-16.92556251,2021,0.518768013,551,755.5,1004.5,1400,1646,1898,2130,2382,2520.5,2270.5,3677.5,2697.5,103,2022,5,143,103,78,0.259650975,0.479796746,-0.406762153
Brazil,Mato Grosso,Stable_Forest,-56.84651407,-14.70420848,2021,1.022176981,467,432.5,629,734,1332,1962.5,2254.5,2347,2627,2666,3645.5,2305.5,99,1932.5,4.5,75.5,64,43.5,0.523531318,1.149433478,-0.577284932
Brazil,Mato Grosso,Stable_Forest,-59.37904452,-12.9380308,2021,13.98743153,204,270,486.5,315,933,2397,2813,2922,3078,3188.5,1564.5,664.5,104,2632.5,4,32.5,49.5,27.5,0.805375338,2.337697274,-0.714537203
Brazil,Mato Grosso,Stable_Forest,-59.49106444,-13.04448116,2021,0.441965014,318,344.5,537.5,449,1033,1996,2298.5,2307,2606,2647,1833.5,922.5,101,2546,4,46,55,35.5,0.674165428,1.920810503,-0.622077703
Brazil,Mato Grosso,Stable_Forest,-58.6868926,-12.97576004,2021,41.67222977,379,336.5,539.5,392,979,2233.5,2621.5,2560,2892,2925.5,1971.5,1031,113,2482.5,4,40,55,34.5,0.734417319,2.268494297,-0.651879311
Brazil,Mato Grosso,Stable_Forest,-55.19469193,-16.00451985,2021,5.545145988,279,333,516,548,962,1809,2122,2370,2377,2254,1875,953,110,1986,4,56,53,34,0.624400258,1.440771786,-0.642411649
Brazil,Mato Grosso,Stable_Forest,-61.81985698,-17.72146985,2021,5.238041878,383,396,586,518,941,1580,1838,1882,2035,1978,1763,1064,201,2194,4,54,60,41,0.568333328,1.687283523,-0.52512157
Brazil,Mato Grosso,Stable_Forest,-61.83135542,-13.76295372,2021,128.495117,276,282,473.5,308.5,820,2262.5,2846.5,2941.5,3191,3185.5,1570.5,690,90,2821,4,32,48.5,29.5,0.810153842,2.457532201,-0.72269398
Brazil,Mato Grosso,Stable_Forest,-55.68328561,-17.27824109,2021,2.313715935,341,320,532,520,1232,1962,2303,2440,2770,2820,2593,1398,76,1970,4,53,54,33,0.64864862,1.518506802,-0.641991913
Brazil,Mato Grosso,Stable_Forest,-57.86996468,-12.67185998,2021,8.371526718,247,298.1666667,488.25,396,886.8,1975.75,2331.5,2540.5,2591,2593.333333,1669.333333,836.2727273,91,2291.916667,4,41,50.5,31,0.730291188,1.9995338,-0.677589774
Brazil,Mato Grosso,Stable_Forest,-58.45737304,-13.23070191,2021,7.822563171,355.5,385,561.5,690.5,1145.5,1671.5,1928.5,2098,2257,2194.5,2478.5,1404,106,2164.5,4,70,57.5,39.5,0.504751682,1.048964078,-0.577740192
Brazil,Mato Grosso,Stable_Forest,-62.58701823,-13.93399295,2021,21.49464798,246.5,272,422,255,752,2130,2608,2724,2965.5,3015,1509,630,73,2700.5,4,26.5,43.5,28,0.828801632,2.786681716,-0.731722832
Brazil,Mato Grosso,Stable_Forest,-62.68250915,-15.55644019,2021,109.124718,354.5,361,545.5,404,853.5,2059,2620.5,2860.5,3001.5,3280,1678.5,784,75,2228.5,4,40.5,55.5,37.5,0.752488911,2.382176106,-0.67968291
Brazil,Mato Grosso,Stable_Forest,-61.38606053,-13.28055841,2021,44.07965469,175,245,468,235,785,2377,2927,3239,3243,3121,1443,556,93,2830,4,25,47,24,0.864709258,2.670222222,-0.747504711
Brazil,Mato Grosso,Stable_Forest,-57.55285938,-12.97567021,2021,102.054527,164,207,351.5,244.5,620,1632.5,2100.5,2267,2391.5,2446,1300,561,83,2488.5,4,25,36,21.5,0.805295646,2.31672394,-0.73152566
Brazil,Mato Grosso,Stable_Forest,-58.08026028,-17.03632478,2021,0.354014009,424.5,512,674.5,941,1250.5,1607.5,1835,1998,2161,2198,2865,1820,83,1975,5,96,69,53,0.359646142,0.694480946,-0.495229185
Brazil,Mato Grosso,Stable_Forest,-56.86870246,-13.65569488,2021,77.915863,232,261.5,424.5,261.5,792.5,2177.5,2631.5,2712,2858.5,2797.5,1470,642,81.5,2130,4,28,44,26.5,0.824113011,2.639771626,-0.729316115
Brazil,Mato Grosso,Stable_Forest,-59.8414074,-12.03755955,2021,42.85647964,152,210,398,242,770,2123,2583,2598,2890,2862,1432,599,68,2443,4,25,41,22,0.829577446,2.378836834,-0.734312415
Brazil,Mato Grosso,Stable_Forest,-60.97499146,-13.00342815,2021,21.25168228,479,681,1040.5,1603,2084,2488,2843.5,2948.5,3209.5,3205.5,4177,2764.5,78,2699.5,5,165,106.5,70,0.295616835,0.450904826,-0.478315353
Brazil,Mato Grosso,Stable_Forest,-55.36492268,-16.79386949,2021,355.964508,401,429,624,643,1380,1971,2223,2272,2650,2563,2840,1697,88,2119,4,66,64,44,0.558833599,1.397803329,-0.569060802
Brazil,Mato Grosso,Stable_Forest,-55.35540053,-15.43903038,2021,0.000991,364,531,786.8333333,997,1471.75,2088.2,2425.5,2614.4,2883.375,2855.857143,3324.5,1988.666667,98,1752.5,4,102,80.5,55,0.447859555,0.876183666,-0.537324667
Brazil,Mato Grosso,Stable_Forest,-55.28694891,-14.12937653,2021,0.583944976,418,592,831,1265,1565.5,1843.5,2074,2235,2449.5,2435.5,3595.5,2438.5,78,1725.5,5,128.5,85,61,0.277142853,0.450241367,-0.457925647
Brazil,Mato Grosso,Stable_Forest,-58.47650716,-12.33921383,2021,103.4925842,250,268,426,265,791,2117,2617,2680,2926,2869,1396,591,98,2578,4,27,43,27,0.820033967,2.670278638,-0.725692213
Brazil,Mato Grosso,Stable_Forest,-61.24574368,-16.16603694,2021,180.769318,329,387,509,487.5,825.5,1467.5,1800,1890,2049,2132,1844,1053.5,79,2205.5,4,50.5,52,39,0.589905381,1.832375229,-0.575656533
Brazil,Mato Grosso,Stable_Forest,-61.80090253,-15.56533351,2021,51.67948532,406.5,432,560,652.5,1030.5,1542.5,1817,1933,2205,2189,2352.5,1315,76.5,2092.5,4.5,65.5,57,47,0.495262027,1.227002683,-0.55074209
Brazil,Mato Grosso,Stable_Forest,-61.99727425,-16.38423772,2021,94.698303,315,367,530,579,986.5,1626.5,1886.5,1960,2254.5,2261,2103,1238,108.5,1842,4,59,54.5,40,0.543914914,1.287045666,-0.57429719
Brazil,Mato Grosso,Stable_Forest,-60.62869091,-16.65112719,2021,58.943279,296.5,353.5,445,484,840,1548,1791,1843,2129.5,2107,2111,1179,67,1838.5,4,50,46,37,0.58401376,1.62036485,-0.611014009
Brazil,Mato Grosso,Stable_Forest,-60.0354435,-15.50002599,2021,18.06879044,292,308,466,362.5,894.5,2057.5,2559,2411.5,2937.5,3068.5,1832.5,917,154,2483.5,4,37.5,48.5,34.5,0.73864454,2.249176729,-0.676107705
Brazil,Mato Grosso,Stable_Forest,-57.49797232,-17.61070758,2021,46.19042206,215,290.5,540.5,444.5,965,2129,2475,2551,2791.5,2528,1582.5,849,215.5,2681.5,4,46,55,29,0.7032215,1.73217663,-0.650331557
Brazil,Mato Grosso,Stable_Forest,-57.15912779,-16.64277286,2021,1.11609304,402,688,902,1210,1347,1743,1992,2440,2406,2412,3562,2386,106,1961,5,123,92,71,0.336986303,0.67716362,-0.460203469
Brazil,Mato Grosso,Stable_Forest,-56.90849783,-14.87982911,2021,16.51930428,285,277,398,266,706.5,1901,2368,2432,2668,2736.5,1558,700.5,88,2347,4,28,41,28.5,0.802816927,2.774788624,-0.718727887
Brazil,Mato Grosso,Stable_Forest,-59.76666757,-16.26323465,2021,181.836945,344,379,525.5,505,914,1673,1982,2066,2322,2397,2136,1201,115,2148,4,53,53,39.5,0.607156754,1.730982479,-0.594443381
Brazil,Mato Grosso,Stable_Forest,-58.11709121,-16.17564891,2021,0.834730983,565,803,1173,1772,2052.5,2288.5,2526,2680,2741,2727,3993,3098.5,99,2143,5,180.5,119,83,0.203953281,0.311364104,-0.391123801
Brazil,Mato Grosso,Stable_Forest,-62.1706491,-16.54539548,2021,44.438301,273.5,307,478,412,896,1840,2209.5,2334.5,2497.5,2573,1865.5,919,125,2004,4,41,48.5,30,0.699981809,1.918662675,-0.660088897
Brazil,Mato Grosso,Stable_Forest,-60.30430926,-13.45635871,2021,1.500722051,340.5,572,841.5,1218,1557,1907,2146.5,2180,2429.5,2762,3520.5,2276,78,2548.5,5,123.5,85.5,58,0.283107698,0.462588959,-0.442991883
Brazil,Mato Grosso,Stable_Forest,-55.42753525,-14.29071395,2021,0.091619,358.5,404,602.5,751,1163,1854,2092.5,2081,2306,2290.5,2167.5,1331.5,83,1806.5,4,77.5,61.5,42,0.469632775,0.934513772,-0.550959587
Brazil,Mato Grosso,Stable_Forest,-56.94865252,-14.52822851,2021,1.391625047,533.75,737.3333333,932.5,1331,1677.25,1961,2178.5,2274,2471.666667,2572.875,3917.25,2692.5,81,1896,5,135,95.5,76,0.261581123,0.498309026,-0.418368936
Brazil,Mato Grosso,Stable_Forest,-60.02125012,-17.71652912,2021,0.00696,456.5,672,913,1285,1597,2059,2411,2631.5,2834.5,2716.5,3362.5,1986.5,109.5,2007.5,5,131,93.5,68.5,0.343801856,0.634842056,-0.484835654
Brazil,Mato Grosso,Stable_Forest,-57.43742587,-14.1503971,2021,1.022176981,794,1122,1596,2522,2960,3083,3411,3464,3832,3754,4792,3339,99,1807,5,255,163,114,0.157367185,0.231290513,-0.36916995
Brazil,Mato Grosso,Stable_Forest,-58.07711618,-14.16809391,2021,3.359055042,320.5,393.5,560.5,593,984,1564,1776,1885,2092.5,2108,2072.5,1139.5,105,1813,4,60.5,57.5,40,0.521388233,1.295757697,-0.541607022
Brazil,Mato Grosso,Stable_Forest,-55.60387454,-14.76592274,2021,8.743260384,299.5,301.5,513.5,518,1004,1814.5,2130.5,2313,2484,2437.5,1982,1085.5,91.5,1871.5,4,53,53,31,0.634051561,1.419757969,-0.636653125
Brazil,Mato Grosso,Stable_Forest,-57.53291678,-15.56506401,2021,70.234421,340,333,470,361,761,1849,2284,2497,2618,2646,1789,901,65,2126,4,39,48,34,0.747375786,2.464804985,-0.683181643
Brazil,Mato Grosso,Stable_Forest,-58.72740662,-12.54061611,2021,1.55825603,262,317,505,383,931,1995,2356,2384,2663,2689,1610,742,97,2411,4,39,52,33,0.72316587,2.169811321,-0.650398076
Brazil,Mato Grosso,Stable_Forest,-55.96553627,-13.52939175,2021,2.014405012,547,886,1154,1604,1848,2027,2419,2510,2707,3615,4456,3382,68,2097,5,162,117,93,0.220223621,0.412568306,-0.370087326
Brazil,Mato Grosso,Stable_Forest,-58.27384723,-16.89654693,2021,31.27330971,335.5,460.5,625,812,1202.5,1622,1836.5,1948,2171,2268.5,2925,1786,80,1943,5,82.5,64,47.5,0.411594212,0.84341822,-0.514185786
Brazil,Mato Grosso,Stable_Forest,-61.48559386,-13.59092634,2021,488.974518,202,229,396,248,742,2120,2608,2588,2955,2936,1305,533,82,2812,4,25,41,24,0.825105786,2.479338843,-0.734584451
Brazil,Mato Grosso,Stable_Forest,-62.31617618,-13.09352917,2021,33.37941742,192,203,249,199,453,1198,1498,1218,1656,2437,929,405,94,2604,4,21,26,21,0.719124913,2.860752386,-0.6605317
Brazil,Mato Grosso,Stable_Forest,-61.14621035,-14.81712671,2021,1.996078968,467,568,731,927,1209,1425,1598,1656,1905,1870,2973,2114,117,2380,5,95,76,58,0.28222996,0.61591754,-0.387515724
Brazil,Mato Grosso,Stable_Forest,-57.98162527,-16.94820006,2021,16.630791,411.5,460,630,833,1199,1683.5,1938,2053,2274,2290.5,2616.5,1628.5,74,1798.5,4.5,85,64.5,47.5,0.422730416,0.846751805,-0.530376434
Brazil,Mato Grosso,Stable_Forest,-56.74859771,-12.8514332,2021,105.1408539,223,235.5,341,247.5,599.5,1723,2101.5,2185,2376.5,2476,1345,567.5,69,2372.5,4,25,36,25,0.79650563,2.542984644,-0.730007946
Brazil,Mato Grosso,Stable_Forest,-59.60344368,-16.51727821,2022,19.05982971,415,419.5,534,532,980,1705,1975.5,1966.5,2271,2266.5,2313,1305,97.5,2220.5,4,54,54.5,40.5,0.574144483,1.78132373,-0.572885394
Brazil,Mato Grosso,Stable_Forest,-55.13064205,-12.2892675,2022,27.33863831,229,236,385,237,684,2349,2939,2774,3224,3218,1583,664,68,2095,4,25,40,25,0.842577219,2.613308611,-0.756251991
Brazil,Mato Grosso,Stable_Forest,-56.80465258,-12.94000709,2022,1.870118976,344,479,759,891,1424.5,2168.5,2477.5,2630,2803.5,2810,2901,1711.5,66,1951,4,91,77.5,49,0.493893772,0.991561181,-0.552080274
Brazil,Mato Grosso,Stable_Forest,-57.18401113,-12.62442893,2022,104.383873,202,213,327,220,610,1847,2359,2376,2617,2833,1328,536,63,1950,4,23,34,22,0.830508471,2.567277923,-0.758046627
Brazil,Mato Grosso,Stable_Forest,-59.02097605,-13.19494897,2022,0.608466983,247.5,268,530,376,968.5,2549.5,3017,3004,3340.5,3523.5,1683.5,700,183.5,2476.5,4,38,53.5,28,0.777514815,2.020916641,-0.700056612
Brazil,Mato Grosso,Stable_Forest,-57.77222797,-13.74507725,2022,11.76105213,620,756,1040,1271,1775.5,2672.5,3105,3258,3467,3426.5,3877.5,2398.5,99.5,1934,4.5,129.5,106,77,0.438728184,0.952540748,-0.516053975
Brazil,Mato Grosso,Stable_Forest,-60.69121366,-16.85756004,2022,25.92084694,348.5,384.5,541,572,894.5,1397,1640,1888,1912,1897.5,1978,1135.5,57,1787,4,59,55.5,40,0.534959376,1.349882039,-0.554549217
Brazil,Mato Grosso,Stable_Forest,-62.15807269,-17.69784416,2022,7.679905891,354,379,589,528,960.5,1677.5,1920.5,2070,2138.5,2166.5,1864.5,1118.5,97.5,1577.5,4,54,60,38.5,0.593533516,1.608595869,-0.556976318
Brazil,Mato Grosso,Stable_Forest,-56.66235944,-12.42581142,2022,8.592581749,183,241,384,238,756,2516,3221,3020,3431,2692,1474,618,63,2242,4,24,40,23,0.853898108,2.632973689,-0.774383068
Brazil,Mato Grosso,Stable_Forest,-59.2242648,-14.36895721,2022,0.011779,270,328,512,511,1066,1741,1994,2098,2295,2337,2304,1302,66,1666,4,53,54,34,0.608279049,1.466728281,-0.607662857
Brazil,Mato Grosso,Stable_Forest,-62.51874627,-13.44477045,2022,14.66322041,206,264.5,468.5,242,738.5,2500,3242.5,3624,3622,3438.5,1489,591,79,2858,4,25,48,27.5,0.874805987,2.73337105,-0.771044612
Brazil,Mato Grosso,Stable_Forest,-57.63487557,-13.95393555,2022,3.081229925,347.5,444,576,753,1060,1440,1655.5,1821,1987.5,1971,2678.5,1613.5,92,1787,5,77,59,45.5,0.414918423,0.887043189,-0.519399226
Brazil,Mato Grosso,Stable_Forest,-60.08655764,-16.98916323,2022,63.73232651,425,428,606,503,998,1605,1993,2144,2301,2267,1909,1042,80,1961,4,51,62,43,0.619947135,2.100614439,-0.559272707
Brazil,Mato Grosso,Stable_Forest,-55.0934518,-16.22164265,2022,2.221455097,508,633,798,1369,1698.5,2177.5,2438,2622,2851.5,2884.5,3706.5,2551,67,1746,5,139.5,81.5,65.5,0.31395641,0.51441005,-0.533333361
Brazil,Mato Grosso,Stable_Forest,-57.61807707,-14.82530138,2022,28.260361,266,306,472.5,366,776,1840,2211,2273,2498.5,2655,1566.5,739.5,78,2090,4,37,48.5,32,0.722622216,2.191954023,-0.655800402
Brazil,Mato Grosso,Stable_Forest,-56.98422581,-17.15463291,2022,4.545106888,234,216.5,396.5,285.5,763,1803.5,2156.5,2410.5,2383,2330.5,1395.5,750,174,2437,4,30,40.5,25,0.78820473,2.124362691,-0.717491984
Brazil,Mato Grosso,Stable_Forest,-60.43699043,-14.88180541,2022,187.169327,122,213,335,200,564,1964,2577,2889,2912,2904,1327,540,63,2079,4,20,34,23,0.870508254,2.697091274,-0.792183638
Brazil,Mato Grosso,Stable_Forest,-61.46089019,-14.42438326,2022,15.18429947,203,233,440,247,710,2224,2815,3110,3181,3085,1478,632,58,2939,4,26,46,24,0.852844775,2.515375154,-0.752112687
Brazil,Mato Grosso,Stable_Forest,-62.20020367,-17.68194398,2022,42.75957489,649.5,1001.5,1466,1936,2049,2606.5,2863.5,3083,3122,3078.5,4040.5,3247,97.5,1667.5,5,198.5,149.5,103.5,0.228531584,0.39888715,-0.35546273
Brazil,Mato Grosso,Stable_Forest,-58.80789566,-13.98384945,2022,1.500722051,498,664,954,1450,1861,2170,2429,2542,2848,2827,3857,2529,72,1715,5,148,97,68,0.273547083,0.435893342,-0.454233408
Brazil,Mato Grosso,Stable_Forest,-59.63766949,-12.21686329,2022,2.597868919,250,306.3333333,536,341,943,2143,2534,2586,2809,2833.6,1537,694,85,2481,4,35,55,32,0.76699692,2.403125669,-0.656630337
Brazil,Mato Grosso,Stable_Forest,-55.02428152,-17.20404025,2022,20.9294014,442.5,499.5,730.5,715.5,1244,2018.5,2324.5,2292,2539,2636.5,2430,1475,76,1953.5,4,74,75,51.5,0.524189532,1.387886258,-0.516625285
Brazil,Mato Grosso,Stable_Forest,-58.77043592,-13.5697261,2022,68.8506546,311,248,390,281,769,2152,2523,2198,2919,2677,1685,794,105,2194,4,29,41,25,0.773295701,2.366666667,-0.698608935
Brazil,Mato Grosso,Stable_Forest,-59.80215102,-12.48186629,2022,0.350944012,160,237.5,458,264,877.5,2212,2569.5,2649,2840,2800,1379.5,561.5,67.5,2293.5,4,27.5,47,24.5,0.818743587,2.430944858,-0.705181837
Brazil,Mato Grosso,Stable_Forest,-56.57127027,-12.09361443,2022,66.894508,218,264,404,240,787,2242,2807,2864,3118,2981,1590,681,63,2340,4,25,41,28,0.845360816,2.821505376,-0.752753973
Brazil,Mato Grosso,Stable_Forest,-58.78391065,-13.62667929,2022,84.217018,426,333,552,403,876,2418,2973,3312,3384,2549,1808,875,106,2055,4,41,57,35,0.783041716,2.249110871,-0.714285731
Brazil,Mato Grosso,Stable_Forest,-61.97912828,-14.30095474,2022,9.792840004,261,252,386,214,704,2421,3074,2890,3446,3682,1576,658,58,2761,4,22,40,26,0.862113416,2.927789934,-0.764346778
Brazil,Mato Grosso,Stable_Forest,-58.26450475,-17.55698832,2022,79.30710602,332,337,478,456,859.5,1619.5,1946.5,1897,2232,2203.5,1938.5,1129,173.5,2321.5,4,47,49,35,0.612409711,1.710182768,-0.597473681
Brazil,Mato Grosso,Stable_Forest,-55.67520077,-17.18158237,2022,58.79292297,225,239.5,401,264,728.5,1871.5,2281,2579,2694.5,2707,1576,664,60,2105.5,4,27,41,25,0.814280689,2.444303664,-0.730872512
Brazil,Mato Grosso,Stable_Forest,-56.14888242,-17.69020848,2022,3.53657198,156,249,411,390,786,1611,1922,1971,2219,2292,1748,942,65,2073,4,40,43,26,0.669631541,1.616895071,-0.654911816
Brazil,Mato Grosso,Stable_Forest,-57.49653501,-13.07906629,2022,65.03104401,219,220,373,227.5,671.5,1877.5,2374,2411,2569,2893.5,1266,571,117,2192,4,23.5,38,22.5,0.827553511,2.566408087,-0.732040226
Brazil,Mato Grosso,Stable_Forest,-62.69562455,-13.31083164,2022,58.6774826,173.5,202.5,370.5,185.5,565,1985,2511,2686,2744,2788,1243,490,64,2690.5,4,19.5,38.5,21,0.870799243,2.740273973,-0.757565856
Brazil,Mato Grosso,Stable_Forest,-57.05115029,-12.54304156,2022,0.970350027,521,717,1006,1532,1848,2049,2248,2386,2602,2586,4381,3388,63,1864,5,156,103,73,0.217968345,0.344271547,-0.406839609
Brazil,Mato Grosso,Stable_Forest,-58.10244867,-14.38485739,2022,2.338609934,541,655.5,871,1340,1546.5,1865,2129,2200,2319,2354,3305.5,2527,88.5,1697,5,137,89,66.5,0.242937848,0.403774825,-0.432758063
Brazil,Mato Grosso,Stable_Forest,-55.69828748,-17.3674438,2022,5.715024948,288,506,689,805,1072,1866,2156,2358,2518,2604,2193,1286,65,1996,4,82,71,50,0.490989566,1.143930466,-0.547751904
Brazil,Mato Grosso,Stable_Forest,-59.97687334,-17.10244079,2022,120.863541,421,441,558,589,932,1575,1822,1880,2078,2082,2044,1214,80,1854,4,59,56,45,0.522883773,1.53143535,-0.542247772
Brazil,Mato Grosso,Stable_Forest,-61.76488009,-12.2328533,2022,0.092756003,302.5,379.5,647,528,1026,2499,2944.5,3104.5,3300.5,3167,2225,1125,63,2439.5,4,54,66,39,0.709291101,1.879422277,-0.655071318
Brazil,Mato Grosso,Stable_Forest,-56.98027322,-13.92105721,2022,1.437880993,492.5,618.5,810,1099,1413.5,1818,2013,2175,2298,2273,3905,2871,62,1753.5,5,111.5,82.5,63.5,0.328649968,0.651134644,-0.457286417
Brazil,Mato Grosso,Stable_Forest,-58.49564127,-12.60197105,2022,1.539190054,505,362,579.5,562.5,1145,2223.5,2665.5,2929,3031.5,2954.5,2624,1527.5,174,2409,4,58,59.5,37,0.677788913,1.647980501,-0.669659376
Brazil,Mato Grosso,Stable_Forest,-55.28155902,-15.40821816,2022,37.74002457,216.5,343,530,596.5,944.5,1603,1875,2135,2196,2379.5,2285,1299.5,66,1507.5,4,60.5,54,35.5,0.563243628,1.223945903,-0.60225141
Brazil,Mato Grosso,Stable_Forest,-60.48451131,-15.86357418,2022,13.25137424,504,756,1025,1414,1474,1747,2008,2504,2378,2417.5,3313.5,2340.5,70,1943,5,144,105,77.5,0.27820316,0.512314345,-0.419098884
Brazil,Mato Grosso,Stable_Forest,-55.09354163,-17.29333279,2022,1.437880993,507,675,951,1242,1756.5,2217.5,2498.5,2640,2836.5,2827,4026,2660.5,70,2029,5,126,97,69.5,0.360123634,0.694761952,-0.470342517
Brazil,Mato Grosso,Stable_Forest,-58.83924687,-16.81578838,2022,1.099647999,430,469,669,740,1024,1619,1903,2076,2190,2078,2450,1554,159,2230,4,75,68,49,0.474431813,1.11351892,-0.512568295
Brazil,Mato Grosso,Stable_Forest,-57.28704789,-15.98637388,2022,0.582089007,340.5,389,681,634,1046.5,2096,2518.5,2623,2849.5,2849.5,2478,1383,70.5,2301.5,4,64.5,70,40,0.610684693,1.416464891,-0.587772369
Brazil,Mato Grosso,Stable_Forest,-59.98989892,-13.78145902,2022,258.705597,224.5,276.5,528.5,285.5,831.5,2556,3207,3528,3493.5,3199,1473.5,614.5,61,2073.5,4,29.5,54,28.5,0.850268781,2.558589126,-0.739430547
Brazil,Mato Grosso,Stable_Forest,-60.71205457,-16.32791335,2022,27.99210548,329,490.5,609,844.5,1146,1446.5,1625,1753,1953,1939.5,3321.5,2305.5,60,1891.5,5,86,62.5,50.5,0.34975937,0.722810088,-0.484335303
Brazil,Mato Grosso,Stable_Forest,-55.99562984,-16.22469693,2022,0.143601999,323.5,443.5,663,676.5,1098.5,2353,2723.5,3064.5,3090,3131,2644.5,1655,79,2272.5,4,69,67.5,45.5,0.638332009,1.571776476,-0.644265592
Brazil,Mato Grosso,Stable_Forest,-56.31587923,-16.01368267,2022,2.299227953,465,534.5,794.5,963,1418,1842,2067,2209,2435,2471.5,3162.5,1980,64,2071,5,98.5,81,56,0.392812103,0.782810831,-0.470950544
Brazil,Mato Grosso,Stable_Forest,-57.61250752,-17.95844542,2022,86.295563,108,251,439.5,391,883,1549.5,1792,2070,2110.5,2215.5,2089.5,1126.5,200,2509.5,4,39.5,45.5,26,0.68224299,1.656145196,-0.64973104
Brazil,Mato Grosso,Stable_Forest,-55.20008182,-16.627232,2022,87.068718,154,188,325,204,687,2052,2554,2476,2864,2534,1521,684,64,1966,4,21,34,20,0.847761214,2.479266696,-0.767940044
Brazil,Mato Grosso,Stable_Forest,-61.39513351,-13.9597746,2022,229.484116,221,208,358,233,688,2081,2632,2597,2950,3103,1416,581,58,2792,4,24,37,24,0.835335672,2.426108374,-0.757698834
Brazil,Mato Grosso,Stable_Forest,-58.00426281,-13.58778224,2022,63.22019958,188,218,419,244,740.5,2103.5,2511.5,2643,2820,2796,1316,550.5,81,2034,4,25,43,22.5,0.830966413,2.425192074,-0.726322651
Brazil,Mato Grosso,Stable_Forest,-55.37713976,-12.74579132,2022,76.39030457,154,228,408,247,694,2043,2528,2908,2807,2651,1368,581,68,1884,4,26,43,24,0.843423128,2.481350242,-0.753920376
Brazil,Mato Grosso,Stable_Forest,-56.18068278,-14.84308802,2022,1.548725009,515,594,843,1270,1554,1855,2046,2220,2308,2351,3683,2420,69,1942,5,129,86,60,0.272206306,0.440958039,-0.449559242
Brazil,Mato Grosso,Stable_Forest,-55.17501882,-12.45249138,2022,21.06783867,600,903.5,1298,2081,2465,2643.5,2938.5,3117,3457,3384,4695.5,3305.5,68,1724.5,5,211,132.5,92.5,0.199307427,0.293392994,-0.41200453
Brazil,Mato Grosso,Stable_Forest,-60.13623448,-16.73637731,2022,110.481857,340,362.5,523,467.5,901.5,1468.5,1735,1924,2046.5,2064.5,1813.5,946.5,60,1971,4,48,54.5,36,0.609031975,1.810441268,-0.57253778
Brazil,Mato Grosso,Stable_Forest,-57.8637663,-14.40138639,2022,0.293072999,292.5,342,512,584,979.5,1493,1725,1859,1998,2001.5,2337,1263.5,83,1765,4,60,53,35,0.521899283,1.138799571,-0.568114698
Brazil,Mato Grosso,Stable_Forest,-60.21375908,-12.23509909,2022,109.218422,155,176,332.5,175,605.5,2060,2682,2674,2892.5,3102,1242,481,62,2210.5,4,18,34,18.5,0.87714988,2.597713098,-0.778812587
Brazil,Mato Grosso,Stable_Forest,-55.63136299,-14.62443808,2022,2.069880009,607,896,1278,1926,2239,2401,2637,2836,3077,3081,4439,3251,69,1767,5,196,131,92,0.191096172,0.2964942,-0.378706843
Brazil,Mato Grosso,Stable_Forest,-62.28536396,-17.34570457,2022,8.302710533,279,350,557,463,839.5,1580,1788,2023,1993,1940.5,1671,992.5,93,1703,4,48,57,35.5,0.627514064,1.791456132,-0.568217039
Brazil,Mato Grosso,Stable_Forest,-55.46041359,-16.74823507,2022,19.93426132,458,908.5,1178,1676,1863.5,2268.5,2520,2668,2777,3001,3421,2671,64.5,1976.5,5,170.5,120,92.5,0.228360951,0.419539015,-0.387415498
Brazil,Mato Grosso,Stable_Forest,-59.91300313,-15.4048944,2022,10.73456192,336,418,610,630,1031,1631,1854,1888,2129,2182,2515,1498,93,2004,4,65,62,43,0.499602854,1.241120758,-0.511609316
Brazil,Mato Grosso,Stable_Forest,-56.57180926,-16.69137172,2022,14.59234047,208,249,466.5,260,819,2229,2681,2768,2965,2647.5,1383,618,140.5,2489,4,27.5,48,25.5,0.828269482,2.5472273,-0.711547375
Brazil,Mato Grosso,Stable_Forest,-56.60693339,-17.64915547,2022,0.000196,209,320,470,415,882,1764,2105,2103,2481,2392,2066,1140,59,2146,4,44,48,32,0.670373321,1.92342753,-0.634667695
Brazil,Mato Grosso,Stable_Forest,-57.80178255,-17.74832948,2022,114.6723251,148.5,225.5,388,366,748.5,1562,1798,1979,2154.5,2210.5,1755,893.5,201.5,2589,4,37,40.5,22.5,0.687846482,1.622899688,-0.672158837
Brazil,Mato Grosso,Stable_Forest,-56.05446949,-16.09066828,2022,6.628640175,246,422,657.5,724.5,1172.5,1989.5,2304.5,2379.5,2616,2387.5,2624.5,1700,76,2184,4,74,67,44,0.533182979,1.161403509,-0.567006886
Brazil,Mato Grosso,Stable_Forest,-58.83493495,-13.44818405,2022,38.58283234,241,245.5,435,286.5,812,2097.5,2571.5,2510,2883,2798.5,1583.5,667,114,2199,4,29.5,44,26,0.795101047,2.327053898,-0.704584062
Brazil,Mato Grosso,Stable_Forest,-57.18428062,-16.50263567,2022,9.778507233,143,216,373,286,686,1879,2323,2448,2646,2556,1596,746,195,2532,4,32,39,22,0.79078275,2.123772102,-0.735554755
Brazil,Mato Grosso,Stable_Forest,-57.55824927,-16.37929699,2022,36.747929,277,333,516,385,782,1658,2062,2178,2345,2499,1739,886,194,2096,4,40,52,33,0.699570835,2.250815968,-0.616926491
Brazil,Mato Grosso,Stable_Forest,-55.18418164,-12.1314335,2022,149.081528,288,220.5,385.5,266,571,1611.5,2092,2644,2331.5,2550,1438,645.5,69,1871,4,27.5,40,22.5,0.817182124,2.297806551,-0.745502532
Brazil,Mato Grosso,Stable_Forest,-62.46871011,-13.392219,2022,139.313736,240.5,233,404.5,211.5,707,2171,2729,2839,3060.5,2931.5,1405,553.5,76,2710.5,4,22,41.5,24,0.861334205,2.781600678,-0.750578105
Brazil,Mato Grosso,Stable_Forest,-61.80198051,-14.37847935,2022,0.827799022,214,289,478,262,850,2814,3419,3449,3857,3856,1853,748,58,2801,4,26,49,30,0.858798146,2.791206866,-0.756557167
Brazil,Mato Grosso,Stable_Forest,-62.02350506,-15.42061491,2022,53.5536232,217,356,581,398,742,1781,2285,2874,2607,2798,1478,721,57,2513,4,41,60,36,0.756723702,2.387196298,-0.663675845
Brazil,Mato Grosso,Stable_Forest,-56.2795873,-17.33456546,2022,0.531697989,252,304,469,426,844,1597,1883,1907,2141,2178,2037,1210,65,2105,4,43,48,31,0.634804964,1.695283883,-0.605218828
Brazil,Mato Grosso,Stable_Forest,-60.10515277,-17.18257051,2022,52.66162491,337,364.5,486.5,506,867,1599,1909.5,1815,2161,2113.5,2068,1176,62,1703,4,52,50.5,37.5,0.563981056,1.544907353,-0.577232242
Brazil,Mato Grosso,Stable_Forest,-57.44515138,-15.39627057,2022,9.750536919,158,217,454,230,764,2222,2748,2842,2963,3036,1173,471,74,2448,4,23,46,23,0.850260437,2.515892892,-0.724514544
Brazil,Mato Grosso,Stable_Forest,-56.01943519,-12.32016954,2022,54.8437767,242,305,484,321,765,1925,2394,2680,2630,2657,1533,741,63,2037,4,33,50,31,0.786071301,2.542573831,-0.69405818
Brazil,Mato Grosso,Stable_Forest,-57.78534338,-15.44711522,2022,0.59494102,264.5,270.5,441,311.5,815.5,2040,2435.5,2598,2772.5,2807.5,1640,702,73,2159.5,4,32,45,27,0.78587389,2.343445731,-0.709772944
Brazil,Mato Grosso,Stable_Forest,-60.34024188,-16.37920715,2022,51.972771,379,236,342,367,914,1614,1913,1542,2083,2117,1893,982,57,1705,4,38,35,24,0.615505517,1.487341772,-0.636942685
Brazil,Mato Grosso,Stable_Forest,-57.90329217,-14.38342009,2022,4.868128777,556,846,1195,1687,1950,2051.5,2208,2304,2478.5,2475.5,4064.5,3149.5,93.5,1657.5,5,172,122,86.5,0.154597849,0.253617231,-0.316947699
Brazil,Mato Grosso,Stable_Forest,-62.73254531,-15.33213086,2022,113.907799,250,283.5,452,289,692.5,2203,2730,2946,3074,3111.5,1479,627,66.5,2760.5,4,30,46,29.5,0.821329236,2.600058714,-0.733961165
Brazil,Mato Grosso,Stable_Forest,-55.03649861,-13.43506864,2022,1.316197991,330.5,529.5,832,662.5,1353.5,3676.5,4050.5,4280,4439,4408.5,2269,1142,59,1948.5,4,67.5,85,54,0.731917024,2.110683237,-0.674491405
Brazil,Mato Grosso,Stable_Forest,-57.6332586,-15.04592761,2022,1.391625047,508,607,779,1093,1430.5,1825.5,2067.5,2132,2359.5,2473,3714,2790.5,78,2060.5,5,111.5,80,62.5,0.322170556,0.627642866,-0.464788735
Brazil,Mato Grosso,Stable_Forest,-59.24555487,-16.10351419,2022,6.250767231,476.5,419,654,506.5,1133,2696,3186,3186,3445,3380.5,2285,1197,102.5,1988.5,4,52.5,67,43.5,0.725660145,2.172450138,-0.659375012
Brazil,Mato Grosso,Stable_Forest,-58.96923309,-12.74435402,2022,83.639061,270,258,566.5,278.5,1030,2769,3333,3494,3673.5,3423.5,1720.5,700.5,157,2523.5,4,30,58,26.5,0.85235256,2.488006809,-0.720970333
Brazil,Mato Grosso,Stable_Forest,-58.14017791,-16.85055318,2022,76.069878,352,448.5,675.5,783,1090.5,1754,2064,2121,2334.5,2270,2757,1730,130,2420.5,4,80,69,46.5,0.460743815,0.967811935,-0.516896129
Brazil,Mato Grosso,Stable_Forest,-55.06578369,-15.09308916,2022,1.806404948,321.5,386,532.5,544,1060,1720.5,1995,2072,2334.5,2339,2268,1229.5,63,1574.5,4,56,54.5,39,0.584097862,1.564291564,-0.591092348
Brazil,Mato Grosso,Stable_Forest,-55.0367681,-14.35656046,2022,2.665563107,330.5,395.5,599.5,744.5,1098,1423,1567.5,1717,1792,1762.5,2489.5,1462,70,1778.5,5,75.5,61,41.5,0.395084292,0.755339806,-0.482408792
Brazil,Mato Grosso,Stable_Forest,-55.52904488,-15.69514007,2022,92.740807,105,133,204,142,526,1521,1917,1324,2091,2394,1367,666,83,1694,4,16,21,14.5,0.806275606,2.505298855,-0.732984304
Brazil,Mato Grosso,Stable_Forest,-59.98702431,-15.8525249,2022,1.731140971,335.5,444.5,565.5,736,994,1302,1523.5,1590,1768,1808,3086,2226,81.5,1945,5,75,57.5,45.5,0.367153913,0.798653325,-0.475295752
Brazil,Mato Grosso,Stable_Forest,-56.07198664,-15.49715138,2022,6.585011005,247.5,295.5,470.5,723.5,1152.5,1529,1641.5,1553,1681,1761,2688,1802,64,2044,5,75,48.5,31,0.364375144,0.563710499,-0.534964144
Brazil,Mato Grosso,Stable_Forest,-56.27437707,-15.81147189,2022,0.973646998,284.5,340,511,563,953,1566.5,1822.5,1884.5,2127,2252,2210.5,1200.5,64,2020.5,4,57.5,53,35.5,0.539938688,1.217523494,-0.573366702
Brazil,Mato Grosso,Stable_Forest,-56.13639584,-15.46085944,2022,1.061925054,670,852,1116,1546,1791,2193,2348,2208,2415,2425,3971,3217,70,2241,5,159,114,87,0.176345229,0.324828263,-0.328519851
Brazil,Mato Grosso,Stable_Forest,-57.99725595,-12.71435029,2022,1.941599011,590.5,797,1095,1584,1911,2106,2297,2398,2618.5,2621,4361,3333.5,167,2177,5,161,111.5,82,0.204419896,0.343430934,-0.373031765
Brazil,Mato Grosso,Stable_Forest,-55.21894644,-16.0764749,2022,25.90189362,223.5,285,505.5,359,1017.5,2119,2482,2603,2742,2504,1896,1003.5,67,1838.5,4,37,52,29.5,0.757596195,2.140812822,-0.674762726
Brazil,Mato Grosso,Stable_Forest,-57.74599717,-13.39105119,2022,2.236495018,533,362,547,540,1367,2141,2448,2718,2719,2740,2786,1897,90,1809,4,55,56,37,0.668508291,1.678483354,-0.664931059
Brazil,Mato Grosso,Stable_Forest,-57.05986395,-13.44926202,2022,22.80521774,280,301.5,503,300,888.5,2639,3226,3192,3480,3349.5,1648,673,65.5,2044,4,31,51.5,31.5,0.828178704,2.646655075,-0.727740169
Brazil,Mato Grosso,Stable_Forest,-60.41803598,-16.15831143,2022,1.769718051,366.5,520.5,793,813.5,1416.5,2165,2481.5,2704,2853,2713,2627,1540.5,69,2094,4,83,81,53.5,0.537455559,1.283522303,-0.546468377
Brazil,Mato Grosso,Stable_Forest,-61.73119326,-12.72989114,2022,117.694191,189,215,352,175,620,2207,2923,2998,3146,3347,1442,563,75,2548,4,18,36,22,0.889694273,2.896572953,-0.789850771
Brazil,Mato Grosso,Stable_Forest,-56.59363832,-16.06039506,2022,1.680394053,351,484.5,655,941.5,1124.5,1377,1534.5,1730,1752.5,1904,3054,2039,64,1979.5,5,96.5,66.5,50,0.295152545,0.52619286,-0.450733751
Brazil,Mato Grosso,Stable_Forest,-55.8898083,-14.50891473,2022,9.164225578,235.5,299,478.5,468.5,961,1674.5,1885.5,2062,2126,2117,1877.5,992.5,68.5,1598.5,4,49,49,30.5,0.629717469,1.513870416,-0.623302519
Brazil,Mato Grosso,Stable_Forest,-59.73774182,-17.02922809,2022,3.395606041,430.5,413.5,516,535.5,1055,1569,1812,1890,2144.5,2180.5,2409,1331.5,81,2035.5,4,54,53,42.5,0.558441579,1.69080015,-0.57107234
Brazil,Mato Grosso,Stable_Forest,-60.58090054,-15.83105517,2022,38.03066254,329,416.5,599,671,1027,1492,1672,2007,2002.5,2045,2291,1305,66.5,1916,4.5,69,61,42.5,0.498879761,1.147667726,-0.540291607
Brazil,Mato Grosso,Stable_Forest,-62.10480259,-12.40631798,2022,1.321038008,404,369.5,606,567,1211,2047.5,2388.5,2402,2800,2807,2893.5,1692,76,2408.5,4,58.5,62,38,0.618053198,1.512154924,-0.597074449
Brazil,Mato Grosso,Stable_Forest,-57.29189879,-16.25182605,2022,80.407173,411,499.5,712,891,1196.5,1651.5,1892.5,2101,2279.5,2326,3187,1995,73.5,2212,4.5,92,73.5,51.5,0.404411763,0.817181063,-0.493778884
Brazil,Mato Grosso,Stable_Forest,-60.68339831,-14.69747111,2022,254.843552,157,187,287,166,583,1955,2637,2271,2977,3029,1331,552,63,2049,4,17,30,20,0.863766909,2.820959528,-0.775605917
Brazil,Mato Grosso,Stable_Forest,-55.28164885,-14.59766828,2022,3.823107958,257,388,552,675,1066,1634,1857,1870,2120,2147,2381,1396,66,1502,4,69,57,40,0.469548136,0.992195284,-0.544178367
Brazil,Mato Grosso,Stable_Forest,-61.89360867,-13.88934668,2022,63.59883499,227,260,419,228,700,2385,3056,3175,3385,3221,1417,568,58,2849,4,25,44,27,0.866000593,2.840208173,-0.766833603
Brazil,Mato Grosso,Stable_Forest,-58.90338658,-14.25100841,2022,1.391625047,409,469,650,826,1064,1376,1545,1590,1692,1671,2236,1589,71,1732,5,84,67,47,0.316225171,0.630467074,-0.419642866
Brazil,Mato Grosso,Stable_Forest,-57.43149699,-12.96048868,2022,2.145004988,468.5,677.5,999.5,1357,1827.5,2182.5,2419.5,2571,2782.5,2809,3789.5,2528,120,2130,5,138.5,102,69.5,0.309063137,0.538813191,-0.440134436
Brazil,Mato Grosso,Stable_Forest,-57.57648507,-13.0092672,2022,30.969709,197.5,266.5,483.5,291,787.5,2196.5,2691.5,2916,2890.5,2819.5,1397,570.5,116.5,2304,4,30,49.5,27.5,0.818521976,2.463169748,-0.715546429
Brazil,Mato Grosso,Stable_Forest,-62.56339254,-14.71013736,2022,17.130899,266,270,404,237,714,2182,2722,2768,3049,3151,1442,634,64,2870,4,25,42,28,0.842262924,2.921283472,-0.745271146
Brazil,Mato Grosso,Stable_Forest,-57.46877707,-12.97153796,2022,1.331117034,593.5,774,1154,2072,2371.5,2536.5,2665.5,2698,2728,2682,4262,4257,117,2091.5,5,211,118,79,0.131236896,0.167810422,-0.400830746
Brazil,Mato Grosso,Stable_Forest,-57.97785234,-12.19054265,2022,49.93279648,338.5,244.5,491,282.5,965.5,2634.5,3262.5,3229.5,3571.5,3313.5,1797.5,896.5,178.5,2525.5,4,29.5,51,25,0.839123011,2.382954637,-0.736056983
Brazil,Mato Grosso,Stable_Forest,-56.85423958,-16.90768604,2022,11.78241539,219.5,234,425.5,359,731,1873,2256,2226,2462.5,2543.5,1583.5,864.5,141.5,2501,4,37,44.5,23.5,0.722243726,1.777418126,-0.679049611
Brazil,Mato Grosso,Stable_Forest,-62.03922557,-14.00873278,2022,55.818371,197,229,362,208.5,685,2313,2928.5,2986.5,3358,3147,1397.5,566.5,58,2687.5,4,21.5,37,23.5,0.86948359,2.754859183,-0.783783793
Brazil,Mato Grosso,Stable_Forest,-58.4376101,-14.29691233,2022,2.221455097,432.5,461,696.5,908.5,1187.5,1536,1662.5,1722,1840.5,1811,2397,1648,95.5,1691.5,5,93,71.5,47.5,0.309256792,0.547221849,-0.424023151
Brazil,Mato Grosso,Stable_Forest,-60.28769043,-14.94280101,2022,158.041702,182,233,440,244,729,2467,3150,3492,3562,3180,1673,705,63,2141,4,25,45,24,0.869379044,2.529989095,-0.776195347
Brazil,Mato Grosso,Stable_Forest,-60.16848399,-13.52516966,2022,309.860535,129,217,390,257,731,2253,2837,2708,3177,2840,1352,564,69,2139,4,27,40,23,0.826644182,2.335620354,-0.748224676
Brazil,Mato Grosso,Stable_Forest,-62.44310812,-13.3560169,2022,67.894058,241.5,261.5,454.5,244,706.5,2159,2743,3302,3045,2913,1448.5,565.5,76,2732.5,4,25,46.5,27,0.862380147,2.72476165,-0.758019447
Brazil,Mato Grosso,Stable_Forest,-58.35550409,-17.51342003,2022,4.115682125,300,313.5,474,397.5,822.5,1818.5,2182.5,2232,2488.5,2617,1720,885,174.5,2420.5,4,41,48.5,32.5,0.697661161,2.023271203,-0.649667382
Brazil,Mato Grosso,Stable_Forest,-60.21097431,-12.53576521,2022,21.61890602,244.5,285.5,469.5,353.5,896,2120,2571,2509,2870.5,2576.5,1927,1005,73,2251,4,36,48.5,30,0.753013074,2.164373933,-0.684740663
Brazil,Mato Grosso,Stable_Forest,-58.4276388,-12.14571671,2022,129.079636,270,246.5,435.5,258.5,821.5,2376,3072,2868.5,3332,3188.5,1501,603,171,2623,4,26.5,44.5,25,0.834665835,2.537182852,-0.73638016
Brazil,Mato Grosso,Stable_Forest,-56.20358982,-13.59182466,2022,27.19380569,459,679,878,1202,1612,2065,2350,2166,2638,2566,3711,2989,63,1897,5,123,90,70,0.286223292,0.562230258,-0.423127472
Brazil,Mato Grosso,Stable_Forest,-57.18113652,-15.70250625,2022,62.116619,192,199.5,353.5,240.5,657,1887.5,2329.5,2362.5,2578.5,2487.5,1594,707.5,64,1991,4,25,36,22,0.815213203,2.29628828,-0.739690721
Brazil,Mato Grosso,Stable_Forest,-57.27599861,-12.11544349,2022,57.907791,215,264,439,264,701,2226,2794,3183,3149,3155,1332,520,63,2093,4,27,45,27,0.846823335,2.617467719,-0.757592499
Brazil,Mato Grosso,Stable_Forest,-56.76871997,-12.27866738,2022,3.335450888,357,390,650,646,1202,3094,3934,4028,4290,3721,2511,1290,63,2366,4,67,66,41,0.723577261,1.697791165,-0.722103477
Brazil,Mato Grosso,Stable_Forest,-59.62167948,-16.66693754,2022,5.113658905,431,504,658,772.5,1080.5,1591,1810.5,1908.5,2103,2056.5,2779.5,1786.5,82,2048,5,79,67.5,52.5,0.423722506,1.027310544,-0.48723942
Brazil,Mato Grosso,Stable_Forest,-57.75695661,-14.43058164,2022,2.299227953,459,623.5,888.5,1114,1506,2018,2294.5,2462,2630.5,2494.5,3659,2503.5,92,2072,5,113.5,91,64,0.376957506,0.753788514,-0.469631404
Brazil,Mato Grosso,Stable_Forest,-55.65157508,-15.4080385,2022,89.73569489,169,187,330,202,619,1671,2071,2066,2354,2389,1312,567,73,1817,4,20,35,20,0.821869493,2.483346656,-0.724540889
Brazil,Mato Grosso,Stable_Forest,-56.23700715,-12.25602983,2022,2.815244913,513,722,1134,1898,2287,2386,2457,2382,2360,2387,4165,3080,63,1949,5,193,116,74,0.113084115,0.144806127,-0.354948819
Brazil,Mato Grosso,Stable_Forest,-58.53453832,-12.53863982,2022,52.44898605,256,279.5,476.5,295,714.5,1903.5,2400.5,2621,2688.5,2658,1205.5,546,161.5,2328,4,30.5,49,28.5,0.79766804,2.532941305,-0.692332506
Brazil,Mato Grosso,Stable_Forest,-58.37814163,-17.68760337,2022,23.95461655,328,357,526,506.5,889.5,1490,1717.5,1825,2021,2014,1942,1127.5,173.5,2404,4,51.5,54,36.5,0.565515757,1.506857143,-0.552530825
Brazil,Mato Grosso,Stable_Forest,-62.72616727,-17.63388411,2022,13.15157986,268.5,306.5,385.5,322.5,617.5,1663.5,2034.5,2038,2297.5,2611.5,1337,692.5,92.5,1546.5,4,33.5,41,32,0.726752818,2.560065662,-0.681865096
Brazil,Mato Grosso,Stable_Forest,-58.55097749,-18.03255643,2022,49.95305634,349.5,380.5,529,456,893,1759,2016.5,2097,2293.5,2239,1878,1015.5,172,2294.5,4,47,54.5,39,0.642773211,2.071708118,-0.597105861
Brazil,Mato Grosso,Stable_Forest,-59.66255283,-13.79816768,2022,6.00544405,664,777,1078,1512,1892,2184,2431,2432,2702,2684,4164,3119,66,1637,5,154,110,80,0.233265713,0.405107882,-0.385754973
Brazil,Mato Grosso,Stable_Forest,-57.85729843,-17.02186191,2022,16.99491119,232,350,502,537,888,1594,1838,1980,2131,2116,1994,1163,120,2623,4,55,52,36,0.573301554,1.399340574,-0.595487535
Brazil,Mato Grosso,Stable_Forest,-62.90304555,-16.11824656,2022,47.78386307,291.5,316,485.5,361.5,800.5,1910.5,2326.5,2534,2682.5,2647.5,1707,858,66,2384.5,4,37.5,50,32.5,0.750302196,2.32701371,-0.678423584
Brazil,Mato Grosso,Stable_Forest,-56.07342394,-14.9815184,2022,63.41113663,259,363,586,693,934,1493,1734,1820,1953,2038,2052,1110,68,1719,4,71,60,38,0.44846797,0.865192692,-0.512884438
Brazil,Mato Grosso,Stable_Forest,-58.51845848,-12.29519638,2022,40.74901581,337,299,481,312,888.5,2220,2723,2711,3058,3088,1590,682,184,2551,4,32.5,48.5,31,0.793582559,2.56139227,-0.698621571
Brazil,Mato Grosso,Stable_Forest,-56.18652183,-15.99257226,2022,18.81369019,187.5,249.5,408.5,298.5,762,1821,2215.5,2257.5,2466,2441.5,1484,685,64,2167,4,30.5,42.5,24,0.766431928,2.248364513,-0.693548381
Brazil,Mato Grosso,Stable_Forest,-56.70359211,-17.08519314,2022,54.09199524,216,242,456,259,777,2013,2435,2647,2621,2598,1422,661,141,2686,4,28,47,25,0.821748078,2.50104734,-0.706090868
Brazil,Mato Grosso,Stable_Forest,-55.65606666,-15.26835047,2022,33.65617752,188,210,389,238,735,1972,2437,2404,2733,2732,1296,550,68,1953,4,26,41,22,0.819833457,2.398139947,-0.721446455
Brazil,Mato Grosso,Stable_Forest,-58.77627497,-15.68975017,2022,1.271942019,577,726,1038,1376,1899,2513,2835,3044,3267,3062,3998,2581,98,2184,5,139,106,75,0.377375573,0.712090164,-0.491425782
Brazil,Mato Grosso,Stable_Forest,-60.00148718,-17.03587563,2022,48.40392303,419,462,607,603,986,1623,1867,2122,2182,2143,2135,1246,81,1917,4,63,62,48,0.557431221,1.668497364,-0.555148423
Brazil,Mato Grosso,Stable_Forest,-56.78866257,-13.21057965,2022,1.171597004,309,451.5,756,554,1254,3145.5,3718,3836,3978.5,3932,2250.5,1094.5,66,2061.5,4,57.5,76.5,46,0.747608185,2.173653884,-0.670731723
Brazil,Mato Grosso,Stable_Forest,-55.54835866,-14.48960095,2022,9.086967468,298.5,381.5,541.5,702,1053.5,1409,1617,1759,1911,2005.5,2512,1584.5,63,1697,5,72.5,55.5,39,0.429500192,0.8494736,-0.5292328
Brazil,Mato Grosso,Stable_Forest,-59.77547106,-16.66343411,2022,0.684651017,448,508,663,631.5,1134.5,1789.5,2068,2369,2419.5,2436,2470,1299,82,2206,4,65,68,53,0.579070151,1.849191145,-0.562664926
Brazil,Mato Grosso,Stable_Forest,-58.74447461,-12.06280221,2022,112.714569,298.5,297.5,540,286,880.5,2421.5,2964,3398,3331.5,3277,1574.5,665.5,157,2593,4,29.5,55.5,30.5,0.844734013,2.697876029,-0.725749135
Brazil,Mato Grosso,Stable_Forest,-59.97444789,-14.13611389,2022,3.975795031,384,499,707,1015.5,1328.5,1709.5,1959,2112,2302.5,2327.5,3209,2003,67.5,1974.5,5,104,72.5,51,0.350599527,0.61414809,-0.498403698
Brazil,Mato Grosso,Stable_Forest,-60.01262629,-16.5144036,2022,14.37120914,484,496,602,626,985,1578,1831,1984,2137,2345,2282,1244,81,2083,4,64,61,51,0.520306528,1.679861455,-0.53441608
Brazil,Mato Grosso,Stable_Forest,-59.83700565,-14.36024355,2022,52.164539,303,288.5,445.5,313.5,650,1962,2584.5,2629,2796.5,3224.5,1146,465,70,2090.5,4,32,46,30,0.786915898,2.466183832,-0.710196793
Brazil,Mato Grosso,Stable_Forest,-61.93699729,-14.64267388,2022,29.163099,279.5,296,488,303.5,818,2215.5,2701.5,2936,3039,3105,1717.5,834,61,2940.5,4,32,49.5,29.5,0.812625408,2.593085106,-0.714953244
Brazil,Mato Grosso,Stable_Forest,-55.61249837,-15.46624933,2022,2.815244913,187.5,274,437,319,860,2691.5,3384.5,3554,3750.5,3806,1686,690.5,88.5,1706,4,32.5,44.5,28,0.835269809,2.368922086,-0.78100729
Brazil,Mato Grosso,Stable_Forest,-56.14358236,-12.27193001,2022,1.680394053,589,888,1230,1726,2017,2116,2296,2422,2501,2514,4341,3423,63,1844,5,176,125,91,0.167791709,0.28436019,-0.326396495
Brazil,Mato Grosso,Stable_Forest,-62.32704579,-13.11149548,2022,29.006701,219,228,396,205,733,2271,2918,2884,3221,3169,1374,533,76,2790,4,21,41,24,0.867270947,2.784823285,-0.758536577
Brazil,Mato Grosso,Stable_Forest,-61.22687906,-13.64599307,2022,40.83721542,186,162.5,279.5,144.5,620,2192,2908,2662.5,3264.5,3428,1263,501,72,2712,4,16,29,17,0.897043109,2.723045312,-0.809993207
Brazil,Mato Grosso,Stable_Forest,-60.4964589,-16.56587707,2022,34.12867355,347.5,394,542.5,516.5,883,1500,1738.5,1949,2036,2046.5,1878,961.5,57,1800.5,4,53,55.5,40.5,0.581018031,1.710243553,-0.564519346
Brazil,Mato Grosso,Stable_Forest,-60.37285072,-16.12597208,2022,1.405938983,354,381.5,615,593,1206,1996.5,2306.5,2429,2652,2673.5,2313,1209,69,1959,4,61,63,39.5,0.607544661,1.467977932,-0.595926404
Brazil,Mato Grosso,Stable_Forest,-59.75157587,-16.7135601,2022,21.08662605,416.5,477,694,798,1264,1844,2082,2145,2388,2222.5,2710,1689,81,2131,4,81.5,70.5,48,0.457696229,1.003277223,-0.511095464
Brazil,Mato Grosso,Stable_Forest,-59.76666757,-16.26323465,2022,154.345474,349,365.5,501,503,875,1612.5,1899.5,2003,2212.5,2326.5,2070,1230.5,83.5,1924,4,51,51.5,38,0.598563433,1.644195988,-0.599840283
Brazil,Mato Grosso,Stable_Forest,-58.87859308,-13.41988711,2022,2.991251945,522,688,1007,1530,1791,1864,2088,2118,2342,2341.5,4120.5,3124,165.5,1988,5,155.5,102.5,70.5,0.161184207,0.23945268,-0.35552001
Brazil,Mato Grosso,Stable_Forest,-56.31084867,-15.6735805,2022,7.122148037,249.5,200,333,212,606.5,1380,1623,1777.5,1814,2224,1414,674.5,64,1888,4,22.5,35,20.5,0.786881149,2.524185747,-0.68443495
Brazil,Mato Grosso,Stable_Forest,-57.51072839,-15.48942587,2022,21.52864456,221,225,438,230.5,669,1839.5,2314.5,2729.5,2564.5,2853.5,1126,493,70,2346.5,4,24,46,22.5,0.844256759,2.575226711,-0.723441184
Brazil,Mato Grosso,Stable_Forest,-56.94865252,-14.52822851,2022,0.970350027,462.5,642,908.5,1314,1674.5,1900.5,2110.5,2263,2474,2529,3671.5,2349,69,1847,5,134,93,65,0.265306115,0.444871554,-0.427084982
Brazil,Mato Grosso,Stable_Forest,-56.81543236,-16.14366889,2022,29.60632515,294,326.5,448,436.5,691.5,1377.5,1677,1874.5,2048,2156,1848.5,969.5,64,2138,4,45,47,34.5,0.622241437,1.757301723,-0.614208817
Brazil,Mato Grosso,Stable_Forest,-58.3498447,-12.30364054,2022,56.52640533,212,186.5,353.5,203,637,1990.5,2529,2597,2820,2868.5,1293.5,546.5,193,2492.5,4,21,35.5,21.5,0.855000019,2.47595408,-0.760379612
Brazil,Mato Grosso,Stable_Forest,-60.48496047,-15.51862111,2022,2.207216978,348.5,507.5,738,817.5,1224,1893,2148.5,2383,2493,2457,2529.5,1455,70,2066,4,83.5,75.5,52,0.489142329,1.123752782,-0.527074635
Brazil,Mato Grosso,Stable_Forest,-59.58916047,-13.40308862,2022,27.91740417,213.5,259.5,535,240.5,1008,3057.5,3641,3726,3985,3734,1473.5,551,111.5,2151.5,4,25,55,27,0.87873441,2.702985653,-0.748885214
Brazil,Mato Grosso,Stable_Forest,-57.92170764,-14.30679379,2022,3.79794693,399,408.5,616,721,1065.5,1521.5,1729,1835,1988.5,2025,2751.5,1643,93.5,1636,4,74,63,42.5,0.435837239,0.898894537,-0.497348011
Brazil,Mato Grosso,Stable_Forest,-57.82136582,-15.43876088,2023,99.87693024,204,230,341.5,227.25,652.5,1899,2469.5,2383.5,2713.25,2552.5,1413.25,605,76,2706.5,4,23.5,35,23,0.825912118,2.664668809,-0.74935782
Brazil,Mato Grosso,Stable_Forest,-58.86700481,-12.17095937,2023,30.46978378,183.5,245.5,458.5,261.5,768,2088,2517,2827,2913,2896.5,1394,580.5,75,2733.5,4,28,47,25,0.830662131,2.509537318,-0.720894814
Brazil,Mato Grosso,Stable_Forest,-59.98190391,-12.13331996,2023,22.66414261,200,235,420.5,242,773,2213,2703,2789,3016.5,2969.5,1480.5,627.5,59,2519,4,25,43.5,24.5,0.840316713,2.568058076,-0.737965405
Brazil,Mato Grosso,Stable_Forest,-60.05691324,-12.43793868,2023,23.31578255,225,250,431,261,818,2206,2685,2852,2972,2911,1471,613,61,2373,4,27,44,26,0.832316101,2.546187107,-0.737435281
Brazil,Mato Grosso,Stable_Forest,-59.20324422,-17.93104681,2023,4.50906992,192,229,369,227,648,2419,3095,3183,3444,3213,1530,658,64,2135,4,24,39,23,0.866862178,2.61269224,-0.792229712
Brazil,Mato Grosso,Stable_Forest,-59.80511546,-15.85171642,2023,0.428140998,325,370,569.5,546.5,991.5,1658.5,1930.5,2300,2316,2275.5,2361,1304,110,2635.5,4,56,58.5,38,0.616019666,1.562834225,-0.603066742
Brazil,Mato Grosso,Stable_Forest,-61.32811919,-13.8272731,2023,10.86469078,197,214,414,223,688.5,2192,2869,2981.5,3180,3156.5,1347,525,58,2914,4,23.5,42.5,22.5,0.860820711,2.539587553,-0.756147861
Brazil,Mato Grosso,Stable_Forest,-62.61612365,-13.57188206,2023,31.70616341,171,180,246,162,586,1810,2378,1886,2744,2605,1253,513,64,3004,4,17,25,19,0.841796875,2.856196156,-0.769230783
Brazil,Mato Grosso,Stable_Forest,-55.98233477,-17.78794518,2023,0.464251995,341,606.5,809.5,950,1201,1895,2209,2459,2583.5,2588.5,2813,1815,71,2240.5,4,96.5,83,61.5,0.442651808,1.044652129,-0.504665732
Brazil,Mato Grosso,Stable_Forest,-59.25292106,-17.23602027,2023,108.1933899,283,256,408,309,775,1900,2234,2387,2547,2567,1803,924,75,2570,4,32,42,27,0.770771503,2.237295435,-0.708050072
Brazil,Mato Grosso,Stable_Forest,-56.37193411,-13.50432875,2023,1.630395055,306.5,479.5,799,972,1538,2187.5,2507.5,2799,2908,3001.5,3112.5,1937.5,60,2061,4,99,81.5,49.5,0.484486878,0.907014844,-0.555864394
Brazil,Mato Grosso,Stable_Forest,-59.56751107,-15.16513405,2023,1.453466058,366,382.5,555.5,594.5,1074.5,1587.5,1808.5,1997,2145,2018.5,2619,1678.5,84,2634.5,4,61,56.5,39,0.541192353,1.300417246,-0.564740479
Brazil,Mato Grosso,Stable_Forest,-61.30727828,-13.87982454,2023,43.84572601,207.5,190,313,187.5,586.5,1816,2387.5,2347.5,2736.5,3099.5,1313.5,536,58,2901,4,19.5,32,20.5,0.852070987,2.636075177,-0.764705896
Brazil,Mato Grosso,Stable_Forest,-60.21429807,-16.64367117,2023,61.92679977,220,310,444,331,669,1757,2140,2404,2400,2383,1621,801,58,2766,4,34,46,32,0.757952452,2.508470474,-0.688202262
Brazil,Mato Grosso,Stable_Forest,-58.81580084,-12.18389511,2023,37.856419,235,238,394,249,794,2107,2678,2651,2952,2935,1522,639,70,2807,4,25,40,24,0.828275859,2.543413808,-0.74121511
Brazil,Mato Grosso,Stable_Forest,-55.8180329,-17.10998664,2023,3.287720919,420,673.5,1005.5,1234,1523,2198.5,2517.5,2886,2956.5,2777,2888.5,1993,68,2187,5,126,102.5,69,0.400970876,0.788205544,-0.483232677
Brazil,Mato Grosso,Stable_Forest,-55.87229115,-17.86573929,2023,9.960055351,294,357,516,554,940,1415,1623,1914,1901,1906,2094,1380,70,2172,4,57,53,37,0.551053464,1.327347257,-0.575308621
Brazil,Mato Grosso,Stable_Forest,-60.57101907,-15.33814957,2023,7.602441788,183,276,442,325,790,1742,2104,2192,2388,2315.5,1601,712.5,64,2785,4,33,44.5,28,0.741756082,2.251567776,-0.664388776
Brazil,Mato Grosso,Stable_Forest,-58.46617653,-14.83868627,2023,1.11609304,278,391,575,568,916,1644,1937,2164,2222,2214,2312,1353,67,2035,4,58,59,40,0.584187388,1.511077447,-0.580138743
Brazil,Mato Grosso,Stable_Forest,-59.72597388,-12.93650366,2023,116.055946,185,210,387,200.5,657,1931.75,2434,2662.5,2700.25,2714,1247.5,511.5,70,2404.5,4,21,39.5,22,0.859937131,2.686013528,-0.746187925
Brazil,Mato Grosso,Stable_Forest,-60.84096282,-16.80797304,2023,82.72797394,297,378,494,495,869,1673,1962,2050,2207,2340,2058,1215,62,2612,4,51,51,39,0.611001968,1.778362306,-0.611635208
Brazil,Mato Grosso,Stable_Forest,-56.43840944,-16.02239632,2023,22.31293488,293,346,476,518,958,1576,1868,1871,2192,2385,2123,1185,65,2383,4,53,48,36,0.566345751,1.418238994,-0.594375789
Brazil,Mato Grosso,Stable_Forest,-59.82119531,-15.49885818,2023,1.271942019,245.5,351,536,558.5,946.5,1554,1792,1948,2032,2103.5,1516,884.5,122,2721,4,58,55,36,0.554358661,1.302249297,-0.568437994
Brazil,Mato Grosso,Stable_Forest,-60.24663742,-15.25065366,2023,1.331117034,470,586,812,1192,1462,1586,1726,1732,1954,1957,3673,2842,64,2584,5,122,83,60,0.184678525,0.300668151,-0.361635208
Singapore,Ang Mo Kio-cheng San,Stable_Forest,103.6476624,-2.249785713,2019,105.618408,342.5,372.5,476.5,295.5,761,2597,3231.5,3258,3608,3760.5,1559,657.5,302.5,3616,4,30.5,49,38,0.8336851,3.308946722,-0.744811893
Singapore,Ang Mo Kio-cheng San,Stable_Forest,103.9015263,-2.383275365,2019,141.7488098,362,387,636,401,1061,3095,3827,3868,4156,4108,2435,1102,228,3845,4,41,65,40,0.812133968,2.57005189,-0.717584372
Singapore,Ang Mo Kio-cheng San,Stable_Forest,104.1835075,-0.406532582,2021,10.46526527,693,781,813,344,323,260,259,193,220,171,128,93,204,4583,6,35,83,82,-0.281191796,0.104875677,0.616302192
Indonesia,Kalimantan Barat,Deforestation_Hotspot,115.8682537,-2.459183006,2023,99.13504028,232,276,538,273,794,2318,2966,3408,3495,3618,1288,550,205,2787,4,28,55,28,0.851670742,2.63268391,-0.727318823
Indonesia,Kalimantan Barat,Deforestation_Hotspot,115.603071,-2.46825599,2023,30.7158947,340,313,505,327,919,2751,3297,3395,3718,3365,1940,903,238,3709,4,34,51,32,0.824288011,2.547749543,-0.741025627
Indonesia,Kalimantan Barat,Deforestation_Hotspot,114.9778436,-3.045064234,2023,30.36935234,300,310,500,371,1035,2353,2914,3046,3289,3433,2469,1384,209,3539,4,39,51,34,0.782850444,2.26848711,-0.717992127
Indonesia,Kalimantan Barat,Deforestation_Hotspot,115.5313855,-2.342941008,2023,36.84199524,454,462,586,410,890,2172,2526,2709,2819,2830,1825,855,240,3346,4,43,60,49,0.737095237,3.370967742,-0.64430958
Ghana,Ashanti,Deforestation_Hotspot,-3.54794113,9.197625615,2021,53.69309616,319,411,754,499,1129.5,2499.5,2876,2898,3128,3222.5,2119,1110.5,262.5,3827,4,51.5,76.5,41.5,0.706211388,2.133961928,-0.587075591
Ghana,Ashanti,Deforestation_Hotspot,-4.248447389,9.817463161,2021,32.90729523,255,279,703,358,1153,3012,3502,3380,3757,3798,2162,1040,254,4133,4,37,72,29,0.808453739,2.198457733,-0.65564537
Ghana,Ashanti,Deforestation_Hotspot,-3.474638603,9.300572547,2021,3.891949892,315.5,480,837.5,647,1295,2741,3102.5,3042,3321,3209,2260.5,1355.5,257,3757,4,67,86,47,0.64922744,1.80075188,-0.568243325
Ghana,Ashanti,Deforestation_Hotspot,-3.923077593,9.750269178,2021,19.03815651,444,534,840,640,1433,3269,3812.5,3750,4205.5,4066,2573,1418,293.5,3732.5,4,65.5,86,55,0.708428264,2.168153932,-0.63398695
Ghana,Ashanti,Deforestation_Hotspot,-2.009396543,9.857707686,2021,23.46020508,334,539,908,943,1441,2530,2893,2735,3101,3169,2635,1815,263,3420,4,96,93,55,0.48722133,1.029530047,-0.501509726
Ghana,Ashanti,Deforestation_Hotspot,-4.541837161,9.305692944,2021,2.299227953,367.5,417.5,836.5,652,1514,2959,3286,3362,3637.5,3534.5,2723,1576.5,238.5,3803.5,4,67,85.5,43,0.675137043,1.634992459,-0.601524353
Ghana,Ashanti,Deforestation_Hotspot,-2.071020972,8.913757985,2021,1.391625047,417,488.5,755,718.5,1286.5,2376.5,2706,2838,2961,3088,2504,1844,202,4210.5,4,73.5,77,50,0.59595108,1.519899606,-0.579738379
Ghana,Ashanti,Deforestation_Hotspot,-2.055749612,9.921308408,2021,1.271942019,329,517,827,773,1244,2648,3169,2872,3385,3370,2325,1490,254,3666,4,79,84,54,0.575857341,1.444199807,-0.552852094
Ghana,Ashanti,Deforestation_Hotspot,-2.068236194,8.8035347,2021,14.81869602,375.5,471,739.5,715.5,1186.5,2369.5,2758.5,2853,3043,3002,2296,1504.5,192.5,4171,4,73.5,75.5,48.5,0.598991156,1.478420252,-0.58830899
Ghana,Ashanti,Deforestation_Hotspot,-3.648911768,9.419150164,2021,5.303269863,366.5,430,751.5,606,1072,2098.5,2395.5,2089,2516,2645.5,1771,1033.5,260.5,3777,3.5,62,77,43,0.550278306,1.482407037,-0.470867813
Ghana,Ashanti,Deforestation_Hotspot,-6.896501183,9.875404497,2021,23.50884247,312,417,751,732,1248,2440,2856,2752,3122,3074,2279,1303,303,3294,4,75,77,43,0.579793334,1.257000622,-0.571224689
Ghana,Ashanti,Deforestation_Hotspot,-2.079465135,9.317460874,2021,75.06074524,217,328,628,450,948,2589,3146,3032,3427,3423,1696,887,246,3639,4,46,64,34,0.741527855,1.972196761,-0.656830609
Ghana,Ashanti,Deforestation_Hotspot,-3.356959301,9.922116892,2021,14.09364319,338,416,740,687,1221,2530,2915,2830,3286,3216,2515,1514,291,3876,4,69,78,42,0.609326124,1.397730237,-0.585434198
Ghana,Ashanti,Deforestation_Hotspot,-3.930443778,9.779733919,2021,2.750601053,322,475.5,918,761,1468,3191.5,3550.5,3562,3887.5,3865.5,2535.5,1427,293.5,3648,4,77.5,93.5,49,0.647929668,1.534710427,-0.590178549
Ghana,Ashanti,Deforestation_Hotspot,-3.507157616,9.05272736,2021,4.599506855,279.5,387.5,770,460.5,1117.5,2694.5,3131.5,3112,3389,3220,1967.5,1043.5,269.5,4108,4,48,79.5,39,0.742197335,2.232090243,-0.603297293
